Date,Open,High,Low,Close,Adj Close,Volume,Dividends,Stock Splits,daily_return
2015-01-02 00:00:00-05:00,27.84749984741211,27.860000610351562,26.837499618530273,27.332500457763672,24.171754837036133,212818400,0.0,0.0,
2015-01-05 00:00:00-05:00,27.072500228881836,27.162500381469727,26.352500915527344,26.5625,23.490798950195312,257142000,0.0,0.0,-0.028171553593512977
2015-01-06 00:00:00-05:00,26.635000228881836,26.857500076293945,26.157499313354492,26.565000534057617,23.493013381958008,263188400,0.0,0.0,9.426804798717825e-05
2015-01-07 00:00:00-05:00,26.799999237060547,27.049999237060547,26.674999237060547,26.9375,23.822429656982422,160423600,0.0,0.0,0.01402188257711523
2015-01-08 00:00:00-05:00,27.3075008392334,28.037500381469727,27.174999237060547,27.97249984741211,24.737756729125977,237458000,0.0,0.0,0.038422910060950555
2015-01-09 00:00:00-05:00,28.167499542236328,28.3125,27.552499771118164,28.002500534057617,24.764284133911133,214798000,0.0,0.0,0.0010723447997176283
2015-01-12 00:00:00-05:00,28.149999618530273,28.157499313354492,27.200000762939453,27.3125,24.15406608581543,198603200,0.0,0.0,-0.024641053413698155
2015-01-13 00:00:00-05:00,27.857500076293945,28.200000762939453,27.227500915527344,27.55500030517578,24.368534088134766,268367600,0.0,0.0,0.00887916765472796
2015-01-14 00:00:00-05:00,27.260000228881836,27.622499465942383,27.125,27.450000762939453,24.275665283203125,195826400,0.0,0.0,-0.003811013194136237
2015-01-15 00:00:00-05:00,27.5,27.514999389648438,26.665000915527344,26.704999923706055,23.616823196411133,240056000,0.0,0.0,-0.02714002187399822
2015-01-16 00:00:00-05:00,26.75749969482422,26.895000457763672,26.299999237060547,26.497499465942383,23.433320999145508,314053200,0.0,0.0,-0.00776997802538959
2015-01-20 00:00:00-05:00,26.959999084472656,27.24250030517578,26.625,27.18000030517578,24.036882400512695,199599600,0.0,0.0,0.025756545621049565
2015-01-21 00:00:00-05:00,27.237499237060547,27.764999389648438,27.0674991607666,27.387500762939453,24.22039794921875,194303600,0.0,0.0,0.00763474836912037
2015-01-22 00:00:00-05:00,27.565000534057617,28.11750030517578,27.43000030517578,28.100000381469727,24.850502014160156,215185600,0.0,0.0,0.026015429897663145
2015-01-23 00:00:00-05:00,28.075000762939453,28.4375,27.88249969482422,28.2450008392334,24.978736877441406,185859200,0.0,0.0,0.005160252425008505
2015-01-26 00:00:00-05:00,28.434999465942383,28.59000015258789,28.200000762939453,28.274999618530273,25.005264282226562,222460000,0.0,0.0,0.0010619994483833661
2015-01-27 00:00:00-05:00,28.104999542236328,28.1200008392334,27.25749969482422,27.28499984741211,24.129749298095703,382274800,0.0,0.0,-0.035013226584978185
2015-01-28 00:00:00-05:00,29.407499313354492,29.530000686645508,28.827499389648438,28.827499389648438,25.493877410888672,585908400,0.0,0.0,0.0565330412653986
2015-01-29 00:00:00-05:00,29.079999923706055,29.797500610351562,28.889999389648438,29.725000381469727,26.28758430480957,337745600,0.0,0.0,0.031133235683556748
2015-01-30 00:00:00-05:00,29.600000381469727,30.0,29.212499618530273,29.290000915527344,25.902894973754883,334982000,0.0,0.0,-0.014633879119288484
2015-02-02 00:00:00-05:00,29.512500762939453,29.792499542236328,29.020000457763672,29.657499313354492,26.227895736694336,250956400,0.0,0.0,0.012546889576193987
2015-02-03 00:00:00-05:00,29.625,29.772499084472656,29.40250015258789,29.662500381469727,26.232322692871094,207662800,0.0,0.0,0.00016878808049258787
2015-02-04 00:00:00-05:00,29.625,30.127500534057617,29.577499389648438,29.889999389648438,26.433504104614258,280598800,0.0,0.0,0.0076692183951303505
2015-02-05 00:00:00-05:00,30.0049991607666,30.0575008392334,29.8125,29.985000610351562,26.622175216674805,168984800,0.1175,0.0,0.007137574773055322
2015-02-06 00:00:00-05:00,30.0049991607666,30.0625,29.612499237060547,29.732500076293945,26.397993087768555,174826400,0.0,0.0,-0.008420879476664034
2015-02-09 00:00:00-05:00,29.637500762939453,29.959999084472656,29.607500076293945,29.93000030517578,26.573347091674805,155559200,0.0,0.0,0.006642702091906427
2015-02-10 00:00:00-05:00,30.042499542236328,30.537500381469727,30.040000915527344,30.5049991607666,27.08385467529297,248034000,0.0,0.0,0.01921126389750505
2015-02-11 00:00:00-05:00,30.6924991607666,31.229999542236328,30.625,31.219999313354492,27.718664169311523,294247200,0.0,0.0,0.023438668595340495
2015-02-12 00:00:00-05:00,31.514999389648438,31.8700008392334,31.392499923706055,31.614999771118164,28.069372177124023,297898000,0.0,0.0,0.012652413755233738
2015-02-13 00:00:00-05:00,31.81999969482422,31.81999969482422,31.412500381469727,31.770000457763672,28.206987380981445,217088800,0.0,0.0,0.0049026819334980765
2015-02-17 00:00:00-05:00,31.872499465942383,32.220001220703125,31.729999542236328,31.957500457763672,28.37345314025879,252609600,0.0,0.0,0.005901578819068831
2015-02-18 00:00:00-05:00,31.907499313354492,32.19499969482422,31.862499237060547,32.18000030517578,28.571008682250977,179566800,0.0,0.0,0.006962689420128454
2015-02-19 00:00:00-05:00,32.119998931884766,32.25749969482422,32.08250045776367,32.11249923706055,28.511075973510742,149449600,0.0,0.0,-0.002097675633603635
2015-02-20 00:00:00-05:00,32.154998779296875,32.375,32.01250076293945,32.375,28.744140625,195793600,0.0,0.0,0.008174530196818797
2015-02-23 00:00:00-05:00,32.505001068115234,33.25,32.415000915527344,33.25,29.52100372314453,283896400,0.0,0.0,0.027026833338995804
2015-02-24 00:00:00-05:00,33.23500061035156,33.400001525878906,32.79249954223633,33.04249954223633,29.336767196655273,276912400,0.0,0.0,-0.006240862547123194
2015-02-25 00:00:00-05:00,32.88999938964844,32.900001525878906,32.037498474121094,32.1974983215332,28.586536407470703,298846800,0.0,0.0,-0.025573055959284607
2015-02-26 00:00:00-05:00,32.1974983215332,32.717498779296875,31.65250015258789,32.60499954223633,28.948339462280273,365150000,0.0,0.0,0.012656414532087767
2015-02-27 00:00:00-05:00,32.5,32.64250183105469,32.060001373291016,32.1150016784668,28.513290405273438,248059200,0.0,0.0,-0.015028463293160765
2015-03-02 00:00:00-05:00,32.3125,32.56999969482422,32.07500076293945,32.272499084472656,28.65312385559082,192386800,0.0,0.0,0.004904149900971211
2015-03-03 00:00:00-05:00,32.2400016784668,32.380001068115234,32.022499084472656,32.34000015258789,28.713056564331055,151265200,0.0,0.0,0.002091664037830121
2015-03-04 00:00:00-05:00,32.275001525878906,32.38999938964844,32.08000183105469,32.1349983215332,28.53105354309082,126665200,0.0,0.0,-0.006338685010161105
2015-03-05 00:00:00-05:00,32.14500045776367,32.1875,31.440000534057617,31.602500915527344,28.05826759338379,226068400,0.0,0.0,-0.0165709250446352
2015-03-06 00:00:00-05:00,32.099998474121094,32.342498779296875,31.565000534057617,31.649999618530273,28.100440979003906,291368400,0.0,0.0,0.001503064488203254
2015-03-09 00:00:00-04:00,31.989999771118164,32.39250183105469,31.264999389648438,31.78499984741211,28.220304489135742,354114000,0.0,0.0,0.004265538402809854
2015-03-10 00:00:00-04:00,31.602500915527344,31.80500030517578,30.950000762939453,31.127500534057617,27.636547088623047,275426400,0.0,0.0,-0.020685722960127162
2015-03-11 00:00:00-04:00,31.1875,31.1924991607666,30.52750015258789,30.559999465942383,27.132686614990234,275756000,0.0,0.0,-0.01823167243060675
2015-03-12 00:00:00-04:00,30.577499389648438,31.225000381469727,30.407499313354492,31.112499237060547,27.62322235107422,193450800,0.0,0.0,0.018079143545371323
2015-03-13 00:00:00-04:00,31.100000381469727,31.350000381469727,30.645000457763672,30.897499084472656,27.43233871459961,207309200,0.0,0.0,-0.006910259565252597
2015-03-16 00:00:00-04:00,30.969999313354492,31.237499237060547,30.717500686645508,31.237499237060547,27.734207153320312,143497200,0.0,0.0,0.011004108758690956
2015-03-17 00:00:00-04:00,31.475000381469727,31.829999923706055,31.412500381469727,31.760000228881836,28.198104858398438,204092400,0.0,0.0,0.016726553692831603
2015-03-18 00:00:00-04:00,31.75,32.290000915527344,31.592500686645508,32.11750030517578,28.515514373779297,261083600,0.0,0.0,0.011256413045301672
2015-03-19 00:00:00-04:00,32.1875,32.3125,31.850000381469727,31.875,28.300209045410156,183238000,0.0,0.0,-0.007550462725200546
2015-03-20 00:00:00-04:00,32.0625,32.099998474121094,31.290000915527344,31.475000381469727,27.945077896118164,274780400,0.0,0.0,-0.012548711167544857
2015-03-23 00:00:00-04:00,31.780000686645508,31.962499618530273,31.6299991607666,31.802499771118164,28.235836029052734,150838800,0.0,0.0,0.010404627749309725
2015-03-24 00:00:00-04:00,31.8075008392334,32.0099983215332,31.639999389648438,31.672500610351562,28.12041664123535,131369200,0.0,0.0,-0.004087691531379667
2015-03-25 00:00:00-04:00,31.635000228881836,31.704999923706055,30.844999313354492,30.844999313354492,27.38572883605957,206620800,0.0,0.0,-0.02612649074688478
2015-03-26 00:00:00-04:00,30.690000534057617,31.219999313354492,30.649999618530273,31.059999465942383,27.57660675048828,190291600,0.0,0.0,0.006969977522649495
2015-03-27 00:00:00-04:00,31.142499923706055,31.174999237060547,30.727500915527344,30.8125,27.35686683654785,158184800,0.0,0.0,-0.007968344906558844
2015-03-30 00:00:00-04:00,31.012500762939453,31.600000381469727,31.0,31.592500686645508,28.04939842224121,188398800,0.0,0.0,0.025314725908895497
2015-03-31 00:00:00-04:00,31.522499084472656,31.622499465942383,31.09000015258789,31.107500076293945,27.618783950805664,168362400,0.0,0.0,-0.015352003809611103
2015-04-01 00:00:00-04:00,31.204999923706055,31.280000686645508,30.774999618530273,31.0625,27.578832626342773,162485600,0.0,0.0,-0.0014465272813622976
2015-04-02 00:00:00-04:00,31.25749969482422,31.389999389648438,31.047500610351562,31.329999923706055,27.81633186340332,128880400,0.0,0.0,0.008611649386264908
2015-04-06 00:00:00-04:00,31.11750030517578,31.877500534057617,31.082500457763672,31.837499618530273,28.266921997070312,148776000,0.0,0.0,0.01619876178784785
2015-04-07 00:00:00-04:00,31.90999984741211,32.029998779296875,31.4950008392334,31.502500534057617,27.969491958618164,140049200,0.0,0.0,-0.010522194050097688
2015-04-08 00:00:00-04:00,31.462499618530273,31.600000381469727,31.24250030517578,31.399999618530273,27.87848472595215,149316800,0.0,0.0,-0.0032538035657088127
2015-04-09 00:00:00-04:00,31.462499618530273,31.645000457763672,31.165000915527344,31.639999389648438,28.091564178466797,129936000,0.0,0.0,0.007643150429775369
2015-04-10 00:00:00-04:00,31.487499237060547,31.802499771118164,31.315000534057617,31.774999618530273,28.211427688598633,160752000,0.0,0.0,0.004266886292637162
2015-04-13 00:00:00-04:00,32.092498779296875,32.14250183105469,31.65250015258789,31.712499618530273,28.155935287475586,145460400,0.0,0.0,-0.001967018533609144
2015-04-14 00:00:00-04:00,31.75,31.822500228881836,31.477500915527344,31.575000762939453,28.03386116027832,102098400,0.0,0.0,-0.004335644543534967
2015-04-15 00:00:00-04:00,31.602500915527344,31.782499313354492,31.502500534057617,31.69499969482422,28.140396118164062,115881600,0.0,0.0,0.0038002242101666805
2015-04-16 00:00:00-04:00,31.56999969482422,31.774999618530273,31.52750015258789,31.542499542236328,28.0049991607666,113476000,0.0,0.0,-0.0048114801521953465
2015-04-17 00:00:00-04:00,31.387500762939453,31.53499984741211,31.114999771118164,31.1875,27.689817428588867,207828000,0.0,0.0,-0.011254481043487585
2015-04-20 00:00:00-04:00,31.392499923706055,32.029998779296875,31.292499542236328,31.899999618530273,28.322410583496094,188217200,0.0,0.0,0.022845696131390758
2015-04-21 00:00:00-04:00,32.025001525878906,32.04999923706055,31.667499542236328,31.727500915527344,28.169254302978516,129740400,0.0,0.0,-0.005407600460633932
2015-04-22 00:00:00-04:00,31.747499465942383,32.217498779296875,31.579999923706055,32.154998779296875,28.548810958862305,150618000,0.0,0.0,0.013474146379645502
2015-04-23 00:00:00-04:00,32.07500076293945,32.60499954223633,32.03499984741211,32.41749954223633,28.78186798095703,183083600,0.0,0.0,0.00816345810095398
2015-04-24 00:00:00-04:00,32.622501373291016,32.657501220703125,32.307498931884766,32.56999969482422,28.917268753051758,178103600,0.0,0.0,0.0047043774985109366
2015-04-27 00:00:00-04:00,33.07749938964844,33.282501220703125,32.787498474121094,33.162498474121094,29.443317413330078,387816800,0.0,0.0,0.018191505732117363
2015-04-28 00:00:00-04:00,33.6150016784668,33.6349983215332,32.39250183105469,32.63999938964844,28.97941780090332,475696000,0.0,0.0,-0.01575568424965368
2015-04-29 00:00:00-04:00,32.540000915527344,32.897499084472656,32.07500076293945,32.15999984741211,28.553239822387695,253544400,0.0,0.0,-0.01470622982986014
2015-04-30 00:00:00-04:00,32.15999984741211,32.15999984741211,31.145000457763672,31.287500381469727,27.778600692749023,332781600,0.0,0.0,-0.02712964043510402
2015-05-01 00:00:00-04:00,31.524999618530273,32.532501220703125,31.325000762939453,32.23749923706055,28.622051239013672,234050400,0.0,0.0,0.03036332015402099
2015-05-04 00:00:00-04:00,32.375,32.64250183105469,32.064998626708984,32.17499923706055,28.566566467285156,203953200,0.0,0.0,-0.001938532331773879
2015-05-05 00:00:00-04:00,32.037498474121094,32.11249923706055,31.44499969482422,31.450000762939453,27.92287826538086,197085600,0.0,0.0,-0.022532921576047915
2015-05-06 00:00:00-04:00,31.639999389648438,31.6875,30.84000015258789,31.252500534057617,27.747526168823242,288564000,0.0,0.0,-0.006279871827361783
2015-05-07 00:00:00-04:00,31.1924991607666,31.520000457763672,31.0049991607666,31.315000534057617,27.919153213500977,175763600,0.13,0.0,0.006185309769004554
2015-05-08 00:00:00-04:00,31.670000076293945,31.905000686645508,31.52750015258789,31.905000686645508,28.44516944885254,222201600,0.0,0.0,0.018840694462652685
2015-05-11 00:00:00-04:00,31.84749984741211,31.889999389648438,31.407499313354492,31.579999923706055,28.155406951904297,168143200,0.0,0.0,-0.010186703140203313
2015-05-12 00:00:00-04:00,31.399999618530273,31.719999313354492,31.204999923706055,31.467500686645508,28.05512237548828,192640000,0.0,0.0,-0.003561823012799059
2015-05-13 00:00:00-04:00,31.537500381469727,31.797500610351562,31.467500686645508,31.502500534057617,28.08631706237793,138776800,0.0,0.0,0.0011119069976648355
2015-05-14 00:00:00-04:00,31.852500915527344,32.23749923706055,31.790000915527344,32.23749923706055,28.74161148071289,180814000,0.0,0.0,0.023331447013134277
2015-05-15 00:00:00-04:00,32.26750183105469,32.372501373291016,32.0525016784668,32.192501068115234,28.701492309570312,152832000,0.0,0.0,-0.0013958567065559535
2015-05-18 00:00:00-04:00,32.095001220703125,32.68000030517578,32.09000015258789,32.54750061035156,29.017993927001953,203531600,0.0,0.0,0.01102735753311701
2015-05-19 00:00:00-04:00,32.67250061035156,32.720001220703125,32.40999984741211,32.51750183105469,28.991249084472656,178532800,0.0,0.0,-0.000921664074938322
2015-05-20 00:00:00-04:00,32.5,32.744998931884766,32.334999084472656,32.51499938964844,28.989023208618164,145819600,0.0,0.0,-7.67775078612809e-05
2015-05-21 00:00:00-04:00,32.51750183105469,32.907501220703125,32.45750045776367,32.84749984741211,29.28546142578125,158921600,0.0,0.0,0.010225878085983853
2015-05-22 00:00:00-04:00,32.900001525878906,33.24250030517578,32.849998474121094,33.1349983215332,29.54178237915039,182384000,0.0,0.0,0.008752498369156259
2015-05-26 00:00:00-04:00,33.150001525878906,33.227500915527344,32.279998779296875,32.404998779296875,28.890953063964844,282790400,0.0,0.0,-0.022030807309882605
2015-05-27 00:00:00-04:00,32.584999084472656,33.064998626708984,32.51250076293945,33.0099983215332,29.430343627929688,183332800,0.0,0.0,0.018669877825443493
2015-05-28 00:00:00-04:00,32.96500015258789,32.98749923706055,32.775001525878906,32.94499969482422,29.372398376464844,122933200,0.0,0.0,-0.0019688948317223565
2015-05-29 00:00:00-04:00,32.807498931884766,32.86249923706055,32.474998474121094,32.56999969482422,29.038057327270508,203538000,0.0,0.0,-0.011382831082062173
2015-06-01 00:00:00-04:00,32.56999969482422,32.84749984741211,32.51250076293945,32.6349983215332,29.096004486083984,128451200,0.0,0.0,0.001995559074781994
2015-06-02 00:00:00-04:00,32.46500015258789,32.665000915527344,32.33000183105469,32.4900016784668,28.966733932495117,134670400,0.0,0.0,-0.004442897087491682
2015-06-03 00:00:00-04:00,32.665000915527344,32.73500061035156,32.474998474121094,32.529998779296875,29.002391815185547,123934000,0.0,0.0,0.0012309942423445186
2015-06-04 00:00:00-04:00,32.39500045776367,32.64500045776367,32.227500915527344,32.34000015258789,28.832988739013672,153800400,0.0,0.0,-0.005841003640367881
2015-06-05 00:00:00-04:00,32.375,32.42250061035156,32.09000015258789,32.162498474121094,28.67475128173828,142507200,0.0,0.0,-0.00548806988785322
2015-06-08 00:00:00-04:00,32.224998474121094,32.3025016784668,31.707500457763672,31.950000762939453,28.485294342041016,210699200,0.0,0.0,-0.006607099668826888
2015-06-09 00:00:00-04:00,31.674999237060547,32.02000045776367,31.405000686645508,31.854999542236328,28.400596618652344,224301600,0.0,0.0,-0.002973384174011051
2015-06-10 00:00:00-04:00,31.979999542236328,32.334999084472656,31.962499618530273,32.220001220703125,28.72600746154785,156349200,0.0,0.0,0.011457887567115188
2015-06-11 00:00:00-04:00,32.29499816894531,32.54499816894531,32.119998931884766,32.147499084472656,28.661376953125,141563600,0.0,0.0,-0.0022498952737990408
2015-06-12 00:00:00-04:00,32.04750061035156,32.08250045776367,31.77750015258789,31.792499542236328,28.344867706298828,147544800,0.0,0.0,-0.011043057957187963
2015-06-15 00:00:00-04:00,31.524999618530273,31.809999465942383,31.427499771118164,31.729999542236328,28.289148330688477,175955600,0.0,0.0,-0.0019657659435105
2015-06-16 00:00:00-04:00,31.75749969482422,31.962499618530273,31.592500686645508,31.899999618530273,28.44071388244629,125976400,0.0,0.0,0.0053577276341469915
2015-06-17 00:00:00-04:00,31.93000030517578,31.969999313354492,31.684999465942383,31.825000762939453,28.373849868774414,131672400,0.0,0.0,-0.002350996319861798
2015-06-18 00:00:00-04:00,31.8075008392334,32.07749938964844,31.80500030517578,31.969999313354492,28.503122329711914,141628800,0.0,0.0,0.004556042325428944
2015-06-19 00:00:00-04:00,31.927499771118164,31.954999923706055,31.600000381469727,31.649999618530273,28.217824935913086,218867600,0.0,0.0,-0.010009338292788716
2015-06-22 00:00:00-04:00,31.872499465942383,32.01499938964844,31.770000457763672,31.90250015258789,28.442935943603516,136157200,0.0,0.0,0.007977617275664928
2015-06-23 00:00:00-04:00,31.8700008392334,31.90250015258789,31.719999313354492,31.75749969482422,28.31366539001465,121075600,0.0,0.0,-0.00454490893082149
2015-06-24 00:00:00-04:00,31.802499771118164,32.45000076293945,31.780000686645508,32.02750015258789,28.55437660217285,221123600,0.0,0.0,0.008501591328514246
2015-06-25 00:00:00-04:00,32.21500015258789,32.29999923706055,31.875,31.875,28.41842269897461,127752400,0.0,0.0,-0.004761228203031265
2015-06-26 00:00:00-04:00,31.917499542236328,31.997499465942383,31.627500534057617,31.6875,28.25126075744629,176267200,0.0,0.0,-0.005882168173054536
2015-06-29 00:00:00-04:00,31.364999771118164,31.61750030517578,31.1200008392334,31.13249969482422,27.756431579589844,196645600,0.0,0.0,-0.017515295409463172
2015-06-30 00:00:00-04:00,31.392499923706055,31.530000686645508,31.21500015258789,31.357500076293945,27.957035064697266,177482800,0.0,0.0,0.007227279361621264
2015-07-01 00:00:00-04:00,31.725000381469727,31.735000610351562,31.497499465942383,31.649999618530273,28.217824935913086,120955200,0.0,0.0,0.009328237798189587
2015-07-02 00:00:00-04:00,31.607500076293945,31.672500610351562,31.4424991607666,31.610000610351562,28.182151794433594,108844000,0.0,0.0,-0.0012642059251736226
2015-07-06 00:00:00-04:00,31.235000610351562,31.5575008392334,31.212499618530273,31.5,28.084089279174805,112241600,0.0,0.0,-0.003479596447215183
2015-07-07 00:00:00-04:00,31.47249984741211,31.537500381469727,30.9424991607666,31.422500610351562,28.014995574951172,187787200,0.0,0.0,-0.0024602437179569447
2015-07-08 00:00:00-04:00,31.1200008392334,31.15999984741211,30.635000228881836,30.642499923706055,27.319583892822266,243046400,0.0,0.0,-0.02482283747889258
2015-07-09 00:00:00-04:00,30.962499618530273,31.014999389648438,29.80500030517578,30.017499923706055,26.76235580444336,314380000,0.0,0.0,-0.020396653571480905
2015-07-10 00:00:00-04:00,30.485000610351562,30.962499618530273,30.302499771118164,30.81999969482422,27.477827072143555,245418000,0.0,0.0,0.02673424092139931
2015-07-13 00:00:00-04:00,31.25749969482422,31.440000534057617,31.079999923706055,31.415000915527344,28.008304595947266,165762000,0.0,0.0,0.019305657700331658
2015-07-14 00:00:00-04:00,31.510000228881836,31.592500686645508,31.260000228881836,31.40250015258789,27.997159957885742,127072400,0.0,0.0,-0.00039790477225587484
2015-07-15 00:00:00-04:00,31.43000030517578,31.787500381469727,31.395000457763672,31.704999923706055,28.2668514251709,134596800,0.0,0.0,0.009632815174497544
2015-07-16 00:00:00-04:00,31.934999465942383,32.14250183105469,31.837499618530273,32.127498626708984,28.643539428710938,144889600,0.0,0.0,0.013326139437114914
2015-07-17 00:00:00-04:00,32.27000045776367,32.404998779296875,32.07749938964844,32.404998779296875,28.890953063964844,184658800,0.0,0.0,0.008637676774187808
2015-07-20 00:00:00-04:00,32.74250030517578,33.24250030517578,32.67499923706055,33.01750183105469,29.437034606933594,235600800,0.0,0.0,0.018901472089194238
2015-07-21 00:00:00-04:00,33.212501525878906,33.22999954223633,32.58000183105469,32.6875,29.142807006835938,307025600,0.0,0.0,-0.009995150803279396
2015-07-22 00:00:00-04:00,30.497499465942383,31.375,30.497499465942383,31.30500030517578,27.910234451293945,461802400,0.0,0.0,-0.04229422907864955
2015-07-23 00:00:00-04:00,31.549999237060547,31.772499084472656,31.264999389648438,31.290000915527344,27.89685821533203,203998000,0.0,0.0,-0.0004792591758860931
2015-07-24 00:00:00-04:00,31.329999923706055,31.434999465942383,30.975000381469727,31.125,27.749755859375,168649200,0.0,0.0,-0.005273079671609171
2015-07-27 00:00:00-04:00,30.772499084472656,30.90250015258789,30.530000686645508,30.6924991607666,27.36415672302246,177822000,0.0,0.0,-0.013895586624495193
2015-07-28 00:00:00-04:00,30.844999313354492,30.977500915527344,30.637500762939453,30.844999313354492,27.500123977661133,134472400,0.0,0.0,0.004968808504311584
2015-07-29 00:00:00-04:00,30.787500381469727,30.875,30.5674991607666,30.747499465942383,27.413188934326172,148046800,0.0,0.0,-0.0031612600512485045
2015-07-30 00:00:00-04:00,30.579999923706055,30.642499923706055,30.427499771118164,30.592500686645508,27.275001525878906,134513200,0.0,0.0,-0.005040909643103553
2015-07-31 00:00:00-04:00,30.649999618530273,30.65999984741211,30.227500915527344,30.325000762939453,27.036508560180664,171540000,0.0,0.0,-0.00874401291864113
2015-08-03 00:00:00-04:00,30.375,30.642499923706055,29.3799991607666,29.610000610351562,26.3990421295166,279904000,0.0,0.0,-0.023577986382565808
2015-08-04 00:00:00-04:00,29.354999542236328,29.424999237060547,28.3125,28.65999984741211,25.552066802978516,496554400,0.0,0.0,-0.032083562819542166
2015-08-05 00:00:00-04:00,28.237499237060547,29.360000610351562,28.024999618530273,28.850000381469727,25.721454620361328,397250400,0.0,0.0,0.006629123925234293
2015-08-06 00:00:00-04:00,28.99250030517578,29.125,28.530000686645508,28.782499313354492,25.777427673339844,211612000,0.13,0.0,0.0021761231549559668
2015-08-07 00:00:00-04:00,28.645000457763672,29.0625,28.625,28.8799991607666,25.864757537841797,154681600,0.0,0.0,0.0033878424801971896
2015-08-10 00:00:00-04:00,29.13249969482422,29.997499465942383,29.13249969482422,29.93000030517578,26.805130004882812,219806400,0.0,0.0,0.03635728908980451
2015-08-11 00:00:00-04:00,29.452499389648438,29.545000076293945,28.332500457763672,28.372499465942383,25.41023063659668,388331200,0.0,0.0,-0.052038522776499785
2015-08-12 00:00:00-04:00,28.13249969482422,28.854999542236328,27.407499313354492,28.809999465942383,25.80205535888672,404870000,0.0,0.0,0.015419959302758857
2015-08-13 00:00:00-04:00,29.010000228881836,29.100000381469727,28.635000228881836,28.787500381469727,25.781911849975586,194143200,0.0,0.0,-0.0007806939653044465
2015-08-14 00:00:00-04:00,28.579999923706055,29.077499389648438,28.502500534057617,28.989999771118164,25.963268280029297,171718000,0.0,0.0,0.007034250644755158
2015-08-17 00:00:00-04:00,29.010000228881836,29.412500381469727,28.875,29.290000915527344,26.23194122314453,163538800,0.0,0.0,0.010348194234155672
2015-08-18 00:00:00-04:00,29.107500076293945,29.360000610351562,29.002500534057617,29.125,26.08417510986328,138242800,0.0,0.0,-0.005633060551038294
2015-08-19 00:00:00-04:00,29.024999618530273,29.1299991607666,28.670000076293945,28.752500534057617,25.750558853149414,193146000,0.0,0.0,-0.012789986852515645
2015-08-20 00:00:00-04:00,28.520000457763672,28.587499618530273,27.907499313354492,28.162500381469727,25.222166061401367,274006400,0.0,0.0,-0.020519663078435335
2015-08-21 00:00:00-04:00,27.607500076293945,27.975000381469727,26.412500381469727,26.440000534057617,23.679502487182617,513102000,0.0,0.0,-0.06116300917467821
2015-08-24 00:00:00-04:00,23.717500686645508,27.200000762939453,23.0,25.780000686645508,23.088415145874023,648825200,0.0,0.0,-0.024961983117193443
2015-08-25 00:00:00-04:00,27.77750015258789,27.77750015258789,25.875,25.934999465942383,23.22722625732422,414406400,0.0,0.0,0.006012154172262418
2015-08-26 00:00:00-04:00,26.772499084472656,27.47249984741211,26.262500762939453,27.422500610351562,24.559425354003906,387098400,0.0,0.0,0.057355066072928285
2015-08-27 00:00:00-04:00,28.0575008392334,28.309999465942383,27.5049991607666,28.229999542236328,25.282617568969727,338464400,0.0,0.0,0.029446626072947568
2015-08-28 00:00:00-04:00,28.042499542236328,28.327499389648438,27.885000228881836,28.322500228881836,25.365459442138672,212657600,0.0,0.0,0.00327663355833141
2015-08-31 00:00:00-04:00,28.00749969482422,28.63249969482422,28.0,28.190000534057617,25.246795654296875,224917200,0.0,0.0,-0.004678164340467861
2015-09-01 00:00:00-04:00,27.537500381469727,27.969999313354492,26.84000015258789,26.93000030517578,24.118343353271484,307383600,0.0,0.0,-0.044696852482874694
2015-09-02 00:00:00-04:00,27.5575008392334,28.084999084472656,27.282499313354492,28.084999084472656,25.152755737304688,247555200,0.0,0.0,0.042889031343559925
2015-09-03 00:00:00-04:00,28.122499465942383,28.19499969482422,27.510000228881836,27.592500686645508,24.71167755126953,212935600,0.0,0.0,-0.017535978587864265
2015-09-04 00:00:00-04:00,27.24250030517578,27.612499237060547,27.127500534057617,27.3174991607666,24.465389251708984,199985200,0.0,0.0,-0.009966474313594098
2015-09-08 00:00:00-04:00,27.9375,28.139999389648438,27.579999923706055,28.077499389648438,25.146039962768555,219374400,0.0,0.0,0.027820963895435424
2015-09-09 00:00:00-04:00,28.440000534057617,28.5049991607666,27.4424991607666,27.537500381469727,24.66241455078125,340043200,0.0,0.0,-0.01923266696081627
2015-09-10 00:00:00-04:00,27.5674991607666,28.31999969482422,27.475000381469727,28.142499923706055,25.204254150390625,251571200,0.0,0.0,0.021970257555021577
2015-09-11 00:00:00-04:00,27.947500228881836,28.552499771118164,27.940000534057617,28.552499771118164,25.571443557739258,199662000,0.0,0.0,0.014568548831386252
2015-09-14 00:00:00-04:00,29.145000457763672,29.22249984741211,28.71500015258789,28.827499389648438,25.817733764648438,233453600,0.0,0.0,0.009631454960806751
2015-09-15 00:00:00-04:00,28.982500076293945,29.13249969482422,28.604999542236328,29.06999969482422,26.034915924072266,173364800,0.0,0.0,0.008412131033793901
2015-09-16 00:00:00-04:00,29.0625,29.135000228881836,28.860000610351562,29.102500915527344,26.064027786254883,148694000,0.0,0.0,0.0011181853733470692
2015-09-17 00:00:00-04:00,28.915000915527344,29.122499465942383,28.43000030517578,28.479999542236328,25.506515502929688,256450400,0.0,0.0,-0.021390104702819768
2015-09-18 00:00:00-04:00,28.052499771118164,28.575000762939453,27.967500686645508,28.362499237060547,25.401287078857422,297141200,0.0,0.0,-0.004125550746442719
2015-09-21 00:00:00-04:00,28.417499542236328,28.842500686645508,28.415000915527344,28.802499771118164,25.795337677001953,200888000,0.0,0.0,0.015513016994816553
2015-09-22 00:00:00-04:00,28.344999313354492,28.545000076293945,28.1299991607666,28.350000381469727,25.390087127685547,201384800,0.0,0.0,-0.015710224630155145
2015-09-23 00:00:00-04:00,28.407499313354492,28.68000030517578,28.325000762939453,28.579999923706055,25.596073150634766,143026800,0.0,0.0,0.008112852150263361
2015-09-24 00:00:00-04:00,28.3125,28.875,28.092500686645508,28.75,25.748323440551758,200878000,0.0,0.0,0.005948189357835698
2015-09-25 00:00:00-04:00,29.110000610351562,29.172500610351562,28.5049991607666,28.677499771118164,25.68339729309082,224607600,0.0,0.0,-0.0025215679619234876
2015-09-28 00:00:00-04:00,28.462499618530273,28.642499923706055,28.110000610351562,28.110000610351562,25.175142288208008,208436000,0.0,0.0,-0.019789243575636273
2015-09-29 00:00:00-04:00,28.207500457763672,28.377500534057617,26.96500015258789,27.264999389648438,24.418367385864258,293461600,0.0,0.0,-0.03006040218879802
2015-09-30 00:00:00-04:00,27.542499542236328,27.885000228881836,27.1825008392334,27.575000762939453,24.696012496948242,265892000,0.0,0.0,0.011370338839471916
2015-10-01 00:00:00-04:00,27.267499923706055,27.405000686645508,26.827499389648438,27.395000457763672,24.534791946411133,255716400,0.0,0.0,-0.0065282016907398654
2015-10-02 00:00:00-04:00,27.002500534057617,27.752500534057617,26.887500762939453,27.594999313354492,24.71391487121582,232079200,0.0,0.0,0.0073007721115356805
2015-10-05 00:00:00-04:00,27.469999313354492,27.842500686645508,27.267499923706055,27.69499969482422,24.80347442626953,208258800,0.0,0.0,0.0036238514019493184
2015-10-06 00:00:00-04:00,27.657499313354492,27.934999465942383,27.4424991607666,27.827499389648438,24.922136306762695,192787200,0.0,0.0,0.0047840830060279504
2015-10-07 00:00:00-04:00,27.934999465942383,27.9424991607666,27.352500915527344,27.69499969482422,24.80347442626953,187062400,0.0,0.0,-0.004761304529939725
2015-10-08 00:00:00-04:00,27.547500610351562,27.547500610351562,27.052499771118164,27.375,24.51688575744629,247918400,0.0,0.0,-0.011554375967574693
2015-10-09 00:00:00-04:00,27.5,28.06999969482422,27.372499465942383,28.030000686645508,25.103496551513672,211064400,0.0,0.0,0.023926807012559337
2015-10-12 00:00:00-04:00,28.1825008392334,28.1875,27.860000610351562,27.899999618530273,24.987064361572266,121868800,0.0,0.0,-0.004638086559076826
2015-10-13 00:00:00-04:00,27.704999923706055,28.112499237060547,27.670000076293945,27.947500228881836,25.029611587524414,132197200,0.0,0.0,0.0017027700948168967
2015-10-14 00:00:00-04:00,27.822500228881836,27.8799991607666,27.389999389648438,27.552499771118164,24.675853729248047,177849600,0.0,0.0,-0.014133573628952845
2015-10-15 00:00:00-04:00,27.732500076293945,28.024999618530273,27.622499465942383,27.96500015258789,25.045284271240234,150694000,0.0,0.0,0.014971337812490937
2015-10-16 00:00:00-04:00,27.94499969482422,28.0,27.63249969482422,27.760000228881836,24.861696243286133,156930400,0.0,0.0,-0.0073302433290772795
2015-10-19 00:00:00-04:00,27.700000762939453,27.9375,27.52750015258789,27.9325008392334,25.016183853149414,119036800,0.0,0.0,0.006213880515292702
2015-10-20 00:00:00-04:00,27.834999084472656,28.542499542236328,27.704999923706055,28.4424991607666,25.472930908203125,195871200,0.0,0.0,0.018258062769882066
2015-10-21 00:00:00-04:00,28.5,28.895000457763672,28.424999237060547,28.440000534057617,25.470691680908203,167180800,0.0,0.0,-8.790615037557181e-05
2015-10-22 00:00:00-04:00,28.582500457763672,28.875,28.524999618530273,28.875,25.86027717590332,166616400,0.0,0.0,0.015295442301911821
2015-10-23 00:00:00-04:00,29.174999237060547,29.8075008392334,29.082500457763672,29.770000457763672,26.661832809448242,237467600,0.0,0.0,0.030995631952924763
2015-10-26 00:00:00-04:00,29.520000457763672,29.532499313354492,28.729999542236328,28.81999969482422,25.811025619506836,265335200,0.0,0.0,-0.031911054128278216
2015-10-27 00:00:00-04:00,28.850000381469727,29.135000228881836,28.497499465942383,28.637500762939453,25.647567749023438,279537600,0.0,0.0,-0.006332870025895554
2015-10-28 00:00:00-04:00,29.232500076293945,29.825000762939453,29.014999389648438,29.8174991607666,26.70437240600586,342205600,0.0,0.0,0.041204868521018456
2015-10-29 00:00:00-04:00,29.674999237060547,30.172500610351562,29.5674991607666,30.13249969482422,26.98647689819336,204909200,0.0,0.0,0.01056398135475578
2015-10-30 00:00:00-04:00,30.247499465942383,30.30500030517578,29.862499237060547,29.875,26.7558650970459,197461200,0.0,0.0,-0.008545457860892558
2015-11-02 00:00:00-05:00,30.200000762939453,30.34000015258789,29.90250015258789,30.295000076293945,27.13201141357422,128813200,0.0,0.0,0.01405846214144102
2015-11-03 00:00:00-05:00,30.197500228881836,30.872499465942383,30.174999237060547,30.642499923706055,27.443246841430664,182076000,0.0,0.0,0.011471152031903298
2015-11-04 00:00:00-05:00,30.782499313354492,30.954999923706055,30.405000686645508,30.5,27.315610885620117,179544400,0.0,0.0,-0.004650905796534821
2015-11-05 00:00:00-05:00,30.462499618530273,30.672500610351562,30.045000076293945,30.229999542236328,27.1896915435791,158210800,0.13,0.0,-0.00460979410522
2015-11-06 00:00:00-05:00,30.27750015258789,30.452499389648438,30.155000686645508,30.264999389648438,27.221179962158203,132169200,0.0,0.0,0.0011581013535453266
2015-11-09 00:00:00-05:00,30.239999771118164,30.452499389648438,30.012500762939453,30.142499923706055,27.110990524291992,135485600,0.0,0.0,-0.004047930252082832
2015-11-10 00:00:00-05:00,29.225000381469727,29.517499923706055,29.014999389648438,29.1924991607666,26.25653648376465,236511600,0.0,0.0,-0.0315168875796602
2015-11-11 00:00:00-05:00,29.092500686645508,29.354999542236328,28.802499771118164,29.02750015258789,26.108137130737305,180872000,0.0,0.0,-0.005651901312996976
2015-11-12 00:00:00-05:00,29.065000534057617,29.204999923706055,28.912500381469727,28.93000030517578,26.02043914794922,130102400,0.0,0.0,-0.0033590287330319546
2015-11-13 00:00:00-05:00,28.799999237060547,28.892499923706055,28.0674991607666,28.084999084472656,25.260421752929688,183249600,0.0,0.0,-0.029208476870746125
2015-11-16 00:00:00-05:00,27.844999313354492,28.559999465942383,27.75,28.545000076293945,25.674156188964844,152426800,0.0,0.0,0.01637876200492072
2015-11-17 00:00:00-05:00,28.729999542236328,28.762500762939453,28.329999923706055,28.422500610351562,25.563974380493164,110467600,0.0,0.0,-0.004291545461542312
2015-11-18 00:00:00-05:00,28.940000534057617,29.372499465942383,28.875,29.322500228881836,26.37346076965332,186698800,0.0,0.0,0.03166512284482037
2015-11-19 00:00:00-05:00,29.40999984741211,29.9375,29.190000534057617,29.69499969482422,26.70850372314453,173183200,0.0,0.0,0.012703791755563909
2015-11-20 00:00:00-05:00,29.799999237060547,29.979999542236328,29.712499618530273,29.825000762939453,26.82542610168457,137148400,0.0,0.0,0.004377721034170889
2015-11-23 00:00:00-05:00,29.8174991607666,29.9325008392334,29.334999084472656,29.4375,26.476898193359375,129930000,0.0,0.0,-0.012992446308366712
2015-11-24 00:00:00-05:00,29.332500457763672,29.837499618530273,29.280000686645508,29.719999313354492,26.73098373413086,171212800,0.0,0.0,0.009596499518784718
2015-11-25 00:00:00-05:00,29.802499771118164,29.8075008392334,29.479999542236328,29.50749969482422,26.539852142333984,85553200,0.0,0.0,-0.007150189222285608
2015-11-27 00:00:00-05:00,29.572500228881836,29.602500915527344,29.399999618530273,29.452499389648438,26.490388870239258,52185600,0.0,0.0,-0.0018637357823040324
2015-11-30 00:00:00-05:00,29.497499465942383,29.852500915527344,29.4375,29.575000762939453,26.60057258605957,156721200,0.0,0.0,0.0041593846115297595
2015-12-01 00:00:00-05:00,29.6875,29.702499389648438,29.21500015258789,29.334999084472656,26.384702682495117,139409600,0.0,0.0,-0.008115235221574979
2015-12-02 00:00:00-05:00,29.334999084472656,29.52750015258789,29.020000457763672,29.06999969482422,26.1463623046875,133546400,0.0,0.0,-0.009033278891777852
2015-12-03 00:00:00-05:00,29.137500762939453,29.197500228881836,28.55500030517578,28.799999237060547,25.903518676757812,166278000,0.0,0.0,-0.009287855232012587
2015-12-04 00:00:00-05:00,28.822500228881836,29.8125,28.77750015258789,29.75749969482422,26.76471519470215,231108000,0.0,0.0,0.033246314089253604
2015-12-07 00:00:00-05:00,29.7450008392334,29.96500015258789,29.452499389648438,29.56999969482422,26.5960693359375,128336800,0.0,0.0,-0.006301051871384411
2015-12-08 00:00:00-05:00,29.3799991607666,29.649999618530273,29.21500015258789,29.5575008392334,26.58483123779297,137238000,0.0,0.0,-0.00042254733218594076
2015-12-09 00:00:00-05:00,29.40999984741211,29.422500610351562,28.770000457763672,28.905000686645508,25.997955322265625,185445600,0.0,0.0,-0.022075593043187736
2015-12-10 00:00:00-05:00,29.010000228881836,29.235000610351562,28.877500534057617,29.042499542236328,26.121625900268555,116850800,0.0,0.0,0.004756934784675648
2015-12-11 00:00:00-05:00,28.797500610351562,28.84749984741211,28.212499618530273,28.295000076293945,25.449302673339844,187544800,0.0,0.0,-0.02573818450258869
2015-12-14 00:00:00-05:00,28.045000076293945,28.170000076293945,27.447500228881836,28.1200008392334,25.291900634765625,257274800,0.0,0.0,-0.0061849254022630085
2015-12-15 00:00:00-05:00,27.985000610351562,28.200000762939453,27.587499618530273,27.622499465942383,24.84444236755371,213292400,0.0,0.0,-0.017691761235090753
2015-12-16 00:00:00-05:00,27.767499923706055,27.997499465942383,27.200000762939453,27.834999084472656,25.03556251525879,224954000,0.0,0.0,0.007692672062331152
2015-12-17 00:00:00-05:00,28.0049991607666,28.0625,27.2450008392334,27.2450008392334,24.504905700683594,179091200,0.0,0.0,-0.021196121087823316
2015-12-18 00:00:00-05:00,27.227500915527344,27.3799991607666,26.452499389648438,26.50749969482422,23.841577529907227,385813200,0.0,0.0,-0.02706919907705918
2015-12-21 00:00:00-05:00,26.81999969482422,26.842500686645508,26.392499923706055,26.832500457763672,24.133886337280273,190362400,0.0,0.0,0.012260464183058817
2015-12-22 00:00:00-05:00,26.850000381469727,26.93000030517578,26.612499237060547,26.8075008392334,24.111406326293945,131157600,0.0,0.0,-0.0009314708237273539
2015-12-23 00:00:00-05:00,26.8174991607666,27.212499618530273,26.799999237060547,27.15250015258789,24.421709060668945,130629600,0.0,0.0,0.012869541086726555
2015-12-24 00:00:00-05:00,27.25,27.25,26.987499237060547,27.00749969482422,24.291290283203125,54281600,0.0,0.0,-0.005340280532448838
2015-12-28 00:00:00-05:00,26.897499084472656,26.922500610351562,26.545000076293945,26.704999923706055,24.01921272277832,106816800,0.0,0.0,-0.011200622002897065
2015-12-29 00:00:00-05:00,26.739999771118164,27.357500076293945,26.71500015258789,27.184999465942383,24.45093536376953,123724800,0.0,0.0,0.017974054602621914
2015-12-30 00:00:00-05:00,27.145000457763672,27.174999237060547,26.795000076293945,26.829999923706055,24.131641387939453,100855200,0.0,0.0,-0.013058558745494664
2015-12-31 00:00:00-05:00,26.752500534057617,26.75749969482422,26.204999923706055,26.315000534057617,23.668441772460938,163649200,0.0,0.0,-0.019194699939060644
2016-01-04 00:00:00-05:00,25.65250015258789,26.342500686645508,25.5,26.337499618530273,23.688674926757812,270597600,0.0,0.0,0.0008548578943805563
2016-01-05 00:00:00-05:00,26.4375,26.462499618530273,25.602500915527344,25.677499771118164,23.095050811767578,223164000,0.0,0.0,-0.025059405679112023
2016-01-06 00:00:00-05:00,25.139999389648438,25.592500686645508,24.967500686645508,25.174999237060547,22.643089294433594,273829600,0.0,0.0,-0.019569626454499778
2016-01-07 00:00:00-05:00,24.670000076293945,25.032499313354492,24.107500076293945,24.112499237060547,21.68744659423828,324377600,0.0,0.0,-0.04220460767384071
2016-01-08 00:00:00-05:00,24.637500762939453,24.77750015258789,24.190000534057617,24.239999771118164,21.802125930786133,283192000,0.0,0.0,0.005287821046591867
2016-01-11 00:00:00-05:00,24.74250030517578,24.764999389648438,24.334999084472656,24.63249969482422,22.155153274536133,198957600,0.0,0.0,0.016192335778205003
2016-01-12 00:00:00-05:00,25.137500762939453,25.172500610351562,24.709999084472656,24.989999771118164,22.47669219970703,196616800,0.0,0.0,0.014513053517912544
2016-01-13 00:00:00-05:00,25.079999923706055,25.297500610351562,24.325000762939453,24.34749984741211,21.8988094329834,249758400,0.0,0.0,-0.025710311890606574
2016-01-14 00:00:00-05:00,24.489999771118164,25.1200008392334,23.934999465942383,24.8799991607666,22.377758026123047,252680400,0.0,0.0,0.02187098776330143
2016-01-15 00:00:00-05:00,24.049999237060547,24.427499771118164,23.84000015258789,24.282499313354492,21.840349197387695,319335600,0.0,0.0,-0.024015311458279176
2016-01-19 00:00:00-05:00,24.602500915527344,24.662500381469727,23.875,24.165000915527344,21.73466682434082,212350800,0.0,0.0,-0.004838859126827355
2016-01-20 00:00:00-05:00,23.774999618530273,24.547500610351562,23.354999542236328,24.197500228881836,21.763898849487305,289337600,0.0,0.0,0.00134494930990825
2016-01-21 00:00:00-05:00,24.264999389648438,24.469999313354492,23.735000610351562,24.075000762939453,21.653711318969727,208646000,0.0,0.0,-0.005062858051289587
2016-01-22 00:00:00-05:00,24.657499313354492,25.364999771118164,24.592500686645508,25.354999542236328,22.804988861083984,263202000,0.0,0.0,0.053167677593710216
2016-01-25 00:00:00-05:00,25.3799991607666,25.38249969482422,24.802499771118164,24.860000610351562,22.359766006469727,207178000,0.0,0.0,-0.019523046352985407
2016-01-26 00:00:00-05:00,24.982500076293945,25.219999313354492,24.517499923706055,24.997499465942383,22.483436584472656,300308000,0.0,0.0,0.0055309424064253765
2016-01-27 00:00:00-05:00,24.010000228881836,24.157499313354492,23.334999084472656,23.354999542236328,21.006132125854492,533478800,0.0,0.0,-0.06570634578338475
2016-01-28 00:00:00-05:00,23.447500228881836,23.6299991607666,23.09749984741211,23.522499084472656,21.15678596496582,222715200,0.0,0.0,0.007171898101407281
2016-01-29 00:00:00-05:00,23.697500228881836,24.334999084472656,23.587499618530273,24.334999084472656,21.8875675201416,257666000,0.0,0.0,0.03454123685827826
2016-02-01 00:00:00-05:00,24.11750030517578,24.177499771118164,23.850000381469727,24.107500076293945,21.682952880859375,163774000,0.0,0.0,-0.009348441259812601
2016-02-02 00:00:00-05:00,23.854999542236328,24.010000228881836,23.56999969482422,23.6200008392334,21.244482040405273,149428800,0.0,0.0,-0.020221915477257824
2016-02-03 00:00:00-05:00,23.75,24.209999084472656,23.520000457763672,24.087499618530273,21.664962768554688,183857200,0.0,0.0,0.019792467867641772
2016-02-04 00:00:00-05:00,23.96500015258789,24.332500457763672,23.797500610351562,24.149999618530273,21.83903694152832,185886800,0.13,0.0,0.008034824469040469
2016-02-05 00:00:00-05:00,24.1299991607666,24.229999542236328,23.422500610351562,23.5049991607666,21.25576400756836,185672400,0.0,0.0,-0.026707813880328723
2016-02-08 00:00:00-05:00,23.282499313354492,23.924999237060547,23.260000228881836,23.752500534057617,21.47957420349121,216085600,0.0,0.0,0.010529388444619592
2016-02-09 00:00:00-05:00,23.572500228881836,23.985000610351562,23.482500076293945,23.747499465942383,21.475059509277344,177324800,0.0,0.0,-0.00021018546136419847
2016-02-10 00:00:00-05:00,23.979999542236328,24.087499618530273,23.524999618530273,23.5674991607666,21.312278747558594,169374400,0.0,0.0,-0.007579991182256274
2016-02-11 00:00:00-05:00,23.447500228881836,23.68000030517578,23.147499084472656,23.424999237060547,21.183414459228516,200298800,0.0,0.0,-0.006046480991378722
2016-02-12 00:00:00-05:00,23.547500610351562,23.625,23.252500534057617,23.497499465942383,21.24897575378418,161405600,0.0,0.0,0.0030949351759061994
2016-02-16 00:00:00-05:00,23.7549991607666,24.212499618530273,23.65250015258789,24.15999984741211,21.848087310791016,196231600,0.0,0.0,0.028194844022076726
2016-02-17 00:00:00-05:00,24.167499542236328,24.552499771118164,24.037500381469727,24.530000686645508,22.182676315307617,179452800,0.0,0.0,0.015314338493665147
2016-02-18 00:00:00-05:00,24.709999084472656,24.72249984741211,24.022499084472656,24.065000534057617,21.76217269897461,156084000,0.0,0.0,-0.01895639689079498
2016-02-19 00:00:00-05:00,24.0,24.190000534057617,23.950000762939453,24.010000228881836,21.712434768676758,141496800,0.0,0.0,-0.002285522267737261
2016-02-22 00:00:00-05:00,24.077499389648438,24.225000381469727,23.979999542236328,24.219999313354492,21.902339935302734,137123200,0.0,0.0,0.008746378222857842
2016-02-23 00:00:00-05:00,24.100000381469727,24.125,23.637500762939453,23.672500610351562,21.40723419189453,127770400,0.0,0.0,-0.022605152913829918
2016-02-24 00:00:00-05:00,23.4950008392334,24.094999313354492,23.329999923706055,24.024999618530273,21.726001739501953,145022800,0.0,0.0,0.014890646066184399
2016-02-25 00:00:00-05:00,24.012500762939453,24.190000534057617,23.8125,24.190000534057617,21.875215530395508,110330800,0.0,0.0,0.006867982092731539
2016-02-26 00:00:00-05:00,24.299999237060547,24.5049991607666,24.145000457763672,24.227500915527344,21.909120559692383,115964400,0.0,0.0,0.0015499289252607351
2016-02-29 00:00:00-05:00,24.21500015258789,24.5575008392334,24.162500381469727,24.172500610351562,21.85938835144043,140865200,0.0,0.0,-0.0022699317444739853
2016-03-01 00:00:00-05:00,24.412500381469727,25.1924991607666,24.354999542236328,25.13249969482422,22.727514266967773,201628400,0.0,0.0,0.03971409911248225
2016-03-02 00:00:00-05:00,25.127500534057617,25.22249984741211,24.90999984741211,25.1875,22.777257919311523,132678400,0.0,0.0,0.00218869744220318
2016-03-03 00:00:00-05:00,25.145000457763672,25.427499771118164,25.112499237060547,25.375,22.94681739807129,147822800,0.0,0.0,0.007444244577658576
2016-03-04 00:00:00-05:00,25.592500686645508,25.9375,25.342500686645508,25.752500534057617,23.288198471069336,184220400,0.0,0.0,0.014877055370072334
2016-03-07 00:00:00-05:00,25.59749984741211,25.707500457763672,25.239999771118164,25.467500686645508,23.030460357666016,143315600,0.0,0.0,-0.011067327244033254
2016-03-08 00:00:00-05:00,25.19499969482422,25.440000534057617,25.100000381469727,25.25749969482422,22.84056282043457,126247600,0.0,0.0,-0.008245494631123784
2016-03-09 00:00:00-05:00,25.327499389648438,25.395000457763672,25.0674991607666,25.280000686645508,22.86090850830078,108806800,0.0,0.0,0.0008907699878573094
2016-03-10 00:00:00-05:00,25.352500915527344,25.559999465942383,25.037500381469727,25.292499542236328,22.87221336364746,134054400,0.0,0.0,0.0004945059529273266
2016-03-11 00:00:00-05:00,25.559999465942383,25.56999969482422,25.375,25.565000534057617,23.118640899658203,109632800,0.0,0.0,0.010774100962279709
2016-03-14 00:00:00-04:00,25.477500915527344,25.727500915527344,25.44499969482422,25.6299991607666,23.177419662475586,100304400,0.0,0.0,0.0025424834908116534
2016-03-15 00:00:00-04:00,25.989999771118164,26.295000076293945,25.962499618530273,26.145000457763672,23.643136978149414,160270800,0.0,0.0,0.02009357911518639
2016-03-16 00:00:00-04:00,26.15250015258789,26.577499389648438,26.147499084472656,26.49250030517578,23.95738410949707,153214000,0.0,0.0,0.01329126213827192
2016-03-17 00:00:00-04:00,26.3799991607666,26.61750030517578,26.239999771118164,26.450000762939453,23.9189510345459,137682800,0.0,0.0,-0.0016042266875011535
2016-03-18 00:00:00-04:00,26.584999084472656,26.625,26.297500610351562,26.479999542236328,23.946075439453125,176820800,0.0,0.0,0.001134013145812851
2016-03-21 00:00:00-04:00,26.482500076293945,26.912500381469727,26.28499984741211,26.477500915527344,23.943817138671875,142010800,0.0,0.0,-9.430776191110546e-05
2016-03-22 00:00:00-04:00,26.3125,26.822500228881836,26.302499771118164,26.68000030517578,24.126941680908203,129777600,0.0,0.0,0.007648093082892826
2016-03-23 00:00:00-04:00,26.6200008392334,26.767499923706055,26.475000381469727,26.532499313354492,23.993562698364258,102814000,0.0,0.0,-0.0055282175547963774
2016-03-24 00:00:00-04:00,26.36750030517578,26.5625,26.22249984741211,26.417499542236328,23.889556884765625,104532000,0.0,0.0,-0.004334738234006541
2016-03-28 00:00:00-04:00,26.5,26.547500610351562,26.264999389648438,26.297500610351562,23.781042098999023,77645600,0.0,0.0,-0.004542352388118287
2016-03-29 00:00:00-04:00,26.22249984741211,26.947500228881836,26.219999313354492,26.920000076293945,24.343975067138672,124760400,0.0,0.0,0.02367150126542783
2016-03-30 00:00:00-04:00,27.162500381469727,27.604999542236328,27.149999618530273,27.389999389648438,24.768997192382812,182404400,0.0,0.0,0.017459027298210916
2016-03-31 00:00:00-04:00,27.43000030517578,27.475000381469727,27.219999313354492,27.247499465942383,24.640132904052734,103553600,0.0,0.0,-0.005202644553155666
2016-04-01 00:00:00-04:00,27.19499969482422,27.5,27.049999237060547,27.497499465942383,24.8662052154541,103496000,0.0,0.0,0.00917496314982058
2016-04-04 00:00:00-04:00,27.604999542236328,28.047500610351562,27.5674991607666,27.780000686645508,25.121679306030273,149424800,0.0,0.0,0.010273947647524428
2016-04-05 00:00:00-04:00,27.377500534057617,27.6825008392334,27.354999542236328,27.452499389648438,24.82551383972168,106314800,0.0,0.0,-0.011789238398465685
2016-04-06 00:00:00-04:00,27.5575008392334,27.7450008392334,27.299999237060547,27.739999771118164,25.085506439208984,105616400,0.0,0.0,0.010472798314099974
2016-04-07 00:00:00-04:00,27.487499237060547,27.604999542236328,27.030000686645508,27.135000228881836,24.538400650024414,127207600,0.0,0.0,-0.021809636991399817
2016-04-08 00:00:00-04:00,27.227500915527344,27.4424991607666,27.042499542236328,27.165000915527344,24.56552505493164,94326800,0.0,0.0,0.0011053860149274897
2016-04-11 00:00:00-04:00,27.24250030517578,27.65250015258789,27.207500457763672,27.2549991607666,24.64691734313965,117630000,0.0,0.0,0.0033132728906060116
2016-04-12 00:00:00-04:00,27.334999084472656,27.625,27.165000915527344,27.610000610351562,24.96794891357422,108929200,0.0,0.0,0.013025222017224225
2016-04-13 00:00:00-04:00,27.700000762939453,28.084999084472656,27.700000762939453,28.010000228881836,25.32967185974121,133029200,0.0,0.0,0.01448749144028949
2016-04-14 00:00:00-04:00,27.905000686645508,28.09749984741211,27.832500457763672,28.024999618530273,25.343229293823242,101895600,0.0,0.0,0.0005352392307766962
2016-04-15 00:00:00-04:00,28.02750015258789,28.075000762939453,27.4325008392334,27.462499618530273,24.834556579589844,187756000,0.0,0.0,-0.020071345618033587
2016-04-18 00:00:00-04:00,27.22249984741211,27.237499237060547,26.735000610351562,26.8700008392334,24.298765182495117,243286000,0.0,0.0,-0.021574429782050708
2016-04-19 00:00:00-04:00,26.969999313354492,27.0,26.5575008392334,26.727500915527344,24.169893264770508,129539600,0.0,0.0,-0.0053036406071139686
2016-04-20 00:00:00-04:00,26.65999984741211,27.022499084472656,26.514999389648438,26.782499313354492,24.219629287719727,122444000,0.0,0.0,0.002057767587319681
2016-04-21 00:00:00-04:00,26.732500076293945,26.732500076293945,26.3799991607666,26.49250030517578,23.95738410949707,126210000,0.0,0.0,-0.01082779488931418
2016-04-22 00:00:00-04:00,26.252500534057617,26.6200008392334,26.155000686645508,26.420000076293945,23.891817092895508,134732400,0.0,0.0,-0.002736818690299736
2016-04-25 00:00:00-04:00,26.25,26.412500381469727,26.127500534057617,26.270000457763672,23.756174087524414,112126400,0.0,0.0,-0.0056773833837623355
2016-04-26 00:00:00-04:00,25.977500915527344,26.325000762939453,25.977500915527344,26.087499618530273,23.591136932373047,224064800,0.0,0.0,-0.0069471268624031746
2016-04-27 00:00:00-04:00,24.0,24.677499771118164,23.920000076293945,24.454999923706055,22.11486053466797,458408400,0.0,0.0,-0.06257758589325346
2016-04-28 00:00:00-04:00,24.40250015258789,24.469999313354492,23.5625,23.707500457763672,21.438888549804688,328970800,0.0,0.0,-0.030566414099858608
2016-04-29 00:00:00-04:00,23.497499465942383,23.68000030517578,23.127500534057617,23.434999465942383,21.19246482849121,274126000,0.0,0.0,-0.011494239579678323
2016-05-02 00:00:00-04:00,23.49250030517578,23.520000457763672,23.100000381469727,23.40999984741211,21.169849395751953,192640400,0.0,0.0,-0.0010671449933871147
2016-05-03 00:00:00-04:00,23.549999237060547,23.934999465942383,23.420000076293945,23.795000076293945,21.51801109313965,227325200,0.0,0.0,0.01644611120651418
2016-05-04 00:00:00-04:00,23.799999237060547,23.975000381469727,23.454999923706055,23.547500610351562,21.2941951751709,164102000,0.0,0.0,-0.01040132923995507
2016-05-05 00:00:00-04:00,23.5,23.517499923706055,23.170000076293945,23.309999465942383,21.2077579498291,143562000,0.1425,0.0,-0.004059191936147122
2016-05-06 00:00:00-04:00,23.342500686645508,23.362499237060547,22.962499618530273,23.18000030517578,21.08949089050293,174799600,0.0,0.0,-0.0055765941692637044
2016-05-09 00:00:00-04:00,23.25,23.4424991607666,23.147499084472656,23.197500228881836,21.105403900146484,131745600,0.0,0.0,0.0007545468843308534
2016-05-10 00:00:00-04:00,23.332500457763672,23.392499923706055,23.02750015258789,23.354999542236328,21.24870491027832,134747200,0.0,0.0,0.0067897781444894445
2016-05-11 00:00:00-04:00,23.3700008392334,23.392499923706055,23.114999771118164,23.127500534057617,21.04172134399414,114876400,0.0,0.0,-0.009740996788188183
2016-05-12 00:00:00-04:00,23.18000030517578,23.19499969482422,22.36750030517578,22.584999084472656,20.548141479492188,305258800,0.0,0.0,-0.02345719993306694
2016-05-13 00:00:00-04:00,22.5,22.917499542236328,22.5,22.6299991607666,20.58908462524414,177571200,0.0,0.0,0.001992547393778521
2016-05-16 00:00:00-04:00,23.09749984741211,23.59749984741211,22.912500381469727,23.469999313354492,21.35332489013672,245039200,0.0,0.0,0.03711871017109458
2016-05-17 00:00:00-04:00,23.637500762939453,23.674999237060547,23.252500534057617,23.372499465942383,21.264623641967773,187667600,0.0,0.0,-0.004153978297305683
2016-05-18 00:00:00-04:00,23.540000915527344,23.802499771118164,23.47249984741211,23.639999389648438,21.508005142211914,168249600,0.0,0.0,0.011445370693690782
2016-05-19 00:00:00-04:00,23.65999984741211,23.65999984741211,23.392499923706055,23.549999237060547,21.426115036010742,121768400,0.0,0.0,-0.0038074245221586533
2016-05-20 00:00:00-04:00,23.65999984741211,23.857500076293945,23.6299991607666,23.80500030517578,21.658117294311523,128104000,0.0,0.0,0.010828013287096372
2016-05-23 00:00:00-04:00,23.967500686645508,24.297500610351562,23.917499542236328,24.107500076293945,21.933338165283203,152074400,0.0,0.0,0.01270751595033448
2016-05-24 00:00:00-04:00,24.30500030517578,24.522499084472656,24.209999084472656,24.475000381469727,22.2676944732666,140560800,0.0,0.0,0.015244205212347817
2016-05-25 00:00:00-04:00,24.667499542236328,24.934999465942383,24.52750015258789,24.905000686645508,22.65891456604004,152675200,0.0,0.0,0.017568953680549004
2016-05-26 00:00:00-04:00,24.920000076293945,25.1825008392334,24.65999984741211,25.102500915527344,22.838598251342773,225324800,0.0,0.0,0.007929933482870188
2016-05-27 00:00:00-04:00,24.860000610351562,25.11750030517578,24.8125,25.087499618530273,22.824954986572266,145364800,0.0,0.0,-0.0005973775019098015
2016-05-31 00:00:00-04:00,24.899999618530273,25.100000381469727,24.704999923706055,24.96500015258789,22.713502883911133,169228800,0.0,0.0,-0.004882905693645356
2016-06-01 00:00:00-04:00,24.7549991607666,24.885000228881836,24.582500457763672,24.614999771118164,22.39506721496582,116693200,0.0,0.0,-0.014019663570733254
2016-06-02 00:00:00-04:00,24.399999618530273,24.459999084472656,24.157499313354492,24.43000030517578,22.22675132751465,160766400,0.0,0.0,-0.0075157571904357345
2016-06-03 00:00:00-04:00,24.447500228881836,24.5674991607666,24.362499237060547,24.479999542236328,22.272247314453125,114019600,0.0,0.0,0.002046902233623138
2016-06-06 00:00:00-04:00,24.497499465942383,25.47249984741211,24.387500762939453,24.657499313354492,22.43373680114746,93170000,0.0,0.0,0.007250704628694482
2016-06-07 00:00:00-04:00,24.8125,24.967500686645508,24.739999771118164,24.75749969482422,22.52471923828125,89638000,0.0,0.0,0.004055607763443714
2016-06-08 00:00:00-04:00,24.7549991607666,24.889999389648438,24.670000076293945,24.735000610351562,22.50424575805664,83392400,0.0,0.0,-0.0009089338698532456
2016-06-09 00:00:00-04:00,24.625,24.997499465942383,24.614999771118164,24.912500381469727,22.665739059448242,106405600,0.0,0.0,0.007176125924317489
2016-06-10 00:00:00-04:00,24.63249969482422,24.837499618530273,24.6200008392334,24.707500457763672,22.47922706604004,126851600,0.0,0.0,-0.00822880705186868
2016-06-13 00:00:00-04:00,24.672500610351562,24.780000686645508,24.274999618530273,24.334999084472656,22.140316009521484,152082000,0.0,0.0,-0.015076632996450123
2016-06-14 00:00:00-04:00,24.329999923706055,24.6200008392334,24.1875,24.364999771118164,22.16761016845703,127727600,0.0,0.0,0.0012327809107968157
2016-06-15 00:00:00-04:00,24.454999923706055,24.602500915527344,24.25749969482422,24.28499984741211,22.094833374023438,117780800,0.0,0.0,-0.0032830239200593025
2016-06-16 00:00:00-04:00,24.112499237060547,24.4375,24.017499923706055,24.387500762939453,22.188091278076172,125307200,0.0,0.0,0.0042208014187776755
2016-06-17 00:00:00-04:00,24.155000686645508,24.162500381469727,23.825000762939453,23.832500457763672,21.68313980102539,244032800,0.0,0.0,-0.022757769955170426
2016-06-20 00:00:00-04:00,24.0,24.142499923706055,23.75749969482422,23.774999618530273,21.63082504272461,137647600,0.0,0.0,-0.002412692939345762
2016-06-21 00:00:00-04:00,23.735000610351562,24.087499618530273,23.670000076293945,23.977500915527344,21.815067291259766,142185600,0.0,0.0,0.008517578417431837
2016-06-22 00:00:00-04:00,24.0625,24.22249984741211,23.837499618530273,23.887500762939453,21.733177185058594,116876400,0.0,0.0,-0.0037538323906055604
2016-06-23 00:00:00-04:00,23.985000610351562,24.072500228881836,23.8125,24.024999618530273,21.8582763671875,128960800,0.0,0.0,0.005756138693559842
2016-06-24 00:00:00-04:00,23.227500915527344,23.665000915527344,23.162500381469727,23.350000381469727,21.244155883789062,301245600,0.0,0.0,-0.02809555854643342
2016-06-27 00:00:00-04:00,23.25,23.262500762939453,22.875,23.010000228881836,20.934816360473633,181958400,0.0,0.0,-0.014561158607929392
2016-06-28 00:00:00-04:00,23.225000381469727,23.415000915527344,23.03499984741211,23.397499084472656,21.28736686706543,161779600,0.0,0.0,0.01684039164811768
2016-06-29 00:00:00-04:00,23.49250030517578,23.637500762939453,23.407499313354492,23.600000381469727,21.47160530090332,146124000,0.0,0.0,0.008654824947980533
2016-06-30 00:00:00-04:00,23.610000610351562,23.9424991607666,23.575000762939453,23.899999618530273,21.744552612304688,143345600,0.0,0.0,0.012712012333324862
2016-07-01 00:00:00-04:00,23.872499465942383,24.11750030517578,23.832500457763672,23.97249984741211,21.810510635375977,104106000,0.0,0.0,0.0030333124919739163
2016-07-05 00:00:00-04:00,23.84749984741211,23.850000381469727,23.614999771118164,23.747499465942383,21.60580825805664,110820800,0.0,0.0,-0.009385492194177059
2016-07-06 00:00:00-04:00,23.649999618530273,23.915000915527344,23.592500686645508,23.88249969482422,21.72863006591797,123796400,0.0,0.0,0.005684666196902333
2016-07-07 00:00:00-04:00,23.924999237060547,24.125,23.905000686645508,23.985000610351562,21.821882247924805,100558400,0.0,0.0,0.004291673323349787
2016-07-08 00:00:00-04:00,24.122499465942383,24.22249984741211,24.012500762939453,24.170000076293945,21.99020004272461,115648400,0.0,0.0,0.007713257403165086
2016-07-11 00:00:00-04:00,24.1875,24.412500381469727,24.1825008392334,24.2450008392334,22.058446884155273,95179600,0.0,0.0,0.0031035116232716042
2016-07-12 00:00:00-04:00,24.292499542236328,24.424999237060547,24.280000686645508,24.354999542236328,22.15851593017578,96670000,0.0,0.0,0.00453654087914912
2016-07-13 00:00:00-04:00,24.352500915527344,24.417499542236328,24.209999084472656,24.217500686645508,22.03341293334961,103568800,0.0,0.0,-0.00564582019934845
2016-07-14 00:00:00-04:00,24.34749984741211,24.747499465942383,24.329999923706055,24.697500228881836,22.470129013061523,155676000,0.0,0.0,0.019820627926911083
2016-07-15 00:00:00-04:00,24.729999542236328,24.825000762939453,24.625,24.69499969482422,22.467859268188477,120548000,0.0,0.0,-0.00010101165292497605
2016-07-18 00:00:00-04:00,24.674999237060547,25.032499313354492,24.649999618530273,24.957500457763672,22.70667839050293,145975600,0.0,0.0,0.010629367019963087
2016-07-19 00:00:00-04:00,24.889999389648438,25.0,24.834999084472656,24.967500686645508,22.715778350830078,95119600,0.0,0.0,0.00040076140466904775
2016-07-20 00:00:00-04:00,25.0,25.114999771118164,24.934999465942383,24.989999771118164,22.736248016357422,105104000,0.0,0.0,0.000901121027472751
2016-07-21 00:00:00-04:00,24.957500457763672,25.25,24.782499313354492,24.857500076293945,22.61569595336914,130808000,0.0,0.0,-0.0053021968664993535
2016-07-22 00:00:00-04:00,24.815000534057617,24.825000762939453,24.577499389648438,24.665000915527344,22.44055938720703,113254800,0.0,0.0,-0.007744027268637654
2016-07-25 00:00:00-04:00,24.5625,24.709999084472656,24.229999542236328,24.334999084472656,22.140316009521484,161531600,0.0,0.0,-0.013379496139330205
2016-07-26 00:00:00-04:00,24.204999923706055,24.49250030517578,24.104999542236328,24.167499542236328,21.987924575805664,224959200,0.0,0.0,-0.006882983677842902
2016-07-27 00:00:00-04:00,26.0674991607666,26.087499618530273,25.6875,25.737499237060547,23.416336059570312,369379200,0.0,0.0,0.06496345204569232
2016-07-28 00:00:00-04:00,25.707500457763672,26.112499237060547,25.704999923706055,26.084999084472656,23.73248863220215,159479200,0.0,0.0,0.013501368097363908
2016-07-29 00:00:00-04:00,26.047500610351562,26.137500762939453,25.920000076293945,26.052499771118164,23.702924728393555,110934800,0.0,0.0,-0.0012457144409406817
2016-08-01 00:00:00-04:00,26.102500915527344,26.537500381469727,26.102500915527344,26.512500762939453,24.12144660949707,152671600,0.0,0.0,0.017656972120498438
2016-08-02 00:00:00-04:00,26.512500762939453,26.517499923706055,26.0,26.1200008392334,23.764339447021484,135266400,0.0,0.0,-0.014804550003024497
2016-08-03 00:00:00-04:00,26.202499389648438,26.459999084472656,26.1924991607666,26.447500228881836,24.062305450439453,120810400,0.0,0.0,0.01253836674409703
2016-08-04 00:00:00-04:00,26.395000457763672,26.5,26.31999969482422,26.467500686645508,24.2109432220459,109634800,0.1425,0.0,0.006177204088469113
2016-08-05 00:00:00-04:00,26.5674991607666,26.912500381469727,26.545000076293945,26.8700008392334,24.579133987426758,162213600,0.0,0.0,0.01520761756384581
2016-08-08 00:00:00-04:00,26.8799991607666,27.092500686645508,26.790000915527344,27.092500686645508,24.782663345336914,112148800,0.0,0.0,0.008280574816601272
2016-08-09 00:00:00-04:00,27.0575008392334,27.235000610351562,27.002500534057617,27.202499389648438,24.883285522460938,105260800,0.0,0.0,0.004060184158655167
2016-08-10 00:00:00-04:00,27.177499771118164,27.225000381469727,26.940000534057617,27.0,24.698047637939453,96034000,0.0,0.0,-0.007444269542069892
2016-08-11 00:00:00-04:00,27.1299991607666,27.232500076293945,26.962499618530273,26.982500076293945,24.682035446166992,109938000,0.0,0.0,-0.000648318118386948
2016-08-12 00:00:00-04:00,26.94499969482422,27.110000610351562,26.94499969482422,27.045000076293945,24.73921775817871,74641600,0.0,0.0,0.002316758362025606
2016-08-15 00:00:00-04:00,27.03499984741211,27.385000228881836,27.020000457763672,27.3700008392334,25.036502838134766,103472800,0.0,0.0,0.012016753434241911
2016-08-16 00:00:00-04:00,27.407499313354492,27.5575008392334,27.302499771118164,27.344999313354492,25.013641357421875,135177600,0.0,0.0,-0.0009131259609496123
2016-08-17 00:00:00-04:00,27.274999618530273,27.342500686645508,27.084999084472656,27.30500030517578,24.9770450592041,101424000,0.0,0.0,-0.0014630536072236522
2016-08-18 00:00:00-04:00,27.3075008392334,27.399999618530273,27.2549991607666,27.270000457763672,24.94503402709961,87938800,0.0,0.0,-0.0012816180628498763
2016-08-19 00:00:00-04:00,27.1924991607666,27.422500610351562,27.09000015258789,27.34000015258789,25.009063720703125,101472400,0.0,0.0,0.0025668312792821446
2016-08-22 00:00:00-04:00,27.21500015258789,27.274999618530273,26.962499618530273,27.127500534057617,24.814682006835938,103280800,0.0,0.0,-0.007772450661808428
2016-08-23 00:00:00-04:00,27.147499084472656,27.329999923706055,27.13249969482422,27.212499618530273,24.892438888549805,85030800,0.0,0.0,0.003133503048414976
2016-08-24 00:00:00-04:00,27.142499923706055,27.1875,26.920000076293945,27.00749969482422,24.704910278320312,94700400,0.0,0.0,-0.007533557120260825
2016-08-25 00:00:00-04:00,26.84749984741211,26.969999313354492,26.670000076293945,26.892499923706055,24.599716186523438,100344800,0.0,0.0,-0.004258023632216501
2016-08-26 00:00:00-04:00,26.852500915527344,26.987499237060547,26.577499389648438,26.735000610351562,24.455638885498047,111065200,0.0,0.0,-0.005856868426161843
2016-08-29 00:00:00-04:00,26.655000686645508,26.860000610351562,26.572500228881836,26.704999923706055,24.42820167541504,99881200,0.0,0.0,-0.0011219175344986398
2016-08-30 00:00:00-04:00,26.450000762939453,26.625,26.375,26.5,24.240676879882812,99455600,0.0,0.0,-0.007676569811561507
2016-08-31 00:00:00-04:00,26.415000915527344,26.642499923706055,26.40999984741211,26.524999618530273,24.2635440826416,118649600,0.0,0.0,0.0009433401085332527
2016-09-01 00:00:00-04:00,26.53499984741211,26.700000762939453,26.405000686645508,26.6825008392334,24.40761375427246,106806000,0.0,0.0,0.005937701068737367
2016-09-02 00:00:00-04:00,26.924999237060547,27.0,26.704999923706055,26.9325008392334,24.636306762695312,107210000,0.0,0.0,0.009369740554125983
2016-09-06 00:00:00-04:00,26.975000381469727,27.075000762939453,26.877500534057617,26.924999237060547,24.62944221496582,107521600,0.0,0.0,-0.00027863542192474444
2016-09-07 00:00:00-04:00,26.957500457763672,27.190000534057617,26.767499923706055,27.09000015258789,24.780378341674805,169457200,0.0,0.0,0.0061282803480327
2016-09-08 00:00:00-04:00,26.8125,26.8174991607666,26.309999465942383,26.3799991607666,24.130905151367188,212008000,0.0,0.0,-0.026209171682231913
2016-09-09 00:00:00-04:00,26.15999984741211,26.43000030517578,25.782499313354492,25.782499313354492,23.584352493286133,186228000,0.0,0.0,-0.022649488473501678
2016-09-12 00:00:00-04:00,25.662500381469727,26.43000030517578,25.63249969482422,26.360000610351562,24.112611770629883,181171200,0.0,0.0,0.022398718705299636
2016-09-13 00:00:00-04:00,26.877500534057617,27.197500228881836,26.809999465942383,26.987499237060547,24.686614990234375,248704800,0.0,0.0,0.023805103531076233
2016-09-14 00:00:00-04:00,27.1825008392334,28.25749969482422,27.149999618530273,27.9424991607666,25.560195922851562,443554800,0.0,0.0,0.03538682532873638
2016-09-15 00:00:00-04:00,28.46500015258789,28.9325008392334,28.372499465942383,28.892499923706055,26.429201126098633,359934400,0.0,0.0,0.033998378019870934
2016-09-16 00:00:00-04:00,28.780000686645508,29.032499313354492,28.510000228881836,28.729999542236328,26.280548095703125,319547600,0.0,0.0,-0.00562457524486859
2016-09-19 00:00:00-04:00,28.797500610351562,29.045000076293945,28.3125,28.395000457763672,25.974119186401367,188092000,0.0,0.0,-0.01165991318696502
2016-09-20 00:00:00-04:00,28.262500762939453,28.530000686645508,28.127500534057617,28.392499923706055,25.971826553344727,138057200,0.0,0.0,-8.826605592238135e-05
2016-09-21 00:00:00-04:00,28.462499618530273,28.497499465942383,28.110000610351562,28.387500762939453,25.96725845336914,144012800,0.0,0.0,-0.00017588674274426896
2016-09-22 00:00:00-04:00,28.587499618530273,28.735000610351562,28.5,28.655000686645508,26.211946487426758,124296000,0.0,0.0,0.00942294445511127
2016-09-23 00:00:00-04:00,28.604999542236328,28.697500228881836,27.887500762939453,28.177499771118164,25.775161743164062,209924800,0.0,0.0,-0.016663575308007328
2016-09-26 00:00:00-04:00,27.90999984741211,28.34749984741211,27.887500762939453,28.219999313354492,25.81403160095215,119477600,0.0,0.0,0.0015080354558161257
2016-09-27 00:00:00-04:00,28.25,28.295000076293945,28.084999084472656,28.272499084472656,25.8620548248291,98429600,0.0,0.0,0.0018603534937635668
2016-09-28 00:00:00-04:00,28.422500610351562,28.65999984741211,28.357500076293945,28.487499237060547,26.058727264404297,118564400,0.0,0.0,0.007604671821605624
2016-09-29 00:00:00-04:00,28.290000915527344,28.450000762939453,27.950000762939453,28.045000076293945,25.653955459594727,143548000,0.0,0.0,-0.015533061177645524
2016-09-30 00:00:00-04:00,28.114999771118164,28.342500686645508,27.950000762939453,28.262500762939453,25.852907180786133,145516400,0.0,0.0,0.007755206463375908
2016-10-03 00:00:00-04:00,28.177499771118164,28.262500762939453,28.06999969482422,28.1299991607666,25.73171043395996,86807200,0.0,0.0,-0.004687934938173766
2016-10-04 00:00:00-04:00,28.264999389648438,28.577499389648438,28.157499313354492,28.25,25.841476440429688,118947200,0.0,0.0,0.004265787412439659
2016-10-05 00:00:00-04:00,28.350000381469727,28.415000915527344,28.172500610351562,28.262500762939453,25.852907180786133,85812400,0.0,0.0,0.0004423408384885974
2016-10-06 00:00:00-04:00,28.424999237060547,28.584999084472656,28.282499313354492,28.47249984741211,26.045015335083008,115117200,0.0,0.0,0.007430814374317141
2016-10-07 00:00:00-04:00,28.577499389648438,28.639999389648438,28.377500534057617,28.514999389648438,26.083885192871094,97433600,0.0,0.0,0.0014924106316700492
2016-10-10 00:00:00-04:00,28.7549991607666,29.1875,28.68000030517578,29.012500762939453,26.538970947265625,144944000,0.0,0.0,0.01744700802926813
2016-10-11 00:00:00-04:00,29.424999237060547,29.672500610351562,29.049999237060547,29.075000762939453,26.59614372253418,256164000,0.0,0.0,0.0021542951074537964
2016-10-12 00:00:00-04:00,29.337499618530273,29.4950008392334,29.1875,29.334999084472656,26.83396339416504,150347200,0.0,0.0,0.008941885489562873
2016-10-13 00:00:00-04:00,29.197500228881836,29.360000610351562,28.93000030517578,29.2450008392334,26.751646041870117,140769600,0.0,0.0,-0.0030676553845497834
2016-10-14 00:00:00-04:00,29.469999313354492,29.542499542236328,29.282499313354492,29.407499313354492,26.90028953552246,142608800,0.0,0.0,0.0055564242073065095
2016-10-17 00:00:00-04:00,29.332500457763672,29.459999084472656,29.19499969482422,29.387500762939453,26.881999969482422,94499600,0.0,0.0,-0.0006799022001561239
2016-10-18 00:00:00-04:00,29.545000076293945,29.552499771118164,29.362499237060547,29.36750030517578,26.86370277404785,98214000,0.0,0.0,-0.0006806485921934113
2016-10-19 00:00:00-04:00,29.3125,29.440000534057617,28.450000762939453,29.280000686645508,26.78366470336914,80138400,0.0,0.0,-0.002979413201222303
2016-10-20 00:00:00-04:00,29.21500015258789,29.344999313354492,29.082500457763672,29.264999389648438,26.769941329956055,96503200,0.0,0.0,-0.0005123784801323028
2016-10-21 00:00:00-04:00,29.202499389648438,29.227500915527344,29.06999969482422,29.149999618530273,26.66474723815918,92770800,0.0,0.0,-0.003929560042746916
2016-10-24 00:00:00-04:00,29.274999618530273,29.434999465942383,29.25,29.412500381469727,26.904863357543945,94154800,0.0,0.0,0.009005002644133064
2016-10-25 00:00:00-04:00,29.487499237060547,29.59000015258789,29.327499389648438,29.5625,27.042076110839844,192516000,0.0,0.0,0.005099923812005747
2016-10-26 00:00:00-04:00,28.577499389648438,28.924999237060547,28.327499389648438,28.897499084472656,26.43376922607422,264536800,0.0,0.0,-0.022494829253209003
2016-10-27 00:00:00-04:00,28.84749984741211,28.96500015258789,28.524999618530273,28.6200008392334,26.179929733276367,138248000,0.0,0.0,-0.0096028489401907
2016-10-28 00:00:00-04:00,28.467500686645508,28.802499771118164,28.362499237060547,28.43000030517578,26.006132125854492,151446800,0.0,0.0,-0.006638581890499373
2016-10-31 00:00:00-04:00,28.412500381469727,28.5575008392334,28.299999237060547,28.385000228881836,25.964969635009766,105677600,0.0,0.0,-0.0015827994199800743
2016-11-01 00:00:00-04:00,28.364999771118164,28.4424991607666,27.63249969482422,27.872499465942383,25.49616241455078,175303200,0.0,0.0,-0.01805537333757823
2016-11-02 00:00:00-04:00,27.850000381469727,28.087499618530273,27.8075008392334,27.897499084472656,25.51902198791504,113326800,0.0,0.0,0.000896588788248831
2016-11-03 00:00:00-04:00,27.7450008392334,27.864999771118164,27.387500762939453,27.457500457763672,25.245500564575195,107730400,0.1425,0.0,-0.010718334874642688
2016-11-04 00:00:00-04:00,27.13249969482422,27.5625,27.02750015258789,27.209999084472656,25.017934799194336,123348000,0.0,0.0,-0.009014111833464011
2016-11-07 00:00:00-05:00,27.520000457763672,27.627500534057617,27.364999771118164,27.602500915527344,25.378814697265625,130240000,0.0,0.0,0.014424847653008888
2016-11-08 00:00:00-05:00,27.577499389648438,27.93000030517578,27.424999237060547,27.764999389648438,25.52822494506836,97016800,0.0,0.0,0.005887203542994213
2016-11-09 00:00:00-05:00,27.469999313354492,27.829999923706055,27.012500762939453,27.719999313354492,25.48684310913086,236705600,0.0,0.0,-0.001621022849279341
2016-11-10 00:00:00-05:00,27.772499084472656,27.772499084472656,26.457500457763672,26.947500228881836,24.776578903198242,228538000,0.0,0.0,-0.027867876884217102
2016-11-11 00:00:00-05:00,26.780000686645508,27.217500686645508,26.637500762939453,27.107500076293945,24.923686981201172,136575600,0.0,0.0,0.005937384599289386
2016-11-14 00:00:00-05:00,26.927499771118164,26.952499389648438,26.020000457763672,26.427499771118164,24.298473358154297,204702000,0.0,0.0,-0.02508511776441602
2016-11-15 00:00:00-05:00,26.642499923706055,26.920000076293945,26.540000915527344,26.77750015258789,24.620281219482422,129058000,0.0,0.0,0.013243953913677942
2016-11-16 00:00:00-05:00,26.674999237060547,27.5575008392334,26.649999618530273,27.497499465942383,25.282272338867188,235362000,0.0,0.0,0.026888040533871838
2016-11-17 00:00:00-05:00,27.452499389648438,27.587499618530273,27.207500457763672,27.487499237060547,25.27307891845703,110528000,0.0,0.0,-0.0003636310964035827
2016-11-18 00:00:00-05:00,27.43000030517578,27.635000228881836,27.415000915527344,27.514999389648438,25.298364639282227,113715600,0.0,0.0,0.0010005002123714135
2016-11-21 00:00:00-05:00,27.530000686645508,27.997499465942383,27.502500534057617,27.9325008392334,25.682235717773438,117058400,0.0,0.0,0.015173750713322942
2016-11-22 00:00:00-05:00,27.987499237060547,28.104999542236328,27.850000381469727,27.950000762939453,25.698322296142578,103862000,0.0,0.0,0.0006263698591477684
2016-11-23 00:00:00-05:00,27.84000015258789,27.877500534057617,27.582500457763672,27.8075008392334,25.567306518554688,109705600,0.0,0.0,-0.005098222992072743
2016-11-25 00:00:00-05:00,27.782499313354492,27.967500686645508,27.737499237060547,27.947500228881836,25.696022033691406,45903600,0.0,0.0,0.005034379160875124
2016-11-28 00:00:00-05:00,27.857500076293945,28.11750030517578,27.84749984741211,27.892499923706055,25.64545440673828,108776000,0.0,0.0,-0.0019679165470368742
2016-11-29 00:00:00-05:00,27.69499969482422,28.00749969482422,27.517499923706055,27.864999771118164,25.62017059326172,114115200,0.0,0.0,-0.0009858984393709136
2016-11-30 00:00:00-05:00,27.899999618530273,28.049999237060547,27.5674991607666,27.6299991607666,25.40410614013672,144649200,0.0,0.0,-0.008433372929289806
2016-12-01 00:00:00-05:00,27.592500686645508,27.735000610351562,27.25749969482422,27.372499465942383,25.167346954345703,148347600,0.0,0.0,-0.009319721169679385
2016-12-02 00:00:00-05:00,27.292499542236328,27.522499084472656,27.212499618530273,27.475000381469727,25.261594772338867,106112000,0.0,0.0,0.0037448451822963413
2016-12-05 00:00:00-05:00,27.5,27.50749969482422,27.0625,27.27750015258789,25.079994201660156,137298000,0.0,0.0,-0.007188800719642674
2016-12-06 00:00:00-05:00,27.375,27.59000015258789,27.297500610351562,27.487499237060547,25.27307891845703,104782000,0.0,0.0,0.007698754443256295
2016-12-07 00:00:00-05:00,27.315000534057617,27.797500610351562,27.290000915527344,27.75749969482422,25.521326065063477,119994800,0.0,0.0,0.009822592150620313
2016-12-08 00:00:00-05:00,27.71500015258789,28.107500076293945,27.649999618530273,28.030000686645508,25.771881103515625,108273200,0.0,0.0,0.009817477266400143
2016-12-09 00:00:00-05:00,28.077499389648438,28.674999237060547,28.077499389648438,28.487499237060547,26.192522048950195,137610400,0.0,0.0,0.01632170130480648
2016-12-12 00:00:00-05:00,28.322500228881836,28.75,28.122499465942383,28.325000762939453,26.043109893798828,105497600,0.0,0.0,-0.005704382146634712
2016-12-13 00:00:00-05:00,28.459999084472656,28.979999542236328,28.4375,28.797500610351562,26.477548599243164,174935200,0.0,0.0,0.01668152180042748
2016-12-14 00:00:00-05:00,28.760000228881836,29.049999237060547,28.7450008392334,28.797500610351562,26.477548599243164,136127200,0.0,0.0,0.0
2016-12-15 00:00:00-05:00,28.844999313354492,29.1825008392334,28.8075008392334,28.954999923706055,26.622358322143555,186098000,0.0,0.0,0.005469151434378983
2016-12-16 00:00:00-05:00,29.11750030517578,29.125,28.912500381469727,28.99250030517578,26.656835556030273,177404400,0.0,0.0,0.001295048074611893
2016-12-19 00:00:00-05:00,28.950000762939453,29.344999313354492,28.9375,29.15999984741211,26.81083869934082,111117600,0.0,0.0,0.005777247752714265
2016-12-20 00:00:00-05:00,29.184999465942383,29.375,29.170000076293945,29.237499237060547,26.882095336914062,85700000,0.0,0.0,0.0026577548868320644
2016-12-21 00:00:00-05:00,29.200000762939453,29.350000381469727,29.19499969482422,29.264999389648438,26.907384872436523,95132800,0.0,0.0,0.0009407576011284391
2016-12-22 00:00:00-05:00,29.087499618530273,29.127500534057617,28.90999984741211,29.072500228881836,26.730392456054688,104343600,0.0,0.0,-0.0065778379140495336
2016-12-23 00:00:00-05:00,28.897499084472656,29.1299991607666,28.897499084472656,29.1299991607666,26.78325653076172,56998000,0.0,0.0,0.0019776767136487905
2016-12-27 00:00:00-05:00,29.1299991607666,29.450000762939453,29.122499465942383,29.315000534057617,26.95335578918457,73187600,0.0,0.0,0.006350955053859408
2016-12-28 00:00:00-05:00,29.3799991607666,29.5049991607666,29.049999237060547,29.190000534057617,26.838430404663086,83623600,0.0,0.0,-0.0042638618144758
2016-12-29 00:00:00-05:00,29.112499237060547,29.27750015258789,29.100000381469727,29.1825008392334,26.831533432006836,60158000,0.0,0.0,-0.00025698122253270395
2016-12-30 00:00:00-05:00,29.162500381469727,29.299999237060547,28.857500076293945,28.954999923706055,26.622358322143555,122345200,0.0,0.0,-0.007795868633201586
2017-01-03 00:00:00-05:00,28.950000762939453,29.082500457763672,28.690000534057617,29.037500381469727,26.698211669921875,115127600,0.0,0.0,0.002849234724454419
2017-01-04 00:00:00-05:00,28.962499618530273,29.127500534057617,28.9375,29.0049991607666,26.668333053588867,84472400,0.0,0.0,-0.0011191242582988536
2017-01-05 00:00:00-05:00,28.979999542236328,29.21500015258789,28.952499389648438,29.15250015258789,26.80394744873047,88774400,0.0,0.0,0.005085222044778348
2017-01-06 00:00:00-05:00,29.19499969482422,29.540000915527344,29.11750030517578,29.477500915527344,27.102767944335938,127007600,0.0,0.0,0.011148376416460382
2017-01-09 00:00:00-05:00,29.487499237060547,29.857500076293945,29.485000610351562,29.747499465942383,27.35101318359375,134247600,0.0,0.0,0.009159405407139998
2017-01-10 00:00:00-05:00,29.6924991607666,29.844999313354492,29.575000762939453,29.77750015258789,27.378599166870117,97848400,0.0,0.0,0.001008590910003715
2017-01-11 00:00:00-05:00,29.684999465942383,29.982500076293945,29.649999618530273,29.9375,27.52570915222168,110354400,0.0,0.0,0.005373174297740313
2017-01-12 00:00:00-05:00,29.725000381469727,29.825000762939453,29.552499771118164,29.8125,27.410776138305664,108344800,0.0,0.0,-0.0041754787598901055
2017-01-13 00:00:00-05:00,29.77750015258789,29.905000686645508,29.702499389648438,29.760000228881836,27.362504959106445,104447600,0.0,0.0,-0.0017610292738760025
2017-01-17 00:00:00-05:00,29.584999084472656,30.059999465942383,29.55500030517578,30.0,27.583175659179688,137759200,0.0,0.0,0.008064711195230112
2017-01-18 00:00:00-05:00,30.0,30.125,29.927499771118164,29.997499465942383,27.580873489379883,94852000,0.0,0.0,-8.346282633475699e-05
2017-01-19 00:00:00-05:00,29.850000381469727,30.022499084472656,29.842500686645508,29.94499969482422,27.53260612487793,102389200,0.0,0.0,-0.0017500303070726586
2017-01-20 00:00:00-05:00,30.112499237060547,30.112499237060547,29.9325008392334,30.0,27.583175659179688,130391600,0.0,0.0,0.0018367144059081575
2017-01-23 00:00:00-05:00,30.0,30.202499389648438,29.9424991607666,30.020000457763672,27.601560592651367,88200800,0.0,0.0,0.0006665270779131482
2017-01-24 00:00:00-05:00,29.887500762939453,30.024999618530273,29.875,29.99250030517578,27.576276779174805,92844000,0.0,0.0,-0.0009160284032380117
2017-01-25 00:00:00-05:00,30.104999542236328,30.524999618530273,30.06999969482422,30.469999313354492,28.015308380126953,129510400,0.0,0.0,0.015920626430747875
2017-01-26 00:00:00-05:00,30.417499542236328,30.610000610351562,30.399999618530273,30.485000610351562,28.029102325439453,105350400,0.0,0.0,0.0004923717106852799
2017-01-27 00:00:00-05:00,30.53499984741211,30.587499618530273,30.399999618530273,30.487499237060547,28.03139305114746,82251600,0.0,0.0,8.172668826178509e-05
2017-01-30 00:00:00-05:00,30.232500076293945,30.407499313354492,30.165000915527344,30.407499313354492,27.957843780517578,121510000,0.0,0.0,-0.0026238178921640376
2017-01-31 00:00:00-05:00,30.287500381469727,30.34749984741211,30.155000686645508,30.337499618530273,27.89348602294922,196804000,0.0,0.0,-0.002301957120641962
2017-02-01 00:00:00-05:00,31.75749969482422,32.622501373291016,31.752500534057617,32.1875,29.594440460205078,447940000,0.0,0.0,0.06098034630223004
2017-02-02 00:00:00-05:00,31.9950008392334,32.34749984741211,31.94499969482422,32.13249969482422,29.54387855529785,134841600,0.0,0.0,-0.0017084933562172555
2017-02-03 00:00:00-05:00,32.07749938964844,32.29750061035156,32.040000915527344,32.27000045776367,29.67030143737793,98029200,0.0,0.0,0.004279156571925791
2017-02-06 00:00:00-05:00,32.282501220703125,32.625,32.224998474121094,32.5724983215332,29.948423385620117,107383600,0.0,0.0,0.009373748656689385
2017-02-07 00:00:00-05:00,32.6349983215332,33.022499084472656,32.61249923706055,32.88249969482422,30.23344612121582,152735200,0.0,0.0,0.009517119880593006
2017-02-08 00:00:00-05:00,32.837501525878906,33.05500030517578,32.80500030517578,33.0099983215332,30.350688934326172,92016400,0.0,0.0,0.003877917609533821
2017-02-09 00:00:00-05:00,32.912498474121094,33.11249923706055,32.779998779296875,33.10499954223633,30.569997787475586,113399600,0.1425,0.0,0.007225827842786803
2017-02-10 00:00:00-05:00,33.1150016784668,33.23500061035156,33.01250076293945,33.029998779296875,30.500743865966797,80262000,0.0,0.0,-0.002265421214297958
2017-02-13 00:00:00-05:00,33.27000045776367,33.45500183105469,33.1875,33.3224983215332,30.770835876464844,92141600,0.0,0.0,0.008855259782677649
2017-02-14 00:00:00-05:00,33.36750030517578,33.772499084472656,33.3125,33.755001068115234,31.170217514038086,132904800,0.0,0.0,0.012979226147012524
2017-02-15 00:00:00-05:00,33.880001068115234,34.067501068115234,33.654998779296875,33.877498626708984,31.28335189819336,142492400,0.0,0.0,0.0036295667203580795
2017-02-16 00:00:00-05:00,33.91749954223633,33.974998474121094,33.709999084472656,33.837501525878906,31.246410369873047,90338400,0.0,0.0,-0.0011808686115392097
2017-02-17 00:00:00-05:00,33.775001525878906,33.95750045776367,33.775001525878906,33.93000030517578,31.331825256347656,88792800,0.0,0.0,0.0027335903696945607
2017-02-21 00:00:00-05:00,34.057498931884766,34.1875,33.994998931884766,34.17499923706055,31.558059692382812,98028800,0.0,0.0,0.007220595486671311
2017-02-22 00:00:00-05:00,34.10749816894531,34.279998779296875,34.02750015258789,34.27750015258789,31.6527156829834,83347600,0.0,0.0,0.0029994236503529947
2017-02-23 00:00:00-05:00,34.345001220703125,34.369998931884766,34.07500076293945,34.13249969482422,31.518815994262695,83152800,0.0,0.0,-0.004230274901584119
2017-02-24 00:00:00-05:00,33.977500915527344,34.165000915527344,33.81999969482422,34.165000915527344,31.548831939697266,87106400,0.0,0.0,0.0009523183053588014
2017-02-27 00:00:00-05:00,34.28499984741211,34.36000061035156,34.06999969482422,34.23249816894531,31.611154556274414,81029600,0.0,0.0,0.001975433407368943
2017-02-28 00:00:00-05:00,34.27000045776367,34.36000061035156,34.17499923706055,34.247501373291016,31.625019073486328,93931600,0.0,0.0,0.0004385957237731386
2017-03-01 00:00:00-05:00,34.47249984741211,35.037498474121094,34.400001525878906,34.9474983215332,32.27140808105469,145658400,0.0,0.0,0.02043916577777738
2017-03-02 00:00:00-05:00,35.0,35.06999969482422,34.689998626708984,34.7400016784668,32.07979965209961,104844000,0.0,0.0,-0.005937405286866482
2017-03-03 00:00:00-05:00,34.69499969482422,34.95750045776367,34.647499084472656,34.94499969482422,32.26909255981445,84432400,0.0,0.0,0.00590068858807391
2017-03-06 00:00:00-05:00,34.842498779296875,34.942501068115234,34.650001525878906,34.834999084472656,32.167518615722656,87000000,0.0,0.0,-0.0031477161591549896
2017-03-07 00:00:00-05:00,34.76499938964844,34.994998931884766,34.6974983215332,34.880001068115234,32.20908737182617,69785200,0.0,0.0,0.0012922587097905502
2017-03-08 00:00:00-05:00,34.73749923706055,34.95000076293945,34.70500183105469,34.75,32.08903503417969,74828800,0.0,0.0,-0.003727281566862861
2017-03-09 00:00:00-05:00,34.685001373291016,34.6974983215332,34.26250076293945,34.66999816894531,32.01515579223633,88623600,0.0,0.0,-0.002302320461324725
2017-03-10 00:00:00-05:00,34.8125,34.84000015258789,34.65999984741211,34.78499984741211,32.121360778808594,78451200,0.0,0.0,0.0033173346792840785
2017-03-13 00:00:00-04:00,34.712501525878906,34.85749816894531,34.70500183105469,34.79999923706055,32.135196685791016,69686800,0.0,0.0,0.00043073850692998406
2017-03-14 00:00:00-04:00,34.82500076293945,34.912498474121094,34.709999084472656,34.747501373291016,32.08671951293945,61236400,0.0,0.0,-0.0015085382338113629
2017-03-15 00:00:00-04:00,34.852500915527344,35.1875,34.75749969482422,35.1150016784668,32.426090240478516,102767200,0.0,0.0,0.010576672613796134
2017-03-16 00:00:00-04:00,35.18000030517578,35.255001068115234,35.064998626708984,35.17250061035156,32.47919464111328,76928000,0.0,0.0,0.0016377059411396555
2017-03-17 00:00:00-04:00,35.25,35.25,34.97249984741211,34.997501373291016,32.31757736206055,175540000,0.0,0.0,-0.0049760248318519995
2017-03-20 00:00:00-04:00,35.099998474121094,35.375,35.057498931884766,35.3650016784668,32.65693664550781,86168000,0.0,0.0,0.010500764944270102
2017-03-21 00:00:00-04:00,35.52750015258789,35.70000076293945,34.932498931884766,34.959999084472656,32.2829475402832,158119600,0.0,0.0,-0.011452057162748441
2017-03-22 00:00:00-04:00,34.962501525878906,35.400001525878906,34.939998626708984,35.35499954223633,32.647708892822266,103440800,0.0,0.0,0.011298886264456076
2017-03-23 00:00:00-04:00,35.314998626708984,35.39500045776367,35.15250015258789,35.22999954223633,32.532283782958984,81385200,0.0,0.0,-0.003535473507259135
2017-03-24 00:00:00-04:00,35.375,35.435001373291016,35.087501525878906,35.15999984741211,32.4676399230957,89582400,0.0,0.0,-0.001987067993583169
2017-03-27 00:00:00-04:00,34.84749984741211,35.30500030517578,34.654998779296875,35.220001220703125,32.52304458618164,94300400,0.0,0.0,0.001706457975300113
2017-03-28 00:00:00-04:00,35.227500915527344,36.0099983215332,35.154998779296875,35.95000076293945,33.19713592529297,133499200,0.0,0.0,0.02072657550018353
2017-03-29 00:00:00-04:00,35.91999816894531,36.122501373291016,35.79750061035156,36.029998779296875,33.27101516723633,116760000,0.0,0.0,0.002225470357130055
2017-03-30 00:00:00-04:00,36.04750061035156,36.125,35.875,35.98249816894531,33.227149963378906,84829200,0.0,0.0,-0.0013184209630194843
2017-03-31 00:00:00-04:00,35.93000030517578,36.067501068115234,35.752498626708984,35.915000915527344,33.164825439453125,78646800,0.0,0.0,-0.0018757107965766684
2017-04-03 00:00:00-04:00,35.9275016784668,36.029998779296875,35.76250076293945,35.92499923706055,33.17405700683594,79942800,0.0,0.0,0.0002783541677209289
2017-04-04 00:00:00-04:00,35.8125,36.22249984741211,35.79249954223633,36.192501068115234,33.42106628417969,79565600,0.0,0.0,0.007445856781787441
2017-04-05 00:00:00-04:00,36.05500030517578,36.3650016784668,35.95249938964844,36.005001068115234,33.2479362487793,110871600,0.0,0.0,-0.005180266659605137
2017-04-06 00:00:00-04:00,36.0724983215332,36.130001068115234,35.86249923706055,35.915000915527344,33.164825439453125,84596000,0.0,0.0,-0.0024997283652221647
2017-04-07 00:00:00-04:00,35.932498931884766,36.04499816894531,35.817501068115234,35.834999084472656,33.0909423828125,66688800,0.0,0.0,-0.0022277535208351518
2017-04-10 00:00:00-04:00,35.900001525878906,35.970001220703125,35.724998474121094,35.79249954223633,33.05170822143555,75733600,0.0,0.0,-0.001185646541070784
2017-04-11 00:00:00-04:00,35.73500061035156,35.837501525878906,35.01499938964844,35.407501220703125,32.69617462158203,121517600,0.0,0.0,-0.010756890308711409
2017-04-12 00:00:00-04:00,35.400001525878906,35.537498474121094,35.252498626708984,35.45000076293945,32.735435485839844,81400000,0.0,0.0,0.0012007785226317846
2017-04-13 00:00:00-04:00,35.477500915527344,35.595001220703125,35.26250076293945,35.26250076293945,32.562286376953125,71291600,0.0,0.0,-0.005289347959388402
2017-04-17 00:00:00-04:00,35.369998931884766,35.470001220703125,35.217498779296875,35.45750045776367,32.74234390258789,66328400,0.0,0.0,0.005529633992845451
2017-04-18 00:00:00-04:00,35.352500915527344,35.5099983215332,35.27750015258789,35.29999923706055,32.59691619873047,58790000,0.0,0.0,-0.004441578901317689
2017-04-19 00:00:00-04:00,35.470001220703125,35.5,35.11249923706055,35.16999816894531,32.47687911987305,69313600,0.0,0.0,-0.0036824673268355257
2017-04-20 00:00:00-04:00,35.30500030517578,35.72999954223633,35.290000915527344,35.61000061035156,32.8831787109375,93278400,0.0,0.0,0.012510425942246162
2017-04-21 00:00:00-04:00,35.61000061035156,35.66999816894531,35.462501525878906,35.567501068115234,32.843936920166016,69283600,0.0,0.0,-0.0011933697504259433
2017-04-24 00:00:00-04:00,35.875,35.98749923706055,35.79499816894531,35.90999984741211,33.16020584106445,68537200,0.0,0.0,0.009629446118691432
2017-04-25 00:00:00-04:00,35.977500915527344,36.224998474121094,35.967498779296875,36.13249969482422,33.36567306518555,75486000,0.0,0.0,0.0061961986938769975
2017-04-26 00:00:00-04:00,36.11750030517578,36.150001525878906,35.845001220703125,35.91999816894531,33.16944122314453,80164800,0.0,0.0,-0.005881249320451087
2017-04-27 00:00:00-04:00,35.97999954223633,36.040000915527344,35.82749938964844,35.9474983215332,33.194828033447266,56985200,0.0,0.0,0.0007653674396246313
2017-04-28 00:00:00-04:00,36.022499084472656,36.07500076293945,35.817501068115234,35.912498474121094,33.162513732910156,83441600,0.0,0.0,-0.0009734739551761074
2017-05-01 00:00:00-04:00,36.275001525878906,36.79999923706055,36.2400016784668,36.64500045776367,33.83891296386719,134411600,0.0,0.0,0.020396500591141287
2017-05-02 00:00:00-04:00,36.8849983215332,37.022499084472656,36.709999084472656,36.877498626708984,34.053619384765625,181408800,0.0,0.0,0.006344956208483854
2017-05-03 00:00:00-04:00,36.397499084472656,36.872501373291016,36.067501068115234,36.76499938964844,33.94973373413086,182788000,0.0,0.0,-0.0030506493145701086
2017-05-04 00:00:00-04:00,36.630001068115234,36.78499984741211,36.45249938964844,36.63249969482422,33.82737731933594,93487600,0.0,0.0,-0.0036040463749473783
2017-05-05 00:00:00-04:00,36.689998626708984,37.244998931884766,36.689998626708984,37.2400016784668,34.388362884521484,109310800,0.0,0.0,0.01658377354796836
2017-05-08 00:00:00-04:00,37.25749969482422,38.42499923706055,37.25749969482422,38.252498626708984,35.32332229614258,195009600,0.0,0.0,0.027188250128706404
2017-05-09 00:00:00-04:00,38.467498779296875,38.720001220703125,38.36249923706055,38.497501373291016,35.54956817626953,156521600,0.0,0.0,0.006405000023218754
2017-05-10 00:00:00-04:00,38.407501220703125,38.48500061035156,38.02750015258789,38.314998626708984,35.381019592285156,103222800,0.0,0.0,-0.00474122732373683
2017-05-11 00:00:00-04:00,38.11249923706055,38.51750183105469,38.07749938964844,38.48749923706055,35.68703842163086,109020400,0.1575,0.0,0.00864923715800514
2017-05-12 00:00:00-04:00,38.67499923706055,39.10499954223633,38.66749954223633,39.025001525878906,36.185420989990234,130108000,0.0,0.0,0.013965366429994797
2017-05-15 00:00:00-04:00,39.002498626708984,39.162498474121094,38.76250076293945,38.92499923706055,36.09269332885742,104038800,0.0,0.0,-0.0025625696370498163
2017-05-16 00:00:00-04:00,38.98500061035156,39.01499938964844,38.68000030517578,38.86750030517578,36.03938674926758,80194000,0.0,0.0,-0.0014769354867518736
2017-05-17 00:00:00-04:00,38.400001525878906,38.64250183105469,37.4275016784668,37.5625,34.82933807373047,203070800,0.0,0.0,-0.033575728797929694
2017-05-18 00:00:00-04:00,37.817501068115234,38.334999084472656,37.782501220703125,38.1349983215332,35.36017608642578,134272800,0.0,0.0,0.015241116887480866
2017-05-19 00:00:00-04:00,38.345001220703125,38.494998931884766,38.157501220703125,38.26499938964844,35.48072052001953,107843200,0.0,0.0,0.003409045059592497
2017-05-22 00:00:00-04:00,38.5,38.64500045776367,38.227500915527344,38.497501373291016,35.69630432128906,91865600,0.0,0.0,0.006076082957444218
2017-05-23 00:00:00-04:00,38.724998474121094,38.724998474121094,38.32749938964844,38.45000076293945,35.65225601196289,79675600,0.0,0.0,-0.0012339739411034722
2017-05-24 00:00:00-04:00,38.459999084472656,38.54249954223633,38.16749954223633,38.334999084472656,35.545623779296875,76712000,0.0,0.0,-0.002990897199611653
2017-05-25 00:00:00-04:00,38.432498931884766,38.587501525878906,38.25749969482422,38.467498779296875,35.668479919433594,76942400,0.0,0.0,0.0034562943922304967
2017-05-26 00:00:00-04:00,38.5,38.560001373291016,38.32749938964844,38.40250015258789,35.608211517333984,87710400,0.0,0.0,-0.0016896823816361373
2017-05-30 00:00:00-04:00,38.35499954223633,38.60749816894531,38.33250045776367,38.41749954223633,35.62211227416992,80507600,0.0,0.0,0.0003903806522034259
2017-05-31 00:00:00-04:00,38.49250030517578,38.54249954223633,38.095001220703125,38.189998626708984,35.41118621826172,97804800,0.0,0.0,-0.005921211361212486
2017-06-01 00:00:00-04:00,38.29249954223633,38.33250045776367,38.05500030517578,38.29499816894531,35.50853729248047,65616400,0.0,0.0,0.0027491616242030226
2017-06-02 00:00:00-04:00,38.39500045776367,38.86249923706055,38.22249984741211,38.86249923706055,36.03474426269531,111082800,0.0,0.0,0.01481916773649461
2017-06-05 00:00:00-04:00,38.584999084472656,38.61249923706055,38.3650016784668,38.48249816894531,35.68238830566406,101326800,0.0,0.0,-0.009778228324934246
2017-06-06 00:00:00-04:00,38.474998474121094,38.95249938964844,38.44499969482422,38.61249923706055,35.80292510986328,106499600,0.0,0.0,0.0033780475445386315
2017-06-07 00:00:00-04:00,38.755001068115234,38.994998931884766,38.619998931884766,38.842498779296875,36.01619338989258,84278400,0.0,0.0,0.005956727819720564
2017-06-08 00:00:00-04:00,38.8125,38.8849983215332,38.599998474121094,38.747501373291016,35.9281120300293,85003200,0.0,0.0,-0.002445604367728671
2017-06-09 00:00:00-04:00,38.79750061035156,38.79750061035156,36.505001068115234,37.244998931884766,34.53493881225586,259530800,0.0,0.0,-0.03877668875584117
2017-06-12 00:00:00-04:00,36.435001373291016,36.522499084472656,35.627498626708984,36.35499954223633,33.70968246459961,289229200,0.0,0.0,-0.023896273630094833
2017-06-13 00:00:00-04:00,36.790000915527344,36.86249923706055,36.287498474121094,36.647499084472656,33.98091125488281,136661600,0.0,0.0,0.008046020325704228
2017-06-14 00:00:00-04:00,36.875,36.875,35.959999084472656,36.290000915527344,33.649436950683594,126124800,0.0,0.0,-0.009754720869988076
2017-06-15 00:00:00-04:00,35.83000183105469,36.119998931884766,35.5525016784668,36.0724983215332,33.44775390625,128661600,0.0,0.0,-0.005993652872384736
2017-06-16 00:00:00-04:00,35.94499969482422,36.125,35.54999923706055,35.567501068115234,32.9795036315918,201444400,0.0,0.0,-0.013999453475131762
2017-06-19 00:00:00-04:00,35.915000915527344,36.685001373291016,35.915000915527344,36.584999084472656,33.922950744628906,130165600,0.0,0.0,0.02860707436886223
2017-06-20 00:00:00-04:00,36.717498779296875,36.717498779296875,36.23500061035156,36.252498626708984,33.614662170410156,99600400,0.0,0.0,-0.009087905605250524
2017-06-21 00:00:00-04:00,36.380001068115234,36.51750183105469,36.15250015258789,36.467498779296875,33.81401824951172,85063200,0.0,0.0,0.005930628667065729
2017-06-22 00:00:00-04:00,36.442501068115234,36.67499923706055,36.279998779296875,36.407501220703125,33.758384704589844,76425200,0.0,0.0,-0.0016452805020497063
2017-06-23 00:00:00-04:00,36.282501220703125,36.790000915527344,36.27750015258789,36.56999969482422,33.909053802490234,141757600,0.0,0.0,0.004463160758989337
2017-06-26 00:00:00-04:00,36.79249954223633,37.06999969482422,36.345001220703125,36.45500183105469,33.802433013916016,102769600,0.0,0.0,-0.003144316240590306
2017-06-27 00:00:00-04:00,36.252498626708984,36.540000915527344,35.904998779296875,35.932498931884766,33.31794738769531,99047600,0.0,0.0,-0.014332862549309544
2017-06-28 00:00:00-04:00,36.122501373291016,36.52750015258789,35.790000915527344,36.45750045776367,33.80472946166992,88329600,0.0,0.0,0.014610205974284751
2017-06-29 00:00:00-04:00,36.1775016784668,36.282501220703125,35.56999969482422,35.91999816894531,33.30635070800781,125997600,0.0,0.0,-0.014742870645576556
2017-06-30 00:00:00-04:00,36.11249923706055,36.2400016784668,35.94499969482422,36.005001068115234,33.385169982910156,92096400,0.0,0.0,0.0023664938735961094
2017-07-03 00:00:00-04:00,36.220001220703125,36.32500076293945,35.775001525878906,35.875,33.26462936401367,57111200,0.0,0.0,-0.0036106037189024276
2017-07-05 00:00:00-04:00,35.92250061035156,36.1974983215332,35.68000030517578,36.022499084472656,33.401390075683594,86278400,0.0,0.0,0.004111295219115574
2017-07-06 00:00:00-04:00,35.755001068115234,35.875,35.602500915527344,35.682498931884766,33.08613967895508,96515200,0.0,0.0,-0.009438241822097737
2017-07-07 00:00:00-04:00,35.724998474121094,36.1875,35.724998474121094,36.04499816894531,33.4222526550293,76806800,0.0,0.0,0.010158724448836365
2017-07-10 00:00:00-04:00,36.02750015258789,36.48749923706055,35.842498779296875,36.26499938964844,33.62626266479492,84362400,0.0,0.0,0.006104017340522461
2017-07-11 00:00:00-04:00,36.182498931884766,36.462501525878906,36.095001220703125,36.38249969482422,33.73519515991211,79127200,0.0,0.0,0.003239506459670638
2017-07-12 00:00:00-04:00,36.467498779296875,36.54499816894531,36.20500183105469,36.435001373291016,33.78386306762695,99538000,0.0,0.0,0.00144264491383983
2017-07-13 00:00:00-04:00,36.375,37.122501373291016,36.36000061035156,36.942501068115234,34.254459381103516,100797600,0.0,0.0,0.013929618188853743
2017-07-14 00:00:00-04:00,36.99250030517578,37.33250045776367,36.83250045776367,37.2599983215332,34.54885482788086,80528400,0.0,0.0,0.008594368502564897
2017-07-17 00:00:00-04:00,37.20500183105469,37.724998474121094,37.14250183105469,37.38999938964844,34.66938400268555,95174000,0.0,0.0,0.003488659042540032
2017-07-18 00:00:00-04:00,37.29999923706055,37.532501220703125,37.16749954223633,37.52000045776367,34.789920806884766,71475200,0.0,0.0,0.0034767506740207565
2017-07-19 00:00:00-04:00,37.619998931884766,37.85499954223633,37.48749923706055,37.755001068115234,35.00782775878906,83692000,0.0,0.0,0.00626350813253862
2017-07-20 00:00:00-04:00,37.875,37.935001373291016,37.54750061035156,37.584999084472656,34.85020065307617,68974800,0.0,0.0,-0.004502624578679226
2017-07-21 00:00:00-04:00,37.497501373291016,37.61000061035156,37.220001220703125,37.567501068115234,34.83396530151367,105010400,0.0,0.0,-0.00046586106416190987
2017-07-24 00:00:00-04:00,37.64500045776367,38.11000061035156,37.474998474121094,38.022499084472656,35.255855560302734,85972800,0.0,0.0,0.012111462336753531
2017-07-25 00:00:00-04:00,37.95000076293945,38.459999084472656,37.95000076293945,38.185001373291016,35.40654754638672,75415600,0.0,0.0,0.004274239943666602
2017-07-26 00:00:00-04:00,38.337501525878906,38.48249816894531,38.26499938964844,38.3650016784668,35.573448181152344,63124000,0.0,0.0,0.0047138353307949465
2017-07-27 00:00:00-04:00,38.4375,38.497501373291016,36.82500076293945,37.63999938964844,34.90119171142578,129905200,0.0,0.0,-0.018897703318025316
2017-07-28 00:00:00-04:00,37.47249984741211,37.557498931884766,37.29750061035156,37.375,34.655494689941406,68854800,0.0,0.0,-0.00703978888502943
2017-07-31 00:00:00-04:00,37.474998474121094,37.58250045776367,37.032501220703125,37.182498931884766,34.476985931396484,79383600,0.0,0.0,-0.0051509511014636855
2017-08-01 00:00:00-04:00,37.275001525878906,37.55500030517578,37.102500915527344,37.51250076293945,34.782981872558594,141474400,0.0,0.0,0.008875368101231018
2017-08-02 00:00:00-04:00,39.81999969482422,39.9375,39.040000915527344,39.28499984741211,36.426509857177734,279747200,0.0,0.0,0.04725092261039787
2017-08-03 00:00:00-04:00,39.26250076293945,39.3025016784668,38.755001068115234,38.89250183105469,36.062564849853516,108389200,0.0,0.0,-0.009991212684146378
2017-08-04 00:00:00-04:00,39.01750183105469,39.349998474121094,38.92250061035156,39.09749984741211,36.25265121459961,82239600,0.0,0.0,0.005271016233524106
2017-08-07 00:00:00-04:00,39.26499938964844,39.72999954223633,39.16749954223633,39.70249938964844,36.813629150390625,87481200,0.0,0.0,0.015474121670999264
2017-08-08 00:00:00-04:00,39.650001525878906,40.45750045776367,39.567501068115234,40.02000045776367,37.10801315307617,144823600,0.0,0.0,0.00799660368943611
2017-08-09 00:00:00-04:00,39.814998626708984,40.317501068115234,39.77750015258789,40.26499938964844,37.335182189941406,104526000,0.0,0.0,0.006121832390436177
2017-08-10 00:00:00-04:00,39.974998474121094,40.0,38.657501220703125,38.83000183105469,36.145999908447266,163217200,0.1575,0.0,-0.031851519444694776
2017-08-11 00:00:00-04:00,39.150001525878906,39.64250183105469,39.01750183105469,39.369998931884766,36.64867401123047,105028400,0.0,0.0,0.013906769879278746
2017-08-14 00:00:00-04:00,39.83000183105469,40.0525016784668,39.6875,39.962501525878906,37.20021057128906,88490800,0.0,0.0,0.015049291002713572
2017-08-15 00:00:00-04:00,40.165000915527344,40.54999923706055,40.03499984741211,40.400001525878906,37.60748291015625,117862000,0.0,0.0,0.010948119180312244
2017-08-16 00:00:00-04:00,40.48500061035156,40.627498626708984,40.037498474121094,40.23749923706055,37.45621871948242,110686400,0.0,0.0,-0.004022183325462003
2017-08-17 00:00:00-04:00,40.130001068115234,40.1775016784668,39.459999084472656,39.46500015258789,36.73712158203125,111762400,0.0,0.0,-0.019198337740299998
2017-08-18 00:00:00-04:00,39.46500015258789,39.875,39.18000030517578,39.375,36.65332794189453,109712400,0.0,0.0,-0.002280898353715921
2017-08-21 00:00:00-04:00,39.375,39.47249984741211,38.77750015258789,39.3025016784668,36.585845947265625,105474000,0.0,0.0,-0.0018410877925160163
2017-08-22 00:00:00-04:00,39.557498931884766,40.0,39.505001068115234,39.94499969482422,37.18394088745117,86418400,0.0,0.0,0.016347713841238898
2017-08-23 00:00:00-04:00,39.76750183105469,40.11750030517578,39.720001220703125,39.994998931884766,37.230472564697266,77596400,0.0,0.0,0.0012513917604091152
2017-08-24 00:00:00-04:00,40.10749816894531,40.185001373291016,39.63750076293945,39.817501068115234,37.065242767333984,79275600,0.0,0.0,-0.004438025788583655
2017-08-25 00:00:00-04:00,39.912498474121094,40.13999938964844,39.817501068115234,39.96500015258789,37.202545166015625,101920400,0.0,0.0,0.003704343703979429
2017-08-28 00:00:00-04:00,40.03499984741211,40.5,39.98249816894531,40.36750030517578,37.57722473144531,103864000,0.0,0.0,0.01007134226321571
2017-08-29 00:00:00-04:00,40.025001525878906,40.779998779296875,40.0,40.727500915527344,37.912349700927734,118067600,0.0,0.0,0.008918300163928361
2017-08-30 00:00:00-04:00,40.95000076293945,40.97249984741211,40.65250015258789,40.837501525878906,38.01472854614258,109078400,0.0,0.0,0.002700408864722448
2017-08-31 00:00:00-04:00,40.90999984741211,41.130001068115234,40.869998931884766,41.0,38.16600799560547,107140400,0.0,0.0,0.003979495717804982
2017-09-01 00:00:00-04:00,41.20000076293945,41.23500061035156,40.907501220703125,41.01250076293945,38.17764663696289,66364400,0.0,0.0,0.0003049478310324094
2017-09-05 00:00:00-04:00,40.9375,41.0625,40.13999938964844,40.52000045776367,37.71918869018555,117874000,0.0,0.0,-0.012008543929825977
2017-09-06 00:00:00-04:00,40.6775016784668,40.747501373291016,40.130001068115234,40.477500915527344,37.67961502075195,86606800,0.0,0.0,-0.001049165446230571
2017-09-07 00:00:00-04:00,40.522499084472656,40.560001373291016,40.09000015258789,40.314998626708984,37.528350830078125,87714000,0.0,0.0,-0.004014483443913086
2017-09-08 00:00:00-04:00,40.21500015258789,40.287498474121094,39.63249969482422,39.657501220703125,36.91630172729492,114446000,0.0,0.0,-0.016308979458075745
2017-09-11 00:00:00-04:00,40.125,40.51250076293945,39.97249984741211,40.375,37.58419418334961,126323200,0.0,0.0,0.018092073821166732
2017-09-12 00:00:00-04:00,40.65250015258789,40.9900016784668,39.692501068115234,40.21500015258789,37.43525695800781,286856000,0.0,0.0,-0.00396276223497638
2017-09-13 00:00:00-04:00,39.967498779296875,39.9900016784668,39.477500915527344,39.912498474121094,37.15365982055664,179629600,0.0,0.0,-0.007522244010961354
2017-09-14 00:00:00-04:00,39.747501373291016,39.849998474121094,39.522499084472656,39.56999969482422,36.834842681884766,95042800,0.0,0.0,-0.0085810426270706
2017-09-15 00:00:00-04:00,39.61750030517578,40.24250030517578,39.5,39.970001220703125,37.20720291137695,196458400,0.0,0.0,0.010108913256613672
2017-09-18 00:00:00-04:00,40.02750015258789,40.125,39.5,39.66749954223633,36.925621032714844,113077600,0.0,0.0,-0.0075679399855130836
2017-09-19 00:00:00-04:00,39.877498626708984,39.942501068115234,39.61000061035156,39.682498931884766,36.9395751953125,83242400,0.0,0.0,0.0003778991986429503
2017-09-20 00:00:00-04:00,39.474998474121094,39.564998626708984,38.45750045776367,39.01750183105469,36.32053756713867,211805600,0.0,0.0,-0.01675811443149411
2017-09-21 00:00:00-04:00,38.95000076293945,38.95000076293945,38.1875,38.34749984741211,35.69685363769531,150046800,0.0,0.0,-0.017171660201627748
2017-09-22 00:00:00-04:00,37.8849983215332,38.067501068115234,37.63999938964844,37.97249984741211,35.34776306152344,186581600,0.0,0.0,-0.009779309395583247
2017-09-25 00:00:00-04:00,37.497501373291016,37.95750045776367,37.290000915527344,37.63750076293945,35.035919189453125,177549200,0.0,0.0,-0.00882216709237138
2017-09-26 00:00:00-04:00,37.94499969482422,38.47999954223633,37.92250061035156,38.28499984741211,35.63866424560547,146640000,0.0,0.0,0.017203631875420733
2017-09-27 00:00:00-04:00,38.45000076293945,38.68000030517578,38.3849983215332,38.557498931884766,35.892337799072266,102016800,0.0,0.0,0.007117931012189382
2017-09-28 00:00:00-04:00,38.47249984741211,38.56999969482422,38.17499923706055,38.31999969482422,35.67124938964844,88022000,0.0,0.0,-0.0061597662058542335
2017-09-29 00:00:00-04:00,38.3025016784668,38.532501220703125,38.0,38.529998779296875,35.86672592163086,105199200,0.0,0.0,0.005479946324480345
2017-10-02 00:00:00-04:00,38.564998626708984,38.61249923706055,38.18000030517578,38.45249938964844,35.79458999633789,74795200,0.0,0.0,-0.002011221360170623
2017-10-03 00:00:00-04:00,38.502498626708984,38.772499084472656,38.477500915527344,38.619998931884766,35.950496673583984,64921200,0.0,0.0,0.0043555933246348655
2017-10-04 00:00:00-04:00,38.407501220703125,38.46500015258789,38.1150016784668,38.369998931884766,35.717796325683594,80655200,0.0,0.0,-0.006472799249846672
2017-10-05 00:00:00-04:00,38.54499816894531,38.86000061035156,38.51250076293945,38.84749984741211,36.16228485107422,85135200,0.0,0.0,0.012444455456816828
2017-10-06 00:00:00-04:00,38.74250030517578,38.872501373291016,38.63999938964844,38.82500076293945,36.14134979248047,69630400,0.0,0.0,-0.0005789196860752632
2017-10-09 00:00:00-04:00,38.95249938964844,39.182498931884766,38.872501373291016,38.959999084472656,36.26700973510742,65051600,0.0,0.0,0.003476902311299268
2017-10-10 00:00:00-04:00,39.01499938964844,39.5,38.775001525878906,38.974998474121094,36.28097152709961,62468000,0.0,0.0,0.00038497224045119793
2017-10-11 00:00:00-04:00,38.99250030517578,39.244998931884766,38.9375,39.13750076293945,36.4322509765625,67622400,0.0,0.0,0.004169663685821945
2017-10-12 00:00:00-04:00,39.087501525878906,39.342498779296875,38.932498931884766,39.0,36.30424499511719,64500400,0.0,0.0,-0.0035135347944232898
2017-10-13 00:00:00-04:00,39.182498931884766,39.31999969482422,39.102500915527344,39.247501373291016,36.53463363647461,65576800,0.0,0.0,0.0063460524076015545
2017-10-16 00:00:00-04:00,39.474998474121094,40.0,39.412498474121094,39.970001220703125,37.20720291137695,96486000,0.0,0.0,0.018409087705504756
2017-10-17 00:00:00-04:00,39.94499969482422,40.217498779296875,39.807498931884766,40.11750030517578,37.34450912475586,75989200,0.0,0.0,0.003690312698483522
2017-10-18 00:00:00-04:00,40.10499954223633,40.1775016784668,39.900001525878906,39.939998626708984,37.17927932739258,65496800,0.0,0.0,-0.004424473670581741
2017-10-19 00:00:00-04:00,39.1875,39.27000045776367,38.755001068115234,38.994998931884766,36.299583435058594,170336800,0.0,0.0,-0.02366091834614581
2017-10-20 00:00:00-04:00,39.15250015258789,39.4375,38.9900016784668,39.0625,36.3624267578125,95896400,0.0,0.0,0.001731240879563778
2017-10-23 00:00:00-04:00,39.22249984741211,39.42250061035156,38.875,39.04249954223633,36.34379959106445,87937200,0.0,0.0,-0.0005122641256072313
2017-10-24 00:00:00-04:00,39.0724983215332,39.35499954223633,39.04999923706055,39.275001525878906,36.560237884521484,71028800,0.0,0.0,0.0059553017541469355
2017-10-25 00:00:00-04:00,39.227500915527344,39.38750076293945,38.817501068115234,39.102500915527344,36.399662017822266,84828400,0.0,0.0,-0.004392090314248254
2017-10-26 00:00:00-04:00,39.307498931884766,39.45750045776367,39.19499969482422,39.352500915527344,36.63237762451172,68002000,0.0,0.0,0.0063933452617090936
2017-10-27 00:00:00-04:00,39.8224983215332,40.900001525878906,39.67499923706055,40.76250076293945,37.94492721557617,177816800,0.0,0.0,0.035830313951180415
2017-10-30 00:00:00-04:00,40.97249984741211,42.01750183105469,40.93000030517578,41.68000030517578,38.799007415771484,178803200,0.0,0.0,0.022508415824413985
2017-10-31 00:00:00-04:00,41.974998474121094,42.412498474121094,41.73500061035156,42.2599983215332,39.33890914916992,144187200,0.0,0.0,0.01391534911222947
2017-11-01 00:00:00-04:00,42.467498779296875,42.48500061035156,41.40250015258789,41.72249984741211,38.83855438232422,134551200,0.0,0.0,-0.012719080871012478
2017-11-02 00:00:00-04:00,41.650001525878906,42.125,41.31999969482422,42.02750015258789,39.122474670410156,165573600,0.0,0.0,0.007310269205466513
2017-11-03 00:00:00-04:00,43.5,43.564998626708984,42.779998779296875,43.125,40.14412307739258,237594400,0.0,0.0,0.026114104887008383
2017-11-06 00:00:00-05:00,43.092498779296875,43.747501373291016,42.93000030517578,43.5625,40.5513801574707,140105200,0.0,0.0,0.010144874239573998
2017-11-07 00:00:00-05:00,43.477500915527344,43.8125,43.400001525878906,43.70249938964844,40.681697845458984,97446000,0.0,0.0,0.0032136437152625597
2017-11-08 00:00:00-05:00,43.665000915527344,44.060001373291016,43.58250045776367,44.060001373291016,41.014495849609375,97638000,0.0,0.0,0.00818053379715411
2017-11-09 00:00:00-05:00,43.77750015258789,44.025001525878906,43.28499984741211,43.970001220703125,40.93070983886719,117930400,0.0,0.0,-0.0020428389769658883
2017-11-10 00:00:00-05:00,43.77750015258789,43.845001220703125,43.567501068115234,43.66749954223633,40.795249938964844,100582000,0.1575,0.0,-0.003309493053885726
2017-11-13 00:00:00-05:00,43.375,43.625,43.349998474121094,43.49250030517578,40.63176345825195,67928400,0.0,0.0,-0.00400748815015195
2017-11-14 00:00:00-05:00,43.2599983215332,43.369998931884766,42.79499816894531,42.834999084472656,40.017494201660156,99130000,0.0,0.0,-0.015117957093418899
2017-11-15 00:00:00-05:00,42.49250030517578,42.58000183105469,42.095001220703125,42.27000045776367,39.48966979980469,116632400,0.0,0.0,-0.013189841402752589
2017-11-16 00:00:00-05:00,42.79499816894531,42.967498779296875,42.57500076293945,42.775001525878906,39.961463928222656,94550000,0.0,0.0,0.011947279650849296
2017-11-17 00:00:00-05:00,42.7599983215332,42.84749984741211,42.40999984741211,42.537498474121094,39.73957824707031,87598000,0.0,0.0,-0.005552491308899121
2017-11-20 00:00:00-05:00,42.5724983215332,42.63999938964844,42.38999938964844,42.494998931884766,39.69987487792969,65049600,0.0,0.0,-0.000999088840193063
2017-11-21 00:00:00-05:00,42.69499969482422,43.42499923706055,42.69499969482422,43.28499984741211,40.437904357910156,100525200,0.0,0.0,0.018590221814295038
2017-11-22 00:00:00-05:00,43.34000015258789,43.75,43.26250076293945,43.7400016784668,40.86298370361328,102355600,0.0,0.0,0.01051190343448094
2017-11-24 00:00:00-05:00,43.775001525878906,43.875,43.662498474121094,43.74250030517578,40.865318298339844,56106800,0.0,0.0,5.713226286885309e-05
2017-11-27 00:00:00-05:00,43.76250076293945,43.77000045776367,43.334999084472656,43.522499084472656,40.6597900390625,82867200,0.0,0.0,-0.005029405565297962
2017-11-28 00:00:00-05:00,43.57500076293945,43.717498779296875,42.96500015258789,43.26750183105469,40.42155838012695,105715200,0.0,0.0,-0.005859146314003971
2017-11-29 00:00:00-05:00,43.157501220703125,43.22999954223633,41.790000915527344,42.369998931884766,39.58308410644531,166665600,0.0,0.0,-0.020743244626953095
2017-11-30 00:00:00-05:00,42.60749816894531,43.03499984741211,42.11000061035156,42.962501525878906,40.13662338256836,166108800,0.0,0.0,0.013984238182009445
2017-12-01 00:00:00-05:00,42.48749923706055,42.91749954223633,42.125,42.76250076293945,39.949771881103516,159037200,0.0,0.0,-0.004655386669771389
2017-12-04 00:00:00-05:00,43.119998931884766,43.154998779296875,42.407501220703125,42.45000076293945,39.65782928466797,130169600,0.0,0.0,-0.007307741263314682
2017-12-05 00:00:00-05:00,42.26499938964844,42.880001068115234,42.099998474121094,42.40999984741211,39.62046432495117,109400800,0.0,0.0,-0.0009421836845528997
2017-12-06 00:00:00-05:00,41.875,42.54999923706055,41.6150016784668,42.252498626708984,39.47332000732422,114240000,0.0,0.0,-0.0037138463704042834
2017-12-07 00:00:00-05:00,42.25749969482422,42.61000061035156,42.227500915527344,42.33000183105469,39.54573059082031,102693200,0.0,0.0,0.0018344183737941666
2017-12-08 00:00:00-05:00,42.622501373291016,42.75,42.20500183105469,42.342498779296875,39.557395935058594,93420800,0.0,0.0,0.00029498365724944797
2017-12-11 00:00:00-05:00,42.29999923706055,43.22249984741211,42.1974983215332,43.16749954223633,40.3281364440918,141095200,0.0,0.0,0.019484106342554153
2017-12-12 00:00:00-05:00,43.037498474121094,43.09749984741211,42.8650016784668,42.92499923706055,40.101585388183594,77636800,0.0,0.0,-0.005617692159474719
2017-12-13 00:00:00-05:00,43.125,43.3849983215332,43.0,43.067501068115234,40.23470687866211,95273600,0.0,0.0,0.003319606673648945
2017-12-14 00:00:00-05:00,43.099998474121094,43.282501220703125,42.912498474121094,43.05500030517578,40.2230339050293,81906000,0.0,0.0,-0.00029012200009348454
2017-12-15 00:00:00-05:00,43.407501220703125,43.54249954223633,43.1150016784668,43.49250030517578,40.63176345825195,160677200,0.0,0.0,0.010161579412127697
2017-12-18 00:00:00-05:00,43.720001220703125,44.29999923706055,43.71500015258789,44.10499954223633,41.20397186279297,117684400,0.0,0.0,0.014082785383630725
2017-12-19 00:00:00-05:00,43.75749969482422,43.84749984741211,43.522499084472656,43.6349983215332,40.764888763427734,109745600,0.0,0.0,-0.010656329463270109
2017-12-20 00:00:00-05:00,43.717498779296875,43.85499954223633,43.3125,43.587501525878906,40.72052001953125,93902400,0.0,0.0,-0.0010884058620636017
2017-12-21 00:00:00-05:00,43.54249954223633,44.005001068115234,43.525001525878906,43.752498626708984,40.87465286254883,83799600,0.0,0.0,0.003785139358329692
2017-12-22 00:00:00-05:00,43.66999816894531,43.85499954223633,43.625,43.752498626708984,40.87465286254883,65397600,0.0,0.0,0.0
2017-12-26 00:00:00-05:00,42.70000076293945,42.86750030517578,42.41999816894531,42.64250183105469,39.837677001953125,132742000,0.0,0.0,-0.025369655470415697
2017-12-27 00:00:00-05:00,42.525001525878906,42.69499969482422,42.4275016784668,42.650001525878906,39.84467697143555,85992800,0.0,0.0,0.00017571229070600936
2017-12-28 00:00:00-05:00,42.75,42.962501525878906,42.619998931884766,42.77000045776367,39.95677947998047,65920800,0.0,0.0,0.0028134876993803903
2017-12-29 00:00:00-05:00,42.630001068115234,42.647499084472656,42.30500030517578,42.307498931884766,39.524715423583984,103999600,0.0,0.0,-0.010813285305262488
2018-01-02 00:00:00-05:00,42.540000915527344,43.07500076293945,42.314998626708984,43.064998626708984,40.23237609863281,102223600,0.0,0.0,0.01790425731001144
2018-01-03 00:00:00-05:00,43.13249969482422,43.63750076293945,42.9900016784668,43.057498931884766,40.225364685058594,118071600,0.0,0.0,-0.00017427291783689292
2018-01-04 00:00:00-05:00,43.1349983215332,43.36750030517578,43.02000045776367,43.25749969482422,40.41221237182617,89738400,0.0,0.0,0.0046450215735889255
2018-01-05 00:00:00-05:00,43.36000061035156,43.842498779296875,43.26250076293945,43.75,40.87232971191406,94640000,0.0,0.0,0.011385601358679054
2018-01-08 00:00:00-05:00,43.587501525878906,43.90250015258789,43.48249816894531,43.587501525878906,40.72052001953125,82271200,0.0,0.0,-0.003714241234909599
2018-01-09 00:00:00-05:00,43.63750076293945,43.76499938964844,43.352500915527344,43.58250045776367,40.71584701538086,86336000,0.0,0.0,-0.00011475796841864394
2018-01-10 00:00:00-05:00,43.290000915527344,43.57500076293945,43.25,43.5724983215332,40.70649337768555,95839600,0.0,0.0,-0.00022972966009471296
2018-01-11 00:00:00-05:00,43.647499084472656,43.872501373291016,43.622501373291016,43.81999969482422,40.937721252441406,74670800,0.0,0.0,0.005680368304153971
2018-01-12 00:00:00-05:00,44.04499816894531,44.34000015258789,43.912498474121094,44.272499084472656,41.360450744628906,101672400,0.0,0.0,0.010326160793873829
2018-01-16 00:00:00-05:00,44.474998474121094,44.84749984741211,44.03499984741211,44.04750061035156,41.15025329589844,118263600,0.0,0.0,-0.005082087959541015
2018-01-17 00:00:00-05:00,44.037498474121094,44.8125,43.76750183105469,44.775001525878906,41.82990646362305,137547200,0.0,0.0,0.016516378716734392
2018-01-18 00:00:00-05:00,44.842498779296875,45.025001525878906,44.5625,44.814998626708984,41.867279052734375,124773600,0.0,0.0,0.0008934418522745791
2018-01-19 00:00:00-05:00,44.65250015258789,44.89500045776367,44.352500915527344,44.6150016784668,41.68042755126953,129700400,0.0,0.0,-0.004462948290226643
2018-01-22 00:00:00-05:00,44.32500076293945,44.44499969482422,44.150001525878906,44.25,41.33943557739258,108434400,0.0,0.0,-0.008181105471087413
2018-01-23 00:00:00-05:00,44.32500076293945,44.86000061035156,44.20500183105469,44.2599983215332,41.348777770996094,130756400,0.0,0.0,0.00022598744934554382
2018-01-24 00:00:00-05:00,44.3125,44.32500076293945,43.29999923706055,43.55500030517578,40.69014358520508,204420400,0.0,0.0,-0.0159287461757337
2018-01-25 00:00:00-05:00,43.627498626708984,43.73749923706055,42.63249969482422,42.77750015258789,39.96378707885742,166116000,0.0,0.0,-0.017850920206921028
2018-01-26 00:00:00-05:00,43.0,43.0,42.51499938964844,42.877498626708984,40.05720901489258,156572000,0.0,0.0,0.0023376647426034403
2018-01-29 00:00:00-05:00,42.540000915527344,42.540000915527344,41.76750183105469,41.9900016784668,39.22808074951172,202561600,0.0,0.0,-0.020698602967386015
2018-01-30 00:00:00-05:00,41.38249969482422,41.842498779296875,41.17499923706055,41.74250030517578,38.99687576293945,184192800,0.0,0.0,-0.005893864348057498
2018-01-31 00:00:00-05:00,41.717498779296875,42.11000061035156,41.625,41.85749816894531,39.104305267333984,129915600,0.0,0.0,0.002754823361942993
2018-02-01 00:00:00-05:00,41.79249954223633,42.154998779296875,41.689998626708984,41.94499969482422,39.186038970947266,188923200,0.0,0.0,0.00209014590732437
2018-02-02 00:00:00-05:00,41.5,41.70000076293945,40.025001525878906,40.125,37.48576736450195,346375200,0.0,0.0,-0.0433897288701699
2018-02-05 00:00:00-05:00,39.775001525878906,40.970001220703125,39.0,39.122501373291016,36.5492057800293,290954000,0.0,0.0,-0.02498445811088168
2018-02-06 00:00:00-05:00,38.70750045776367,40.93000030517578,38.5,40.75749969482422,38.076656341552734,272975200,0.0,0.0,0.04179162115632207
2018-02-07 00:00:00-05:00,40.772499084472656,40.849998474121094,39.76750183105469,39.8849983215332,37.26155471801758,206434400,0.0,0.0,-0.02140685926368069
2018-02-08 00:00:00-05:00,40.0724983215332,40.25,38.75749969482422,38.787498474121094,36.23624038696289,217562000,0.0,0.0,-0.027516681437849466
2018-02-09 00:00:00-05:00,39.26750183105469,39.47249984741211,37.560001373291016,39.102500915527344,36.67945098876953,282690400,0.1575,0.0,0.012231142002416373
2018-02-12 00:00:00-05:00,39.625,40.97249984741211,39.377498626708984,40.6775016784668,38.1568489074707,243278000,0.0,0.0,0.04027862682987049
2018-02-13 00:00:00-05:00,40.48749923706055,41.1875,40.412498474121094,41.084999084472656,38.53911209106445,130196800,0.0,0.0,0.010018206286392495
2018-02-14 00:00:00-05:00,40.7599983215332,41.8849983215332,40.720001220703125,41.842498779296875,39.24966812133789,162579600,0.0,0.0,0.01843727039155585
2018-02-15 00:00:00-05:00,42.4474983215332,43.272499084472656,42.25,43.247501373291016,40.567604064941406,204588800,0.0,0.0,0.033578269745598854
2018-02-16 00:00:00-05:00,43.09000015258789,43.70500183105469,42.942501068115234,43.10749816894531,40.43627166748047,160704400,0.0,0.0,-0.0032373713086604194
2018-02-20 00:00:00-05:00,43.01250076293945,43.564998626708984,42.85499954223633,42.962501525878906,40.30027389526367,135722000,0.0,0.0,-0.003363261908396198
2018-02-21 00:00:00-05:00,43.20750045776367,43.529998779296875,42.752498626708984,42.76750183105469,40.11735153198242,149886400,0.0,0.0,-0.004538985609791268
2018-02-22 00:00:00-05:00,42.95000076293945,43.48749923706055,42.9275016784668,43.125,40.45269012451172,123967600,0.0,0.0,0.008358941448613821
2018-02-23 00:00:00-05:00,43.41749954223633,43.912498474121094,43.3849983215332,43.875,41.156219482421875,135249600,0.0,0.0,0.017391410948065955
2018-02-26 00:00:00-05:00,44.087501525878906,44.84749984741211,44.0525016784668,44.74250030517578,41.96996307373047,152648800,0.0,0.0,0.019772068512175833
2018-02-27 00:00:00-05:00,44.775001525878906,45.119998931884766,44.540000915527344,44.59749984741211,41.83395004272461,155712400,0.0,0.0,-0.0032407231516243806
2018-02-28 00:00:00-05:00,44.814998626708984,45.154998779296875,44.51250076293945,44.529998779296875,41.77063751220703,151128400,0.0,0.0,-0.001513424633650895
2018-03-01 00:00:00-05:00,44.6349983215332,44.94499969482422,43.165000915527344,43.75,41.03898620605469,195208000,0.0,0.0,-0.017515923857722493
2018-03-02 00:00:00-05:00,43.20000076293945,44.07500076293945,43.11249923706055,44.0525016784668,41.322715759277344,153816000,0.0,0.0,0.006913658924176724
2018-03-05 00:00:00-05:00,43.8025016784668,44.435001373291016,43.630001068115234,44.20500183105469,41.46577072143555,113605600,0.0,0.0,0.0034618964298367416
2018-03-06 00:00:00-05:00,44.477500915527344,44.5625,44.032501220703125,44.16749954223633,41.43059158325195,95154000,0.0,0.0,-0.0008483898302511506
2018-03-07 00:00:00-05:00,43.73500061035156,43.962501525878906,43.567501068115234,43.75749969482422,41.04600143432617,126814000,0.0,0.0,-0.009282757842184686
2018-03-08 00:00:00-05:00,43.869998931884766,44.279998779296875,43.76750183105469,44.23500061035156,41.4939079284668,95096400,0.0,0.0,0.010912305181718596
2018-03-09 00:00:00-05:00,44.4900016784668,45.0,44.34749984741211,44.994998931884766,42.206817626953125,128740800,0.0,0.0,0.017181069079233113
2018-03-12 00:00:00-04:00,45.0724983215332,45.59749984741211,45.0525016784668,45.43000030517578,42.6148681640625,128828400,0.0,0.0,0.009667882111272785
2018-03-13 00:00:00-04:00,45.647499084472656,45.875,44.810001373291016,44.99250030517578,42.204471588134766,126774000,0.0,0.0,-0.009630361270806964
2018-03-14 00:00:00-04:00,45.08000183105469,45.130001068115234,44.45249938964844,44.61000061035156,41.845672607421875,117473600,0.0,0.0,-0.008501444686106696
2018-03-15 00:00:00-04:00,44.625,45.060001373291016,44.51750183105469,44.662498474121094,41.89491653442383,90975200,0.0,0.0,0.001176798553674585
2018-03-16 00:00:00-04:00,44.662498474121094,44.779998779296875,44.404998779296875,44.505001068115234,41.747196197509766,157618800,0.0,0.0,-0.003525972818031131
2018-03-19 00:00:00-04:00,44.33000183105469,44.36750030517578,43.415000915527344,43.82500076293945,41.10932922363281,133787200,0.0,0.0,-0.015279276980881495
2018-03-20 00:00:00-04:00,43.810001373291016,44.20000076293945,43.73500061035156,43.810001373291016,41.095252990722656,78597600,0.0,0.0,-0.00034240969570631385
2018-03-21 00:00:00-04:00,43.7599983215332,43.772499084472656,42.814998626708984,42.817501068115234,40.164241790771484,148219600,0.0,0.0,-0.02265495725653155
2018-03-22 00:00:00-04:00,42.5,43.16999816894531,42.150001525878906,42.212501525878906,39.59673309326172,165963200,0.0,0.0,-0.014129700255916755
2018-03-23 00:00:00-04:00,42.09749984741211,42.47999954223633,41.23500061035156,41.23500061035156,38.679805755615234,164115200,0.0,0.0,-0.02315664111700466
2018-03-26 00:00:00-04:00,42.01750183105469,43.275001525878906,41.61000061035156,43.192501068115234,40.51601028442383,150164800,0.0,0.0,0.04747191701039055
2018-03-27 00:00:00-04:00,43.41999816894531,43.787498474121094,41.72999954223633,42.084999084472656,39.47714614868164,163690400,0.0,0.0,-0.025640830092828137
2018-03-28 00:00:00-04:00,41.8125,42.505001068115234,41.29750061035156,41.619998931884766,39.040958404541016,166674000,0.0,0.0,-0.011049120483477282
2018-03-29 00:00:00-04:00,41.95249938964844,42.9375,41.724998474121094,41.94499969482422,39.3458137512207,153594000,0.0,0.0,0.007808603045058149
2018-04-02 00:00:00-04:00,41.65999984741211,42.23500061035156,41.11750030517578,41.66999816894531,39.087852478027344,150347200,0.0,0.0,-0.0065562571618017484
2018-04-03 00:00:00-04:00,41.90999984741211,42.1875,41.220001220703125,42.09749984741211,39.48887252807617,121112000,0.0,0.0,0.010259454654723221
2018-04-04 00:00:00-04:00,41.220001220703125,43.002498626708984,41.192501068115234,42.90250015258789,40.24398422241211,138422000,0.0,0.0,0.019122138617633677
2018-04-05 00:00:00-04:00,43.14500045776367,43.557498931884766,43.02000045776367,43.20000076293945,40.52304458618164,107732800,0.0,0.0,0.006934213129278666
2018-04-06 00:00:00-04:00,42.74250030517578,43.119998931884766,42.04999923706055,42.095001220703125,39.48652267456055,140021200,0.0,0.0,-0.02557857935419161
2018-04-09 00:00:00-04:00,42.470001220703125,43.272499084472656,42.462501525878906,42.51250076293945,39.87814712524414,116070800,0.0,0.0,0.00991792703326344
2018-04-10 00:00:00-04:00,43.25,43.5,42.88249969482422,43.3125,40.628570556640625,113634400,0.0,0.0,0.018817911199325632
2018-04-11 00:00:00-04:00,43.057498931884766,43.47999954223633,42.92499923706055,43.11000061035156,40.43862533569336,89726400,0.0,0.0,-0.004675163766405754
2018-04-12 00:00:00-04:00,43.352500915527344,43.75,43.2599983215332,43.53499984741211,40.837284088134766,91557200,0.0,0.0,0.0098583655881479
2018-04-13 00:00:00-04:00,43.69499969482422,43.959999084472656,43.462501525878906,43.682498931884766,40.97564697265625,100497200,0.0,0.0,0.003388150990229155
2018-04-16 00:00:00-04:00,43.75749969482422,44.04750061035156,43.70750045776367,43.95500183105469,41.231258392333984,86313600,0.0,0.0,0.0062381301715213056
2018-04-17 00:00:00-04:00,44.122501373291016,44.73500061035156,44.102500915527344,44.560001373291016,41.798789978027344,106421600,0.0,0.0,0.013764595305169713
2018-04-18 00:00:00-04:00,44.45249938964844,44.70500183105469,44.220001220703125,44.459999084472656,41.704959869384766,83018000,0.0,0.0,-0.0022448044235706677
2018-04-19 00:00:00-04:00,43.439998626708984,43.84749984741211,43.165000915527344,43.20000076293945,40.52304458618164,139235200,0.0,0.0,-0.028339921364383236
2018-04-20 00:00:00-04:00,42.650001525878906,42.80500030517578,41.35749816894531,41.43000030517578,38.86271286010742,261964400,0.0,0.0,-0.040972531630567355
2018-04-23 00:00:00-04:00,41.70750045776367,41.72999954223633,41.022499084472656,41.310001373291016,38.750160217285156,146062000,0.0,0.0,-0.00289616021473893
2018-04-24 00:00:00-04:00,41.41749954223633,41.58250045776367,40.30500030517578,40.73500061035156,38.2108039855957,134768000,0.0,0.0,-0.013918812945936221
2018-04-25 00:00:00-04:00,40.654998779296875,41.35499954223633,40.602500915527344,40.912498474121094,38.377288818359375,113528400,0.0,0.0,0.004357009416144031
2018-04-26 00:00:00-04:00,41.029998779296875,41.432498931884766,40.842498779296875,41.05500030517578,38.51096725463867,111852000,0.0,0.0,0.0034832694125945807
2018-04-27 00:00:00-04:00,41.0,41.08250045776367,40.157501220703125,40.58000183105469,38.065399169921875,142623200,0.0,0.0,-0.011569901160120244
2018-04-30 00:00:00-04:00,40.532501220703125,41.814998626708984,40.459999084472656,41.314998626708984,38.754844665527344,169709600,0.0,0.0,0.018112130980889596
2018-05-01 00:00:00-04:00,41.602500915527344,42.29999923706055,41.317501068115234,42.275001525878906,39.65536880493164,214277600,0.0,0.0,0.023236427527351555
2018-05-02 00:00:00-04:00,43.807498931884766,44.4375,43.45000076293945,44.14250183105469,41.407135009765625,266157600,0.0,0.0,0.04417475508678481
2018-05-03 00:00:00-04:00,43.970001220703125,44.375,43.61000061035156,44.22249984741211,41.48218536376953,136272800,0.0,0.0,0.0018124981114053806
2018-05-04 00:00:00-04:00,44.5625,46.0625,44.54249954223633,45.95750045776367,43.109676361083984,224805200,0.0,0.0,0.03923349223389527
2018-05-07 00:00:00-04:00,46.29499816894531,46.91749954223633,46.1875,46.290000915527344,43.42155456542969,169805600,0.0,0.0,0.007234529012313473
2018-05-08 00:00:00-04:00,46.247501373291016,46.55500030517578,45.91749954223633,46.51250076293945,43.63028335571289,113611200,0.0,0.0,0.004807031723580435
2018-05-09 00:00:00-04:00,46.63750076293945,46.849998474121094,46.30500030517578,46.84000015258789,43.93749237060547,92844800,0.0,0.0,0.0070411877087281916
2018-05-10 00:00:00-04:00,46.935001373291016,47.592498779296875,46.912498474121094,47.5099983215332,44.56596755981445,111957200,0.0,0.0,0.014303847472857623
2018-05-11 00:00:00-04:00,47.372501373291016,47.51499938964844,46.86249923706055,47.147499084472656,44.39646530151367,104848800,0.1825,0.0,-0.0038034012853706
2018-05-14 00:00:00-04:00,47.252498626708984,47.38249969482422,46.96500015258789,47.037498474121094,44.29288864135742,83115200,0.0,0.0,-0.0023329933915419154
2018-05-15 00:00:00-04:00,46.69499969482422,46.76750183105469,46.275001525878906,46.61000061035156,43.890316009521484,94780800,0.0,0.0,-0.00908887733865349
2018-05-16 00:00:00-04:00,46.51750183105469,47.1150016784668,46.5,47.04499816894531,44.299949645996094,76732400,0.0,0.0,0.00933312114649043
2018-05-17 00:00:00-04:00,47.0,47.227500915527344,46.59000015258789,46.747501373291016,44.019805908203125,69176000,0.0,0.0,-0.006323793594160132
2018-05-18 00:00:00-04:00,46.79750061035156,46.95249938964844,46.532501220703125,46.57749938964844,43.8597412109375,73190800,0.0,0.0,-0.003636197251742024
2018-05-21 00:00:00-04:00,47.0,47.317501068115234,46.727500915527344,46.907501220703125,44.17047119140625,73603200,0.0,0.0,0.007084628679734806
2018-05-22 00:00:00-04:00,47.095001220703125,47.220001220703125,46.69499969482422,46.790000915527344,44.05983352661133,60962800,0.0,0.0,-0.0025047879683123275
2018-05-23 00:00:00-04:00,46.587501525878906,47.125,46.439998626708984,47.09000015258789,44.34233474731445,80233600,0.0,0.0,0.006411763234023482
2018-05-24 00:00:00-04:00,47.192501068115234,47.209999084472656,46.5525016784668,47.037498474121094,44.29288864135742,92936000,0.0,0.0,-0.0011150992891736378
2018-05-25 00:00:00-04:00,47.057498931884766,47.412498474121094,46.912498474121094,47.14500045776367,44.39411544799805,69844000,0.0,0.0,0.0022853963637428087
2018-05-29 00:00:00-04:00,46.900001525878906,47.1875,46.717498779296875,46.974998474121094,44.234039306640625,90056400,0.0,0.0,-0.003605796393103766
2018-05-30 00:00:00-04:00,46.93000030517578,47.0,46.69499969482422,46.875,44.139869689941406,74762000,0.0,0.0,-0.0021288948098637794
2018-05-31 00:00:00-04:00,46.80500030517578,47.057498931884766,46.53499984741211,46.717498779296875,43.99155807495117,109931200,0.0,0.0,-0.0033600374453309767
2018-06-01 00:00:00-04:00,46.997501373291016,47.564998626708984,46.9375,47.560001373291016,44.7849006652832,93770000,0.0,0.0,0.018033973449641527
2018-06-04 00:00:00-04:00,47.90999984741211,48.35499954223633,47.837501525878906,47.95750045776367,45.159210205078125,105064800,0.0,0.0,0.00835794060575168
2018-06-05 00:00:00-04:00,48.26750183105469,48.48500061035156,48.09000015258789,48.32749938964844,45.50761795043945,86264000,0.0,0.0,0.0077150982884584
2018-06-06 00:00:00-04:00,48.407501220703125,48.52000045776367,47.97999954223633,48.494998931884766,45.66533279418945,83734400,0.0,0.0,0.003465680052112674
2018-06-07 00:00:00-04:00,48.53499984741211,48.54999923706055,48.084999084472656,48.3650016784668,45.54292297363281,85388800,0.0,0.0,-0.0026805853164003635
2018-06-08 00:00:00-04:00,47.79249954223633,48.0,47.442501068115234,47.92499923706055,45.128604888916016,106627200,0.0,0.0,-0.009097309914795515
2018-06-11 00:00:00-04:00,47.837501525878906,47.99250030517578,47.5525016784668,47.807498931884766,45.01796340942383,73234000,0.0,0.0,-0.0024516928844694474
2018-06-12 00:00:00-04:00,47.84749984741211,48.15250015258789,47.787498474121094,48.06999969482422,45.26514434814453,67644400,0.0,0.0,0.005490717926812216
2018-06-13 00:00:00-04:00,48.10499954223633,48.220001220703125,47.61000061035156,47.67499923706055,44.89320373535156,86553600,0.0,0.0,-0.008216931993683452
2018-06-14 00:00:00-04:00,47.88750076293945,47.89250183105469,47.55500030517578,47.70000076293945,44.916725158691406,86440400,0.0,0.0,0.0005239417413491765
2018-06-15 00:00:00-04:00,47.50749969482422,47.540000915527344,47.064998626708984,47.209999084472656,44.455318450927734,246876800,0.0,0.0,-0.010272492175988246
2018-06-18 00:00:00-04:00,46.970001220703125,47.30500030517578,46.79999923706055,47.185001373291016,44.43178939819336,73939600,0.0,0.0,-0.0005292741915761123
2018-06-19 00:00:00-04:00,46.28499984741211,46.58250045776367,45.86249923706055,46.42250061035156,43.71377944946289,134314000,0.0,0.0,-0.016159825171472075
2018-06-20 00:00:00-04:00,46.587501525878906,46.79999923706055,46.432498931884766,46.625,43.90445327758789,82514800,0.0,0.0,0.00436187011341449
2018-06-21 00:00:00-04:00,46.8125,47.087501525878906,46.23500061035156,46.3650016784668,43.65962219238281,102847600,0.0,0.0,-0.005576452203085669
2018-06-22 00:00:00-04:00,46.529998779296875,46.537498474121094,46.17499923706055,46.22999954223633,43.532501220703125,108801600,0.0,0.0,-0.0029116370068329456
2018-06-25 00:00:00-04:00,45.849998474121094,46.22999954223633,45.182498931884766,45.54249954223633,42.8851318359375,126652400,0.0,0.0,-0.014870943929538138
2018-06-26 00:00:00-04:00,45.747501373291016,46.63249969482422,45.6349983215332,46.10749816894531,43.41716766357422,98276800,0.0,0.0,0.012406067204645321
2018-06-27 00:00:00-04:00,46.307498931884766,46.81999969482422,46.00749969482422,46.040000915527344,43.35359573364258,101141200,0.0,0.0,-0.0014642118164924778
2018-06-28 00:00:00-04:00,46.025001525878906,46.5525016784668,45.95000076293945,46.375,43.66904830932617,69460800,0.0,0.0,0.0072762724831796355
2018-06-29 00:00:00-04:00,46.5724983215332,46.79750061035156,45.727500915527344,46.27750015258789,43.57722854614258,90950800,0.0,0.0,-0.002102627987978889
2018-07-02 00:00:00-04:00,45.95500183105469,46.82500076293945,45.85499954223633,46.79499816894531,44.06454849243164,70925200,0.0,0.0,0.011182903606939076
2018-07-03 00:00:00-04:00,46.9474983215332,46.98749923706055,45.8849983215332,45.97999954223633,43.29708480834961,55819200,0.0,0.0,-0.01741680580736793
2018-07-05 00:00:00-04:00,46.314998626708984,46.602500915527344,46.06999969482422,46.349998474121094,43.64550018310547,66416800,0.0,0.0,0.008047086225275502
2018-07-06 00:00:00-04:00,46.35499954223633,47.10749816894531,46.29999923706055,46.99250030517578,44.250511169433594,69940800,0.0,0.0,0.01386193270302627
2018-07-09 00:00:00-04:00,47.375,47.66999816894531,47.32500076293945,47.64500045776367,44.864933013916016,79026400,0.0,0.0,0.013885079024959168
2018-07-10 00:00:00-04:00,47.6775016784668,47.81999969482422,47.54499816894531,47.587501525878906,44.810794830322266,63756400,0.0,0.0,-0.0012066926206477646
2018-07-11 00:00:00-04:00,47.125,47.44499969482422,46.90250015258789,46.970001220703125,44.22932434082031,75326000,0.0,0.0,-0.012976125322117449
2018-07-12 00:00:00-04:00,47.38249969482422,47.852500915527344,47.32749938964844,47.75749969482422,44.97087478637695,72164400,0.0,0.0,0.016766036031715892
2018-07-13 00:00:00-04:00,47.77000045776367,47.959999084472656,47.724998474121094,47.83250045776367,45.0414924621582,50055600,0.0,0.0,0.0015702980232583652
2018-07-16 00:00:00-04:00,47.880001068115234,48.162498474121094,47.60499954223633,47.727500915527344,44.942626953125,60172400,0.0,0.0,-0.0021949874133558867
2018-07-17 00:00:00-04:00,47.4375,47.967498779296875,47.29999923706055,47.86249923706055,45.06975555419922,62138000,0.0,0.0,0.002828686476356035
2018-07-18 00:00:00-04:00,47.94499969482422,47.95000076293945,47.48249816894531,47.599998474121094,44.82256317138672,65573600,0.0,0.0,-0.005484662159199738
2018-07-19 00:00:00-04:00,47.42250061035156,48.13750076293945,47.42250061035156,47.970001220703125,45.17097473144531,81147200,0.0,0.0,0.007773128875436797
2018-07-20 00:00:00-04:00,47.94499969482422,48.10749816894531,47.54249954223633,47.86000061035156,45.06739807128906,82704800,0.0,0.0,-0.002292991478976103
2018-07-23 00:00:00-04:00,47.66999816894531,47.9900016784668,47.38999938964844,47.90250015258789,45.1074333190918,63957600,0.0,0.0,0.0008883416730516291
2018-07-24 00:00:00-04:00,48.11249923706055,48.415000915527344,48.01250076293945,48.25,45.43464279174805,74791600,0.0,0.0,0.007254003355534611
2018-07-25 00:00:00-04:00,48.26499938964844,48.712501525878906,48.10749816894531,48.70500183105469,45.86309051513672,66839600,0.0,0.0,0.009429978911741133
2018-07-26 00:00:00-04:00,48.65250015258789,48.9900016784668,48.40250015258789,48.5525016784668,45.7194938659668,76304000,0.0,0.0,-0.0031309850155546437
2018-07-27 00:00:00-04:00,48.747501373291016,48.79750061035156,47.525001525878906,47.744998931884766,44.9591064453125,96096000,0.0,0.0,-0.016631580018875103
2018-07-30 00:00:00-04:00,47.974998474121094,48.04999923706055,47.26750183105469,47.477500915527344,44.70722198486328,84118000,0.0,0.0,-0.005602523723544306
2018-07-31 00:00:00-04:00,47.57500076293945,48.03499984741211,47.334999084472656,47.5724983215332,44.796669006347656,157492000,0.0,0.0,0.002000728685729092
2018-08-01 00:00:00-04:00,49.782501220703125,50.439998626708984,49.32749938964844,50.375,47.43564987182617,271742800,0.0,0.0,0.058910203013187834
2018-08-02 00:00:00-04:00,50.14500045776367,52.095001220703125,50.087501525878906,51.84749984741211,48.822235107421875,249616000,0.0,0.0,0.029230868330935467
2018-08-03 00:00:00-04:00,51.75749969482422,52.185001373291016,51.369998931884766,51.997501373291016,48.963478088378906,133789600,0.0,0.0,0.002893005218754574
2018-08-06 00:00:00-04:00,52.0,52.3125,51.76750183105469,52.26750183105469,49.21773147583008,101701600,0.0,0.0,0.005192715006729021
2018-08-07 00:00:00-04:00,52.33000183105469,52.375,51.689998626708984,51.77750015258789,48.75630569458008,102349600,0.0,0.0,-0.009375194008618526
2018-08-08 00:00:00-04:00,51.51250076293945,51.95249938964844,51.130001068115234,51.8125,48.78926467895508,90102000,0.0,0.0,0.0006759942925427254
2018-08-09 00:00:00-04:00,52.38249969482422,52.44499969482422,51.79999923706055,52.220001220703125,49.17299270629883,93970400,0.0,0.0,0.007865009441498483
2018-08-10 00:00:00-04:00,51.84000015258789,52.275001525878906,51.66749954223633,51.88249969482422,49.026527404785156,98444800,0.1825,0.0,-0.0029785720464174936
2018-08-13 00:00:00-04:00,52.32749938964844,52.73749923706055,51.92499923706055,52.217498779296875,49.34309005737305,103563600,0.0,0.0,0.006456966653465068
2018-08-14 00:00:00-04:00,52.540000915527344,52.63999938964844,52.064998626708984,52.4375,49.550987243652344,82992000,0.0,0.0,0.004213298884151007
2018-08-15 00:00:00-04:00,52.30500030517578,52.685001373291016,52.08250045776367,52.560001373291016,49.66672897338867,115230400,0.0,0.0,0.0023358107713817855
2018-08-16 00:00:00-04:00,52.9375,53.45249938964844,52.86750030517578,53.33000183105469,50.394351959228516,114001600,0.0,0.0,0.014650108853145882
2018-08-17 00:00:00-04:00,53.36000061035156,54.48749923706055,53.290000915527344,54.39500045776367,51.400718688964844,141708000,0.0,0.0,0.019969831749211187
2018-08-20 00:00:00-04:00,54.525001525878906,54.79499816894531,53.77750015258789,53.8650016784668,50.899906158447266,121150800,0.0,0.0,-0.00974329821238662
2018-08-21 00:00:00-04:00,54.20000076293945,54.29750061035156,53.50749969482422,53.7599983215332,50.8006706237793,104639200,0.0,0.0,-0.001949621171383975
2018-08-22 00:00:00-04:00,53.525001525878906,54.09000015258789,53.459999084472656,53.76250076293945,50.803035736083984,76072400,0.0,0.0,4.655671422537644e-05
2018-08-23 00:00:00-04:00,53.662498474121094,54.26250076293945,53.650001525878906,53.872501373291016,50.906982421875,75532800,0.0,0.0,0.002046072331799431
2018-08-24 00:00:00-04:00,54.150001525878906,54.224998474121094,53.77750015258789,54.040000915527344,51.06526565551758,73905600,0.0,0.0,0.003109263722034461
2018-08-27 00:00:00-04:00,54.287498474121094,54.685001373291016,54.08250045776367,54.48500061035156,51.48577117919922,82100400,0.0,0.0,0.008234668287409708
2018-08-28 00:00:00-04:00,54.752498626708984,55.1349983215332,54.72999954223633,54.92499923706055,51.901546478271484,91107200,0.0,0.0,0.008075537950575473
2018-08-29 00:00:00-04:00,55.037498474121094,55.872501373291016,54.852500915527344,55.744998931884766,52.67641067504883,109019200,0.0,0.0,0.014929501129638645
2018-08-30 00:00:00-04:00,55.8125,57.064998626708984,55.599998474121094,56.25749969482422,53.16069793701172,195175200,0.0,0.0,0.009193626819989031
2018-08-31 00:00:00-04:00,56.627498626708984,57.217498779296875,56.5,56.907501220703125,53.77492141723633,173360400,0.0,0.0,0.01155408984570494
2018-09-04 00:00:00-04:00,57.102500915527344,57.29499816894531,56.657501220703125,57.09000015258789,53.94737243652344,109560400,0.0,0.0,0.0032069041616828997
2018-09-05 00:00:00-04:00,57.247501373291016,57.41749954223633,56.275001525878906,56.717498779296875,53.595367431640625,133332000,0.0,0.0,-0.006524970336544089
2018-09-06 00:00:00-04:00,56.557498931884766,56.837501525878906,55.32500076293945,55.775001525878906,52.704734802246094,137160000,0.0,0.0,-0.016617716643710034
2018-09-07 00:00:00-04:00,55.462501525878906,56.342498779296875,55.1775016784668,55.32500076293945,52.2795295715332,150479200,0.0,0.0,-0.008067685613224462
2018-09-10 00:00:00-04:00,55.23749923706055,55.462501525878906,54.11750030517578,54.58250045776367,51.57790756225586,158066000,0.0,0.0,-0.01342058765692078
2018-09-11 00:00:00-04:00,54.502498626708984,56.07500076293945,54.13999938964844,55.962501525878906,52.8819465637207,142996000,0.0,0.0,0.02528289849468668
2018-09-12 00:00:00-04:00,56.23500061035156,56.25,54.959999084472656,55.26750183105469,52.225196838378906,197114800,0.0,0.0,-0.012419166993984265
2018-09-13 00:00:00-04:00,55.880001068115234,57.087501525878906,55.64250183105469,56.602500915527344,53.4867057800293,166825600,0.0,0.0,0.024155178305107716
2018-09-14 00:00:00-04:00,56.4375,56.709999084472656,55.630001068115234,55.959999084472656,52.87957000732422,127997200,0.0,0.0,-0.011351152849121027
2018-09-17 00:00:00-04:00,55.537498474121094,55.73749923706055,54.317501068115234,54.470001220703125,51.47159957885742,148780400,0.0,0.0,-0.026625981040915847
2018-09-18 00:00:00-04:00,54.4474983215332,55.462501525878906,54.279998779296875,54.560001373291016,51.556640625,126286800,0.0,0.0,0.0016521935754549855
2018-09-19 00:00:00-04:00,54.625,54.904998779296875,53.82500076293945,54.592498779296875,51.58734130859375,108495200,0.0,0.0,0.000595474864568013
2018-09-20 00:00:00-04:00,55.060001373291016,55.56999969482422,54.787498474121094,55.00749969482422,51.9795036315918,106435200,0.0,0.0,0.007601909946320928
2018-09-21 00:00:00-04:00,55.19499969482422,55.34000015258789,54.3224983215332,54.415000915527344,51.419612884521484,384986800,0.0,0.0,-0.010771375406709804
2018-09-24 00:00:00-04:00,54.20500183105469,55.314998626708984,54.157501220703125,55.1974983215332,52.15904998779297,110773600,0.0,0.0,0.014380448661333034
2018-09-25 00:00:00-04:00,54.9375,55.70500183105469,54.92499923706055,55.54750061035156,52.489784240722656,98217600,0.0,0.0,0.006340879540694955
2018-09-26 00:00:00-04:00,55.25,55.9375,54.939998626708984,55.10499954223633,52.07164001464844,95938800,0.0,0.0,-0.007966202035744163
2018-09-27 00:00:00-04:00,55.95500183105469,56.61000061035156,55.8849983215332,56.23749923706055,53.141807556152344,120724800,0.0,0.0,0.020551830923759118
2018-09-28 00:00:00-04:00,56.1974983215332,56.459999084472656,56.005001068115234,56.435001373291016,53.32842254638672,91717600,0.0,0.0,0.003511641752817374
2018-10-01 00:00:00-04:00,56.98749923706055,57.35499954223633,56.587501525878906,56.814998626708984,53.6875114440918,94403200,0.0,0.0,0.006733536837560283
2018-10-02 00:00:00-04:00,56.8125,57.5,56.657501220703125,57.31999969482422,54.16469955444336,99152800,0.0,0.0,0.008888251615992493
2018-10-03 00:00:00-04:00,57.51250076293945,58.36750030517578,57.44499969482422,58.01750183105469,54.823814392089844,114619200,0.0,0.0,0.012168715843867695
2018-10-04 00:00:00-04:00,57.69499969482422,58.087501525878906,56.682498931884766,56.997501373291016,53.8599739074707,128168000,0.0,0.0,-0.017580689984938447
2018-10-05 00:00:00-04:00,56.9900016784668,57.102500915527344,55.14500045776367,56.0724983215332,52.98587417602539,134322000,0.0,0.0,-0.016229115389973625
2018-10-08 00:00:00-04:00,55.5525016784668,56.20000076293945,55.04999923706055,55.942501068115234,52.86304473876953,118655600,0.0,0.0,-0.0023181543980533847
2018-10-09 00:00:00-04:00,55.90999984741211,56.817501068115234,55.5625,56.717498779296875,53.595367431640625,107564000,0.0,0.0,0.013853206838349452
2018-10-10 00:00:00-04:00,56.3650016784668,56.587501525878906,54.01250076293945,54.09000015258789,51.11250305175781,167962400,0.0,0.0,-0.046326100535641124
2018-10-11 00:00:00-04:00,53.630001068115234,54.875,53.08000183105469,53.61249923706055,50.66129684448242,212497600,0.0,0.0,-0.008827707123215789
2018-10-12 00:00:00-04:00,55.10499954223633,55.720001220703125,54.209999084472656,55.52750015258789,52.470882415771484,161351600,0.0,0.0,0.03571929034592314
2018-10-15 00:00:00-04:00,55.290000915527344,55.45750045776367,54.317501068115234,54.34000015258789,51.3487434387207,123164000,0.0,0.0,-0.02138593683557899
2018-10-16 00:00:00-04:00,54.73249816894531,55.747501373291016,54.189998626708984,55.537498474121094,52.4803352355957,116736000,0.0,0.0,0.022037380490633307
2018-10-17 00:00:00-04:00,55.57500076293945,55.65999984741211,54.834999084472656,55.29750061035156,52.25353240966797,91541600,0.0,0.0,-0.004321672582874414
2018-10-18 00:00:00-04:00,54.46500015258789,54.935001373291016,53.25,54.005001068115234,51.032196044921875,130325200,0.0,0.0,-0.02337327848327675
2018-10-19 00:00:00-04:00,54.51499938964844,55.314998626708984,54.35749816894531,54.82749938964844,51.809417724609375,132314800,0.0,0.0,0.015230026138858266
2018-10-22 00:00:00-04:00,54.9474983215332,55.84000015258789,54.73500061035156,55.162498474121094,52.12596893310547,115168400,0.0,0.0,0.006109916351090927
2018-10-23 00:00:00-04:00,53.95750045776367,55.8125,53.67499923706055,55.682498931884766,52.61734390258789,155071200,0.0,0.0,0.009426682698464806
2018-10-24 00:00:00-04:00,55.650001525878906,56.057498931884766,53.6349983215332,53.772499084472656,50.8124885559082,163702000,0.0,0.0,-0.03430152897913419
2018-10-25 00:00:00-04:00,54.4275016784668,55.345001220703125,54.1875,54.95000076293945,51.9251708984375,119423200,0.0,0.0,0.021897812410919926
2018-10-26 00:00:00-04:00,53.974998474121094,55.04750061035156,53.16749954223633,54.07500076293945,51.09834289550781,189033600,0.0,0.0,-0.01592345270363993
2018-10-29 00:00:00-04:00,54.79750061035156,54.92250061035156,51.522499084472656,53.060001373291016,50.13920593261719,183742000,0.0,0.0,-0.01877041227837828
2018-10-30 00:00:00-04:00,52.787498474121094,53.79499816894531,52.317501068115234,53.32500076293945,50.38962936401367,146640000,0.0,0.0,0.0049945631714438665
2018-10-31 00:00:00-04:00,54.220001220703125,55.11249923706055,54.154998779296875,54.71500015258789,51.70310974121094,153435600,0.0,0.0,0.026066482206263286
2018-11-01 00:00:00-04:00,54.76250076293945,55.59000015258789,54.20249938964844,55.55500030517578,52.49687194824219,233292800,0.0,0.0,0.015352310741157726
2018-11-02 00:00:00-04:00,52.38750076293945,53.412498474121094,51.35749816894531,51.869998931884766,49.01471710205078,365314800,0.0,0.0,-0.06633071108740607
2018-11-05 00:00:00-05:00,51.07500076293945,51.09749984741211,49.54249954223633,50.397499084472656,47.623268127441406,264654800,0.0,0.0,-0.028388391423586512
2018-11-06 00:00:00-05:00,50.47999954223633,51.18000030517578,50.42250061035156,50.942501068115234,48.13825988769531,127531600,0.0,0.0,0.010813868524851555
2018-11-07 00:00:00-05:00,51.49250030517578,52.51499938964844,51.032501220703125,52.48749923706055,49.59821701049805,133697600,0.0,0.0,0.03032841499066974
2018-11-08 00:00:00-05:00,52.494998931884766,52.529998779296875,51.6875,52.122501373291016,49.425174713134766,101450400,0.1825,0.0,-0.0034888814113348543
2018-11-09 00:00:00-05:00,51.38750076293945,51.502498626708984,50.5625,51.11750030517578,48.4721794128418,137463200,0.0,0.0,-0.019281576763748087
2018-11-12 00:00:00-05:00,49.75,49.962501525878906,48.4474983215332,48.54249954223633,46.03042984008789,204542000,0.0,0.0,-0.05037424770933674
2018-11-13 00:00:00-05:00,47.907501220703125,49.29499816894531,47.86249923706055,48.057498931884766,45.57053756713867,187531600,0.0,0.0,-0.00999104884631552
2018-11-14 00:00:00-05:00,48.474998474121094,48.619998931884766,46.48249816894531,46.70000076293945,44.283287048339844,243204000,0.0,0.0,-0.0282474288766581
2018-11-15 00:00:00-05:00,47.09749984741211,47.99250030517578,46.724998474121094,47.852500915527344,45.37614440917969,185915200,0.0,0.0,0.02467877688589093
2018-11-16 00:00:00-05:00,47.625,48.74250030517578,47.3650016784668,48.38249969482422,45.87871170043945,147713200,0.0,0.0,0.011075583829420532
2018-11-19 00:00:00-05:00,47.5,47.67499923706055,46.247501373291016,46.46500015258789,44.06045150756836,167701200,0.0,0.0,-0.03963189299523595
2018-11-20 00:00:00-05:00,44.592498779296875,45.36750030517578,43.877498626708984,44.244998931884766,41.95532989501953,271300800,0.0,0.0,-0.04777803087622079
2018-11-21 00:00:00-05:00,44.932498931884766,45.067501068115234,44.13750076293945,44.19499969482422,41.90791320800781,124496800,0.0,0.0,-0.0011301707585272824
2018-11-23 00:00:00-05:00,43.73500061035156,44.150001525878906,43.025001525878906,43.0724983215332,40.843505859375,94496000,0.0,0.0,-0.025398719887332
2018-11-26 00:00:00-05:00,43.560001373291016,43.73749923706055,42.564998626708984,43.654998779296875,41.39585494995117,179994000,0.0,0.0,0.013523547476015363
2018-11-27 00:00:00-05:00,42.877498626708984,43.692501068115234,42.720001220703125,43.560001373291016,41.3057746887207,165549600,0.0,0.0,-0.0021760695929430307
2018-11-28 00:00:00-05:00,44.182498931884766,45.3224983215332,43.73249816894531,45.23500061035156,42.89409255981445,184250000,0.0,0.0,0.03845268326434437
2018-11-29 00:00:00-05:00,45.665000915527344,45.70000076293945,44.42499923706055,44.88750076293945,42.56458282470703,167080000,0.0,0.0,-0.007681937428748009
2018-11-30 00:00:00-05:00,45.0724983215332,45.08250045776367,44.25749969482422,44.64500045776367,42.33463668823242,158126000,0.0,0.0,-0.005402288034199509
2018-12-03 00:00:00-05:00,46.1150016784668,46.23500061035156,45.3025016784668,46.20500183105469,43.81390380859375,163210000,0.0,0.0,0.03494224200517393
2018-12-04 00:00:00-05:00,45.23749923706055,45.59749984741211,44.067501068115234,44.17250061035156,41.886573791503906,165377200,0.0,0.0,-0.04398900462076183
2018-12-06 00:00:00-05:00,42.939998626708984,43.69499969482422,42.60499954223633,43.68000030517578,41.41956329345703,172393600,0.0,0.0,-0.011149407931321464
2018-12-07 00:00:00-05:00,43.372501373291016,43.622501373291016,42.07500076293945,42.122501373291016,39.942665100097656,169126400,0.0,0.0,-0.035657019918234556
2018-12-10 00:00:00-05:00,41.25,42.522499084472656,40.83250045776367,42.400001525878906,40.20580291748047,248104000,0.0,0.0,0.006587888332523217
2018-12-11 00:00:00-05:00,42.915000915527344,42.9474983215332,41.75,42.157501220703125,39.975852966308594,189126800,0.0,0.0,-0.005719322448150876
2018-12-12 00:00:00-05:00,42.599998474121094,42.97999954223633,42.255001068115234,42.275001525878906,40.08727264404297,142510800,0.0,0.0,0.002787174493269262
2018-12-13 00:00:00-05:00,42.622501373291016,43.14250183105469,42.38750076293945,42.73749923706055,40.525840759277344,127594400,0.0,0.0,0.010940333085981191
2018-12-14 00:00:00-05:00,42.25,42.27000045776367,41.31999969482422,41.369998931884766,39.22911071777344,162814800,0.0,0.0,-0.031997609851118325
2018-12-17 00:00:00-05:00,41.36249923706055,42.087501525878906,40.682498931884766,40.98500061035156,38.864036560058594,177151600,0.0,0.0,-0.009306205290792957
2018-12-18 00:00:00-05:00,41.345001220703125,41.88249969482422,41.09749984741211,41.51750183105469,39.368980407714844,135366000,0.0,0.0,0.012992573400756546
2018-12-19 00:00:00-05:00,41.5,41.86249923706055,39.772499084472656,40.22249984741211,38.140995025634766,196189200,0.0,0.0,-0.031191698879746377
2018-12-20 00:00:00-05:00,40.099998474121094,40.52750015258789,38.82500076293945,39.20750045776367,37.17851638793945,259092000,0.0,0.0,-0.02523475428599664
2018-12-21 00:00:00-05:00,39.21500015258789,39.540000915527344,37.407501220703125,37.682498931884766,35.73243713378906,382978400,0.0,0.0,-0.03889556105631731
2018-12-24 00:00:00-05:00,37.037498474121094,37.88750076293945,36.647499084472656,36.70750045776367,34.807891845703125,148676800,0.0,0.0,-0.025874117811339414
2018-12-26 00:00:00-05:00,37.07500076293945,39.307498931884766,36.68000030517578,39.29249954223633,37.25912094116211,234330000,0.0,0.0,0.07042164766326042
2018-12-27 00:00:00-05:00,38.959999084472656,39.192501068115234,37.51750183105469,39.037498474121094,37.017311096191406,212468400,0.0,0.0,-0.0064899503494072475
2018-12-28 00:00:00-05:00,39.375,39.630001068115234,38.63750076293945,39.057498931884766,37.03627014160156,169165600,0.0,0.0,0.0005121670064280881
2018-12-31 00:00:00-05:00,39.63249969482422,39.84000015258789,39.119998931884766,39.435001373291016,37.39424133300781,140014000,0.0,0.0,0.009665422301911475
2019-01-02 00:00:00-05:00,38.72249984741211,39.712501525878906,38.557498931884766,39.47999954223633,37.43690490722656,148158800,0.0,0.0,0.0011409129507085058
2019-01-03 00:00:00-05:00,35.994998931884766,36.43000030517578,35.5,35.54750061035156,33.70792770385742,365248800,0.0,0.0,-0.09960698440776616
2019-01-04 00:00:00-05:00,36.13249969482422,37.13750076293945,35.95000076293945,37.064998626708984,35.14689636230469,234428400,0.0,0.0,0.04268932433608463
2019-01-07 00:00:00-05:00,37.17499923706055,37.20750045776367,36.474998474121094,36.98249816894531,35.06865692138672,219111200,0.0,0.0,-0.002226069696494748
2019-01-08 00:00:00-05:00,37.38999938964844,37.95500183105469,37.130001068115234,37.6875,35.737178802490234,164101200,0.0,0.0,0.01906323024010126
2019-01-09 00:00:00-05:00,37.8224983215332,38.63249969482422,37.407501220703125,38.32749938964844,36.34404754638672,180396400,0.0,0.0,0.01698143961644205
2019-01-10 00:00:00-05:00,38.125,38.49250030517578,37.71500015258789,38.45000076293945,36.46021270751953,143122800,0.0,0.0,0.0031962637343720957
2019-01-11 00:00:00-05:00,38.220001220703125,38.42499923706055,37.877498626708984,38.0724983215332,36.10226058959961,108092800,0.0,0.0,-0.009817609150867601
2019-01-14 00:00:00-05:00,37.712501525878906,37.817501068115234,37.30500030517578,37.5,35.55937576293945,129756800,0.0,0.0,-0.01503741920295576
2019-01-15 00:00:00-05:00,37.567501068115234,38.34749984741211,37.51250076293945,38.26750183105469,36.287174224853516,114843600,0.0,0.0,0.020467132684387046
2019-01-16 00:00:00-05:00,38.27000045776367,38.970001220703125,38.25,38.73500061035156,36.73047637939453,122278800,0.0,0.0,0.012216496985796965
2019-01-17 00:00:00-05:00,38.54999923706055,39.415000915527344,38.314998626708984,38.96500015258789,36.94857406616211,119284800,0.0,0.0,0.005937785410535135
2019-01-18 00:00:00-05:00,39.375,39.470001220703125,38.994998931884766,39.20500183105469,37.17615509033203,135004000,0.0,0.0,0.006159399379321195
2019-01-22 00:00:00-05:00,39.102500915527344,39.182498931884766,38.154998779296875,38.32500076293945,36.34168243408203,121576000,0.0,0.0,-0.02244644865028045
2019-01-23 00:00:00-05:00,38.537498474121094,38.78499984741211,37.92499923706055,38.47999954223633,36.48866271972656,92522400,0.0,0.0,0.004044399592977754
2019-01-24 00:00:00-05:00,38.52750015258789,38.619998931884766,37.935001373291016,38.17499923706055,36.19944763183594,101766000,0.0,0.0,-0.007926162986901408
2019-01-25 00:00:00-05:00,38.869998931884766,39.532501220703125,38.58000183105469,39.439998626708984,37.39897918701172,134142000,0.0,0.0,0.0331367364324322
2019-01-28 00:00:00-05:00,38.9474983215332,39.08250045776367,38.415000915527344,39.07500076293945,37.0528678894043,104768400,0.0,0.0,-0.00925456536866176
2019-01-29 00:00:00-05:00,39.0625,39.532501220703125,38.52750015258789,38.66999816894531,36.6688346862793,166348800,0.0,0.0,-0.010364466369277126
2019-01-30 00:00:00-05:00,40.8125,41.537498474121094,40.057498931884766,41.3125,39.17458724975586,244439200,0.0,0.0,0.06833466579766068
2019-01-31 00:00:00-05:00,41.52750015258789,42.25,41.13999938964844,41.61000061035156,39.456695556640625,162958400,0.0,0.0,0.007201308978348475
2019-02-01 00:00:00-05:00,41.7400016784668,42.244998931884766,41.48249816894531,41.630001068115234,39.47566223144531,130672400,0.0,0.0,0.0004806959766172625
2019-02-04 00:00:00-05:00,41.852500915527344,42.915000915527344,41.81999969482422,42.8125,40.59695816040039,125982000,0.0,0.0,0.028404740175881793
2019-02-05 00:00:00-05:00,43.21500015258789,43.77000045776367,43.087501525878906,43.54499816894531,41.29155731201172,144406400,0.0,0.0,0.017109635378762533
2019-02-06 00:00:00-05:00,43.662498474121094,43.89250183105469,43.212501525878906,43.560001373291016,41.3057746887207,112958400,0.0,0.0,0.0003443167958416815
2019-02-07 00:00:00-05:00,43.099998474121094,43.48500061035156,42.584999084472656,42.73500061035156,40.523475646972656,126966800,0.0,0.0,-0.01893921727999126
2019-02-08 00:00:00-05:00,42.247501373291016,42.665000915527344,42.10499954223633,42.602500915527344,40.57109451293945,95280000,0.1825,0.0,0.0011750933306322597
2019-02-11 00:00:00-05:00,42.76250076293945,42.8025016784668,42.3125,42.35749816894531,40.337764739990234,83973600,0.0,0.0,-0.005751133306862166
2019-02-12 00:00:00-05:00,42.525001525878906,42.75,42.42499923706055,42.72249984741211,40.68536376953125,89134000,0.0,0.0,0.008617210987806878
2019-02-13 00:00:00-05:00,42.84749984741211,43.119998931884766,42.47999954223633,42.54499816894531,40.51633071899414,89960800,0.0,0.0,-0.004154640265590981
2019-02-14 00:00:00-05:00,42.4275016784668,42.814998626708984,42.345001220703125,42.70000076293945,40.6639404296875,87342800,0.0,0.0,0.003643215169634395
2019-02-15 00:00:00-05:00,42.8125,42.92499923706055,42.4375,42.60499954223633,40.57347106933594,98507200,0.0,0.0,-0.0022248055499686226
2019-02-19 00:00:00-05:00,42.4275016784668,42.86000061035156,42.372501373291016,42.73249816894531,40.69488525390625,75891200,0.0,0.0,0.00299245249100899
2019-02-20 00:00:00-05:00,42.79750061035156,43.33000183105469,42.747501373291016,43.00749969482422,40.95677947998047,104457600,0.0,0.0,0.006435556322132108
2019-02-21 00:00:00-05:00,42.95000076293945,43.092498779296875,42.57500076293945,42.76499938964844,40.7258415222168,68998800,0.0,0.0,-0.005638577073096118
2019-02-22 00:00:00-05:00,42.89500045776367,43.25,42.845001220703125,43.24250030517578,41.180580139160156,75652800,0.0,0.0,0.011165849493749214
2019-02-25 00:00:00-05:00,43.540000915527344,43.967498779296875,43.48749923706055,43.557498931884766,41.480552673339844,87493600,0.0,0.0,0.007284320258869492
2019-02-26 00:00:00-05:00,43.4275016784668,43.82500076293945,43.29249954223633,43.58250045776367,41.504356384277344,68280800,0.0,0.0,0.0005738523091762815
2019-02-27 00:00:00-05:00,43.3025016784668,43.75,43.182498931884766,43.717498779296875,41.63291931152344,111341600,0.0,0.0,0.0030975766990761766
2019-02-28 00:00:00-05:00,43.58000183105469,43.727500915527344,43.22999954223633,43.287498474121094,41.223419189453125,112861600,0.0,0.0,-0.00983596944058085
2019-03-01 00:00:00-05:00,43.56999969482422,43.787498474121094,43.22249984741211,43.74250030517578,41.65673828125,103544800,0.0,0.0,0.010511478676852093
2019-03-04 00:00:00-05:00,43.92250061035156,44.4375,43.49250030517578,43.962501525878906,41.866233825683594,109744800,0.0,0.0,0.005029091404592512
2019-03-05 00:00:00-05:00,43.98500061035156,44.0,43.6349983215332,43.88249969482422,41.79005813598633,78949600,0.0,0.0,-0.001819501845196636
2019-03-06 00:00:00-05:00,43.66749954223633,43.872501373291016,43.48500061035156,43.630001068115234,41.54960632324219,83241600,0.0,0.0,-0.005753804217302205
2019-03-07 00:00:00-05:00,43.467498779296875,43.61000061035156,43.005001068115234,43.125,41.068668365478516,99185600,0.0,0.0,-0.011575030435237665
2019-03-08 00:00:00-05:00,42.58000183105469,43.26750183105469,42.375,43.227500915527344,41.16628646850586,95997600,0.0,0.0,0.0023769483382958256
2019-03-11 00:00:00-04:00,43.872501373291016,44.779998779296875,43.837501525878906,44.724998474121094,42.59238052368164,128044000,0.0,0.0,0.034642280796126856
2019-03-12 00:00:00-04:00,45.0,45.66749954223633,44.842498779296875,45.227500915527344,43.070919036865234,129870400,0.0,0.0,0.011235307989360344
2019-03-13 00:00:00-04:00,45.5625,45.82500076293945,45.22999954223633,45.4275016784668,43.26138687133789,124130000,0.0,0.0,0.004422191091618677
2019-03-14 00:00:00-04:00,45.974998474121094,46.025001525878906,45.63999938964844,45.932498931884766,43.74229049682617,94318000,0.0,0.0,0.011116232286276784
2019-03-15 00:00:00-04:00,46.212501525878906,46.83250045776367,45.935001373291016,46.529998779296875,44.31131362915039,156171600,0.0,0.0,0.01300853535242985
2019-03-18 00:00:00-04:00,46.45000076293945,47.09749984741211,46.4474983215332,47.005001068115234,44.7636604309082,104879200,0.0,0.0,0.01020838166847371
2019-03-19 00:00:00-04:00,47.087501525878906,47.247501373291016,46.47999954223633,46.63249969482422,44.4089241027832,126585600,0.0,0.0,-0.007924649698219599
2019-03-20 00:00:00-04:00,46.557498931884766,47.372501373291016,46.182498931884766,47.040000915527344,44.79698944091797,124140800,0.0,0.0,0.008738453947602975
2019-03-21 00:00:00-04:00,47.505001068115234,49.08250045776367,47.45249938964844,48.772499084472656,46.446876525878906,204136800,0.0,0.0,0.036830311714070696
2019-03-22 00:00:00-04:00,48.834999084472656,49.42250061035156,47.69499969482422,47.76250076293945,45.485042572021484,169630800,0.0,0.0,-0.020708259108048188
2019-03-25 00:00:00-04:00,47.877498626708984,47.994998931884766,46.650001525878906,47.185001373291016,44.935081481933594,175381200,0.0,0.0,-0.01209103166644454
2019-03-26 00:00:00-04:00,47.915000915527344,48.220001220703125,46.14500045776367,46.6974983215332,44.470829010009766,199202000,0.0,0.0,-0.010331626351016698
2019-03-27 00:00:00-04:00,47.1875,47.439998626708984,46.63750076293945,47.11750030517578,44.87079620361328,119393600,0.0,0.0,0.008993922589423553
2019-03-28 00:00:00-04:00,47.23749923706055,47.38999938964844,46.88249969482422,47.18000030517578,44.9303092956543,83121600,0.0,0.0,0.0013263212841367888
2019-03-29 00:00:00-04:00,47.45750045776367,47.52000045776367,47.1349983215332,47.48749923706055,45.2231559753418,94256000,0.0,0.0,0.006517797991562491
2019-04-01 00:00:00-04:00,47.90999984741211,47.91999816894531,47.095001220703125,47.810001373291016,45.530277252197266,111448000,0.0,0.0,0.006791239360272261
2019-04-02 00:00:00-04:00,47.772499084472656,48.6150016784668,47.76250076293945,48.505001068115234,46.19213104248047,91062800,0.0,0.0,0.014536564023476473
2019-04-03 00:00:00-04:00,48.3125,49.125,48.287498474121094,48.837501525878906,46.5087890625,93087200,0.0,0.0,0.006855237307157758
2019-04-04 00:00:00-04:00,48.6974983215332,49.092498779296875,48.28499984741211,48.92250061035156,46.58973693847656,76457200,0.0,0.0,0.0017404855643043948
2019-04-05 00:00:00-04:00,49.11249923706055,49.275001525878906,48.98249816894531,49.25,46.901611328125,74106400,0.0,0.0,0.006694057750535887
2019-04-08 00:00:00-04:00,49.10499954223633,50.057498931884766,49.084999084472656,50.025001525878906,47.6396598815918,103526800,0.0,0.0,0.015736102290886844
2019-04-09 00:00:00-04:00,50.08000183105469,50.712501525878906,49.807498931884766,49.875,47.49681091308594,143072800,0.0,0.0,-0.0029985304022092096
2019-04-10 00:00:00-04:00,49.66999816894531,50.185001373291016,49.54499816894531,50.154998779296875,47.76346969604492,86781200,0.0,0.0,0.005614246047949134
2019-04-11 00:00:00-04:00,50.212501525878906,50.25,49.61000061035156,49.73749923706055,47.36585998535156,83603200,0.0,0.0,-0.008324556679480177
2019-04-12 00:00:00-04:00,49.79999923706055,50.03499984741211,49.0525016784668,49.717498779296875,47.34681701660156,111042800,0.0,0.0,-0.000402039966251877
2019-04-15 00:00:00-04:00,49.64500045776367,49.962501525878906,49.502498626708984,49.807498931884766,47.43252182006836,70146400,0.0,0.0,0.001810149211017631
2019-04-16 00:00:00-04:00,49.8650016784668,50.342498779296875,49.63999938964844,49.8125,47.437286376953125,102785600,0.0,0.0,0.00010044915812912336
2019-04-17 00:00:00-04:00,49.8849983215332,50.845001220703125,49.65250015258789,50.782501220703125,48.36104202270508,115627200,0.0,0.0,0.019473197484600524
2019-04-18 00:00:00-04:00,50.779998779296875,51.037498474121094,50.630001068115234,50.96500015258789,48.53483963012695,96783200,0.0,0.0,0.0035937523294118368
2019-04-22 00:00:00-04:00,50.70750045776367,51.23500061035156,50.584999084472656,51.13249969482422,48.694366455078125,77758000,0.0,0.0,0.003286851798973478
2019-04-23 00:00:00-04:00,51.10749816894531,51.9375,50.974998474121094,51.869998931884766,49.39670181274414,93292000,0.0,0.0,0.014423339059435936
2019-04-24 00:00:00-04:00,51.84000015258789,52.119998931884766,51.76250076293945,51.790000915527344,49.32050704956055,70162400,0.0,0.0,-0.0015425070983977607
2019-04-25 00:00:00-04:00,51.70750045776367,51.939998626708984,51.279998779296875,51.31999969482422,48.8729133605957,74172800,0.0,0.0,-0.009075204529326308
2019-04-26 00:00:00-04:00,51.224998474121094,51.25,50.529998779296875,51.07500076293945,48.63959503173828,74596400,0.0,0.0,-0.004773980366915009
2019-04-29 00:00:00-04:00,51.099998474121094,51.49250030517578,50.96500015258789,51.15250015258789,48.71339797973633,88818800,0.0,0.0,0.001517342978490932
2019-04-30 00:00:00-04:00,50.76499938964844,50.849998474121094,49.77750015258789,50.16749954223633,47.77536392211914,186139600,0.0,0.0,-0.019256182005767508
2019-05-01 00:00:00-04:00,52.470001220703125,53.82749938964844,52.307498931884766,52.630001068115234,50.120452880859375,259309200,0.0,0.0,0.04908573721307641
2019-05-02 00:00:00-04:00,52.459999084472656,53.162498474121094,52.032501220703125,52.287498474121094,49.794273376464844,127985200,0.0,0.0,-0.006507912152547535
2019-05-03 00:00:00-04:00,52.72249984741211,52.959999084472656,52.557498931884766,52.9375,50.41328430175781,83569600,0.0,0.0,0.01243136777221343
2019-05-06 00:00:00-04:00,51.0724983215332,52.209999084472656,50.875,52.119998931884766,49.63477325439453,129772400,0.0,0.0,-0.015442577450486272
2019-05-07 00:00:00-04:00,51.470001220703125,51.85499954223633,50.20750045776367,50.71500015258789,48.296756744384766,155054800,0.0,0.0,-0.02695724030312363
2019-05-08 00:00:00-04:00,50.474998474121094,51.334999084472656,50.4375,50.724998474121094,48.306278228759766,105358000,0.0,0.0,0.0001971454196270095
2019-05-09 00:00:00-04:00,50.099998474121094,50.41999816894531,49.165000915527344,50.18000030517578,47.78728485107422,139634400,0.0,0.0,-0.010743807983463305
2019-05-10 00:00:00-04:00,49.35499954223633,49.712501525878906,48.192501068115234,49.29499816894531,47.12525177001953,164834800,0.1925,0.0,-0.013853749655747705
2019-05-13 00:00:00-04:00,46.9275016784668,47.369998931884766,45.712501525878906,46.43000030517578,44.3863525390625,229722400,0.0,0.0,-0.05811956707039778
2019-05-14 00:00:00-04:00,46.602500915527344,47.42499923706055,46.352500915527344,47.165000915527344,45.08900833129883,146118800,0.0,0.0,0.015830446793706487
2019-05-15 00:00:00-04:00,46.567501068115234,47.9375,46.505001068115234,47.72999954223633,45.62913131713867,106178800,0.0,0.0,0.011979038923881413
2019-05-16 00:00:00-04:00,47.477500915527344,48.11750030517578,47.209999084472656,47.52000045776367,45.42838668823242,132125600,0.0,0.0,-0.004399483906695534
2019-05-17 00:00:00-04:00,46.73249816894531,47.724998474121094,46.689998626708984,47.25,45.170257568359375,131516400,0.0,0.0,-0.0056821106513103015
2019-05-20 00:00:00-04:00,45.880001068115234,46.087501525878906,45.06999969482422,45.772499084472656,43.75779342651367,154449200,0.0,0.0,-0.03126978277040193
2019-05-21 00:00:00-04:00,46.30500030517578,47.0,46.17499923706055,46.650001525878906,44.59666442871094,113459200,0.0,0.0,0.01917077934028044
2019-05-22 00:00:00-04:00,46.165000915527344,46.4275016784668,45.63750076293945,45.69499969482422,43.68369674682617,118994400,0.0,0.0,-0.02047165844306964
2019-05-23 00:00:00-04:00,44.95000076293945,45.1349983215332,44.45249938964844,44.915000915527344,42.93804168701172,146118800,0.0,0.0,-0.017069412969693998
2019-05-24 00:00:00-04:00,45.04999923706055,45.53499984741211,44.654998779296875,44.74250030517578,42.77313232421875,94858800,0.0,0.0,-0.0038406353972787466
2019-05-28 00:00:00-04:00,44.72999954223633,45.147499084472656,44.477500915527344,44.557498931884766,42.596275329589844,111792800,0.0,0.0,-0.004134768370208097
2019-05-29 00:00:00-04:00,44.10499954223633,44.837501525878906,44.0,44.345001220703125,42.393131256103516,113924800,0.0,0.0,-0.004769057198416915
2019-05-30 00:00:00-04:00,44.48749923706055,44.807498931884766,44.16749954223633,44.57500076293945,42.61300277709961,84873600,0.0,0.0,0.0051864892844979416
2019-05-31 00:00:00-04:00,44.057498931884766,44.497501373291016,43.747501373291016,43.76750183105469,41.8410530090332,108174400,0.0,0.0,-0.01811535723272839
2019-06-03 00:00:00-04:00,43.900001525878906,44.47999954223633,42.567501068115234,43.32500076293945,41.41802215576172,161584400,0.0,0.0,-0.010110425595172168
2019-06-04 00:00:00-04:00,43.86000061035156,44.95750045776367,43.630001068115234,44.90999984741211,42.933258056640625,123872000,0.0,0.0,0.036583975332779683
2019-06-05 00:00:00-04:00,46.06999969482422,46.247501373291016,45.28499984741211,45.6349983215332,43.6263427734375,119093600,0.0,0.0,0.016143305869834146
2019-06-06 00:00:00-04:00,45.77000045776367,46.36750030517578,45.537498474121094,46.30500030517578,44.2668571472168,90105200,0.0,0.0,0.014681826003743792
2019-06-07 00:00:00-04:00,46.627498626708984,47.97999954223633,46.442501068115234,47.537498474121094,45.44511413574219,122737600,0.0,0.0,0.026617136712617784
2019-06-10 00:00:00-04:00,47.95249938964844,48.842498779296875,47.904998779296875,48.14500045776367,46.0258674621582,104883600,0.0,0.0,0.012779224729887018
2019-06-11 00:00:00-04:00,48.71500015258789,49.0,48.400001525878906,48.70249938964844,46.55883026123047,107731600,0.0,0.0,0.01157963615808999
2019-06-12 00:00:00-04:00,48.48749923706055,48.99250030517578,48.34749984741211,48.54750061035156,46.41065979003906,73012800,0.0,0.0,-0.0031824354340531658
2019-06-13 00:00:00-04:00,48.67499923706055,49.1974983215332,48.400001525878906,48.537498474121094,46.40108871459961,86698400,0.0,0.0,-0.000206225799907922
2019-06-14 00:00:00-04:00,47.88750076293945,48.397499084472656,47.57500076293945,48.185001373291016,46.06411361694336,75046000,0.0,0.0,-0.0072622239475649275
2019-06-17 00:00:00-04:00,48.224998474121094,48.7400016784668,48.04249954223633,48.47249984741211,46.33896255493164,58676400,0.0,0.0,0.005966660734511242
2019-06-18 00:00:00-04:00,49.01250076293945,50.0724983215332,48.8025016784668,49.61249923706055,47.42877197265625,106204000,0.0,0.0,0.023518209248485356
2019-06-19 00:00:00-04:00,49.91999816894531,49.970001220703125,49.32749938964844,49.467498779296875,47.290157318115234,84496800,0.0,0.0,-0.002922585780229192
2019-06-20 00:00:00-04:00,50.092498779296875,50.15250015258789,49.50749969482422,49.8650016784668,47.67015838623047,86056000,0.0,0.0,0.008035521336057672
2019-06-21 00:00:00-04:00,49.70000076293945,50.212501525878906,49.537498474121094,49.69499969482422,47.50764465332031,191202400,0.0,0.0,-0.0034091292836379017
2019-06-24 00:00:00-04:00,49.6349983215332,50.040000915527344,49.54249954223633,49.64500045776367,47.45984649658203,72881600,0.0,0.0,-0.0010061150597358015
2019-06-25 00:00:00-04:00,49.60749816894531,49.814998626708984,48.8224983215332,48.89250183105469,46.74046325683594,84281200,0.0,0.0,-0.015157723693815628
2019-06-26 00:00:00-04:00,49.442501068115234,50.247501373291016,49.337501525878906,49.95000076293945,47.75141906738281,104270000,0.0,0.0,0.0216291354450584
2019-06-27 00:00:00-04:00,50.0724983215332,50.39250183105469,49.89250183105469,49.935001373291016,47.73708724975586,83598800,0.0,0.0,-0.0003001338579431412
2019-06-28 00:00:00-04:00,49.66999816894531,49.875,49.26250076293945,49.47999954223633,47.30210876464844,124442400,0.0,0.0,-0.009111961164108284
2019-07-01 00:00:00-04:00,50.79249954223633,51.122501373291016,50.162498474121094,50.38750076293945,48.1696662902832,109012000,0.0,0.0,0.018340779053874767
2019-07-02 00:00:00-04:00,50.352500915527344,50.782501220703125,50.34000015258789,50.682498931884766,48.45168685913086,67740800,0.0,0.0,0.005854733706231796
2019-07-03 00:00:00-04:00,50.81999969482422,51.11000061035156,50.67250061035156,51.102500915527344,48.85319519042969,45448000,0.0,0.0,0.008286777144956403
2019-07-05 00:00:00-04:00,50.837501525878906,51.27000045776367,50.724998474121094,51.057498931884766,48.81016540527344,69062000,0.0,0.0,-0.0008807977653972898
2019-07-08 00:00:00-04:00,50.20249938964844,50.349998474121094,49.602500915527344,50.005001068115234,47.80399703979492,101354400,0.0,0.0,-0.020613910178837624
2019-07-09 00:00:00-04:00,49.79999923706055,50.377498626708984,49.70249938964844,50.310001373291016,48.095577239990234,82312000,0.0,0.0,0.006099494148001483
2019-07-10 00:00:00-04:00,50.462501525878906,50.932498931884766,50.38999938964844,50.807498931884766,48.57117462158203,71588400,0.0,0.0,0.00988858869951037
2019-07-11 00:00:00-04:00,50.82749938964844,51.09749984741211,50.4275016784668,50.4375,48.21746826171875,80767200,0.0,0.0,-0.007282227836139632
2019-07-12 00:00:00-04:00,50.61249923706055,51.0,50.54999923706055,50.82500076293945,48.58790588378906,70380800,0.0,0.0,0.007682643561035096
2019-07-15 00:00:00-04:00,51.022499084472656,51.467498779296875,51.0,51.3025016784668,49.04439926147461,67789600,0.0,0.0,0.00939520585178899
2019-07-16 00:00:00-04:00,51.147499084472656,51.52750015258789,50.875,51.125,48.874698638916016,67467200,0.0,0.0,-0.0034601427505280835
2019-07-17 00:00:00-04:00,51.01250076293945,51.272499084472656,50.817501068115234,50.837501525878906,48.59986114501953,56430000,0.0,0.0,-0.0056233082054780725
2019-07-18 00:00:00-04:00,51.0,51.470001220703125,50.92499923706055,51.415000915527344,49.15195083618164,74162400,0.0,0.0,0.011359902644880071
2019-07-19 00:00:00-04:00,51.4474983215332,51.625,50.59000015258789,50.647499084472656,48.41822052001953,83717200,0.0,0.0,-0.014927796428824469
2019-07-22 00:00:00-04:00,50.912498474121094,51.807498931884766,50.90250015258789,51.80500030517578,49.52477264404297,89111600,0.0,0.0,0.022854043625289977
2019-07-23 00:00:00-04:00,52.1150016784668,52.227500915527344,51.8224983215332,52.209999084472656,49.911949157714844,73420800,0.0,0.0,0.0078178352570073
2019-07-24 00:00:00-04:00,51.91749954223633,52.287498474121094,51.79249954223633,52.16749954223633,49.87131118774414,59966400,0.0,0.0,-0.0008141932073678637
2019-07-25 00:00:00-04:00,52.22249984741211,52.310001373291016,51.682498931884766,51.755001068115234,49.47697067260742,55638400,0.0,0.0,-0.007907161567342724
2019-07-26 00:00:00-04:00,51.869998931884766,52.432498931884766,51.78499984741211,51.935001373291016,49.649051666259766,70475600,0.0,0.0,0.0034780018120150746
2019-07-29 00:00:00-04:00,52.1150016784668,52.65999984741211,52.11000061035156,52.41999816894531,50.112701416015625,86693600,0.0,0.0,0.00933854190957173
2019-07-30 00:00:00-04:00,52.189998626708984,52.540000915527344,51.82749938964844,52.19499969482422,49.89760971069336,135742800,0.0,0.0,-0.004292159457472855
2019-07-31 00:00:00-04:00,54.10499954223633,55.342498779296875,52.82500076293945,53.2599983215332,50.91572189331055,277125600,0.0,0.0,0.020404027137175706
2019-08-01 00:00:00-04:00,53.474998474121094,54.50749969482422,51.685001373291016,52.10749816894531,49.81395721435547,216071600,0.0,0.0,-0.02163898768368111
2019-08-02 00:00:00-04:00,51.38249969482422,51.60749816894531,50.407501220703125,51.005001068115234,48.75998306274414,163448400,0.0,0.0,-0.021158209677579976
2019-08-05 00:00:00-04:00,49.497501373291016,49.662498474121094,48.14500045776367,48.334999084472656,46.20749282836914,209572000,0.0,0.0,-0.05234805416340005
2019-08-06 00:00:00-04:00,49.07749938964844,49.51750183105469,48.5099983215332,49.25,47.08222961425781,143299200,0.0,0.0,0.018930626449215726
2019-08-07 00:00:00-04:00,48.852500915527344,49.88999938964844,48.45500183105469,49.7599983215332,47.56978225708008,133457600,0.0,0.0,0.010355343126626781
2019-08-08 00:00:00-04:00,50.04999923706055,50.88249969482422,49.84749984741211,50.85749816894531,48.61896514892578,108038000,0.0,0.0,0.02205565890917116
2019-08-09 00:00:00-04:00,50.32500076293945,50.689998626708984,49.8224983215332,50.247501373291016,48.21833801269531,98478800,0.1925,0.0,-0.008240141167202952
2019-08-12 00:00:00-04:00,49.904998779296875,50.51250076293945,49.787498474121094,50.119998931884766,48.09598922729492,89927600,0.0,0.0,-0.002537391176115955
2019-08-13 00:00:00-04:00,50.255001068115234,53.03499984741211,50.119998931884766,52.24250030517578,50.13277053833008,188874000,0.0,0.0,0.042348256970235365
2019-08-14 00:00:00-04:00,50.790000915527344,51.61000061035156,50.647499084472656,50.6875,48.640560150146484,146189600,0.0,0.0,-0.02976516901340398
2019-08-15 00:00:00-04:00,50.8650016784668,51.28499984741211,49.91749954223633,50.435001373291016,48.39827346801758,108909600,0.0,0.0,-0.004981165541289023
2019-08-16 00:00:00-04:00,51.06999969482422,51.790000915527344,50.959999084472656,51.625,49.540199279785156,110481600,0.0,0.0,0.023594350168755218
2019-08-19 00:00:00-04:00,52.654998779296875,53.182498931884766,52.50749969482422,52.587501525878906,50.46384811401367,97654400,0.0,0.0,0.018644431141911166
2019-08-20 00:00:00-04:00,52.720001220703125,53.337501525878906,52.58000183105469,52.59000015258789,50.466224670410156,107537200,0.0,0.0,4.709423647430988e-05
2019-08-21 00:00:00-04:00,53.247501373291016,53.412498474121094,52.900001525878906,53.15999984741211,51.013221740722656,86141600,0.0,0.0,0.010838874393416242
2019-08-22 00:00:00-04:00,53.29750061035156,53.61000061035156,52.6875,53.1150016784668,50.970035552978516,89014800,0.0,0.0,-0.000846568522247737
2019-08-23 00:00:00-04:00,52.35749816894531,53.01250076293945,50.25,50.65999984741211,48.61418533325195,187272000,0.0,0.0,-0.046220297752742945
2019-08-26 00:00:00-04:00,51.46500015258789,51.79750061035156,51.26499938964844,51.622501373291016,49.53779983520508,104174400,0.0,0.0,0.01899886824435537
2019-08-27 00:00:00-04:00,51.96500015258789,52.13750076293945,50.88249969482422,51.040000915527344,48.97883605957031,103493200,0.0,0.0,-0.01128358097239368
2019-08-28 00:00:00-04:00,51.025001525878906,51.43000030517578,50.83000183105469,51.38249969482422,49.3074951171875,63755200,0.0,0.0,0.006710225968160177
2019-08-29 00:00:00-04:00,52.125,52.33000183105469,51.665000915527344,52.252498626708984,50.142372131347656,83962000,0.0,0.0,0.016932050840869683
2019-08-30 00:00:00-04:00,52.540000915527344,52.61249923706055,51.79999923706055,52.185001373291016,50.07759094238281,84573600,0.0,0.0,-0.001291945039918585
2019-09-03 00:00:00-04:00,51.60749816894531,51.744998931884766,51.05500030517578,51.42499923706055,49.34828186035156,80092000,0.0,0.0,-0.01456358160020843
2019-09-04 00:00:00-04:00,52.09749984741211,52.369998931884766,51.83000183105469,52.29750061035156,50.185546875,76752400,0.0,0.0,0.01696644712003903
2019-09-05 00:00:00-04:00,53.0,53.49250030517578,52.877498626708984,53.31999969482422,51.16676330566406,95654800,0.0,0.0,0.019551773204903755
2019-09-06 00:00:00-04:00,53.51250076293945,53.60499954223633,53.127498626708984,53.314998626708984,51.161964416503906,77449200,0.0,0.0,-9.378918755298393e-05
2019-09-09 00:00:00-04:00,53.709999084472656,54.11000061035156,52.76750183105469,53.54249954223633,51.38026809692383,109237600,0.0,0.0,0.004266913573582443
2019-09-10 00:00:00-04:00,53.46500015258789,54.19499969482422,52.9275016784668,54.17499923706055,51.98722457885742,127111600,0.0,0.0,0.01181302675939011
2019-09-11 00:00:00-04:00,54.51750183105469,55.9275016784668,54.432498931884766,55.897499084472656,53.64017105102539,177158400,0.0,0.0,0.03179524364992159
2019-09-12 00:00:00-04:00,56.20000076293945,56.60499954223633,55.71500015258789,55.772499084472656,53.52021408081055,128906800,0.0,0.0,-0.0022363271381207195
2019-09-13 00:00:00-04:00,55.0,55.1974983215332,54.255001068115234,54.6875,52.479042053222656,159053200,0.0,0.0,-0.019453809097546126
2019-09-16 00:00:00-04:00,54.432498931884766,55.032501220703125,54.38999938964844,54.974998474121094,52.754920959472656,84632400,0.0,0.0,0.005256934872595709
2019-09-17 00:00:00-04:00,54.9900016784668,55.20500183105469,54.779998779296875,55.17499923706055,52.946842193603516,73274800,0.0,0.0,0.003637977853825136
2019-09-18 00:00:00-04:00,55.26499938964844,55.712501525878906,54.86000061035156,55.692501068115234,53.44345474243164,101360000,0.0,0.0,0.00937945547370389
2019-09-19 00:00:00-04:00,55.502498626708984,55.939998626708984,55.092498779296875,55.2400016784668,53.009220123291016,88242400,0.0,0.0,-0.008125122547436359
2019-09-20 00:00:00-04:00,55.345001220703125,55.63999938964844,54.36750030517578,54.432498931884766,52.23432922363281,221652400,0.0,0.0,-0.014618039991079468
2019-09-23 00:00:00-04:00,54.73749923706055,54.959999084472656,54.412498474121094,54.68000030517578,52.471839904785156,76662000,0.0,0.0,0.0045470227086765735
2019-09-24 00:00:00-04:00,55.25749969482422,55.622501373291016,54.29750061035156,54.41999816894531,52.22233200073242,124763200,0.0,0.0,-0.004755082049828774
2019-09-25 00:00:00-04:00,54.63750076293945,55.375,54.28499984741211,55.25749969482422,53.026004791259766,87613600,0.0,0.0,0.015389446616747682
2019-09-26 00:00:00-04:00,55.0,55.23500061035156,54.70750045776367,54.97249984741211,52.752525329589844,75334000,0.0,0.0,-0.005157459302213896
2019-09-27 00:00:00-04:00,55.1349983215332,55.2400016784668,54.31999969482422,54.70500183105469,52.49583053588867,101408000,0.0,0.0,-0.004866019059701521
2019-09-30 00:00:00-04:00,55.224998474121094,56.14500045776367,55.1974983215332,55.99250030517578,53.73133087158203,103909600,0.0,0.0,0.023535208855276935
2019-10-01 00:00:00-04:00,56.26750183105469,57.05500030517578,56.04999923706055,56.147499084472656,53.88006591796875,139223200,0.0,0.0,0.0027681251138593765
2019-10-02 00:00:00-04:00,55.76499938964844,55.89500045776367,54.48249816894531,54.7400016784668,52.52941131591797,138449200,0.0,0.0,-0.025067797877365683
2019-10-03 00:00:00-04:00,54.60749816894531,55.2400016784668,53.782501220703125,55.20500183105469,52.97563934326172,114426000,0.0,0.0,0.00849482254160594
2019-10-04 00:00:00-04:00,56.40999984741211,56.872501373291016,55.97249984741211,56.752498626708984,54.46064758300781,138478800,0.0,0.0,0.02803190783831444
2019-10-07 00:00:00-04:00,56.567501068115234,57.48249816894531,56.459999084472656,56.76499938964844,54.47264099121094,122306000,0.0,0.0,0.00022022154960321672
2019-10-08 00:00:00-04:00,56.45500183105469,57.01499938964844,56.08250045776367,56.099998474121094,53.834495544433594,111820000,0.0,0.0,-0.011714971684231523
2019-10-09 00:00:00-04:00,56.75749969482422,56.9474983215332,56.40999984741211,56.75749969482422,54.46543884277344,74770400,0.0,0.0,0.011720055922490813
2019-10-10 00:00:00-04:00,56.98249816894531,57.61000061035156,56.82500076293945,57.522499084472656,55.19953918457031,113013600,0.0,0.0,0.01347827828792525
2019-10-11 00:00:00-04:00,58.23749923706055,59.40999984741211,58.07749938964844,59.0525016784668,56.66775894165039,166795600,0.0,0.0,0.026598406051376644
2019-10-14 00:00:00-04:00,58.724998474121094,59.532501220703125,58.66749954223633,58.967498779296875,56.58619689941406,96427600,0.0,0.0,-0.0014393024139230937
2019-10-15 00:00:00-04:00,59.09749984741211,59.412498474121094,58.720001220703125,58.83000183105469,56.45425033569336,87360000,0.0,0.0,-0.0023317800267660393
2019-10-16 00:00:00-04:00,58.342498779296875,58.810001373291016,58.29999923706055,58.592498779296875,56.22633361816406,73903200,0.0,0.0,-0.004037193234770364
2019-10-17 00:00:00-04:00,58.772499084472656,59.037498474121094,58.380001068115234,58.81999969482422,56.44465255737305,67585200,0.0,0.0,0.0038828592433501896
2019-10-18 00:00:00-04:00,58.647499084472656,59.39500045776367,58.5724983215332,59.102500915527344,56.71574401855469,97433600,0.0,0.0,0.004802783769571217
2019-10-21 00:00:00-04:00,59.380001068115234,60.247501373291016,59.33000183105469,60.127498626708984,57.6993522644043,87247200,0.0,0.0,0.017342772502954684
2019-10-22 00:00:00-04:00,60.290000915527344,60.54999923706055,59.904998779296875,59.9900016784668,57.567405700683594,82293600,0.0,0.0,-0.002286794540016013
2019-10-23 00:00:00-04:00,60.525001525878906,60.810001373291016,60.30500030517578,60.79499816894531,58.33989715576172,75828800,0.0,0.0,0.013418903382490743
2019-10-24 00:00:00-04:00,61.127498626708984,61.20000076293945,60.45249938964844,60.89500045776367,58.435855865478516,69275200,0.0,0.0,0.001644821372595029
2019-10-25 00:00:00-04:00,60.790000915527344,61.682498931884766,60.720001220703125,61.64500045776367,59.15555953979492,73477200,0.0,0.0,0.012316131314533907
2019-10-28 00:00:00-04:00,61.85499954223633,62.3125,61.68000030517578,62.26250076293945,59.74812698364258,96572800,0.0,0.0,0.010017104874969984
2019-10-29 00:00:00-04:00,62.24250030517578,62.4375,60.64250183105469,60.8224983215332,58.36627960205078,142839600,0.0,0.0,-0.023127877832389787
2019-10-30 00:00:00-04:00,61.189998626708984,61.32500076293945,60.3025016784668,60.814998626708984,58.359092712402344,124522000,0.0,0.0,-0.00012313427714494285
2019-10-31 00:00:00-04:00,61.810001373291016,62.29249954223633,59.314998626708984,62.189998626708984,59.67854690551758,139162000,0.0,0.0,0.02260923074348664
2019-11-01 00:00:00-04:00,62.3849983215332,63.98249816894531,62.290000915527344,63.95500183105469,61.37228775024414,151125200,0.0,0.0,0.028381067109560787
2019-11-04 00:00:00-05:00,64.3324966430664,64.4625015258789,63.845001220703125,64.375,61.775325775146484,103272000,0.0,0.0,0.006567101206044645
2019-11-05 00:00:00-05:00,64.26249694824219,64.54750061035156,64.08000183105469,64.28250122070312,61.686561584472656,79897600,0.0,0.0,-0.0014368874556309752
2019-11-06 00:00:00-05:00,64.19249725341797,64.37249755859375,63.842498779296875,64.30999755859375,61.712955474853516,75864400,0.0,0.0,0.00042787099333962963
2019-11-07 00:00:00-05:00,64.68499755859375,65.0875015258789,64.52749633789062,64.85749816894531,62.42518997192383,94940400,0.1925,0.0,0.011541085523938843
2019-11-08 00:00:00-05:00,64.67250061035156,65.11000061035156,64.2125015258789,65.03500366210938,62.596031188964844,69986400,0.0,0.0,0.0027367352364944253
2019-11-11 00:00:00-05:00,64.57499694824219,65.61750030517578,64.56999969482422,65.55000305175781,63.09172439575195,81821200,0.0,0.0,0.007918923889770335
2019-11-12 00:00:00-05:00,65.38749694824219,65.69750213623047,65.2300033569336,65.48999786376953,63.033958435058594,87388800,0.0,0.0,-0.0009155869687601514
2019-11-13 00:00:00-05:00,65.28250122070312,66.19499969482422,65.26750183105469,66.11750030517578,63.637916564941406,102734400,0.0,0.0,0.009581472350416398
2019-11-14 00:00:00-05:00,65.9375,66.22000122070312,65.5250015258789,65.66000366210938,63.19758987426758,89182800,0.0,0.0,-0.006919250573272362
2019-11-15 00:00:00-05:00,65.91999816894531,66.44499969482422,65.75250244140625,66.44000244140625,63.94832992553711,100206400,0.0,0.0,0.011879251293651194
2019-11-18 00:00:00-05:00,66.44999694824219,66.85749816894531,66.05750274658203,66.7750015258789,64.27076721191406,86703200,0.0,0.0,0.005042153356505263
2019-11-19 00:00:00-05:00,66.9749984741211,67.0,66.34750366210938,66.57250213623047,64.07588195800781,76167200,0.0,0.0,-0.003032253423452591
2019-11-20 00:00:00-05:00,66.38500213623047,66.5199966430664,65.0999984741211,65.79750061035156,63.3299560546875,106234400,0.0,0.0,-0.0116412896791519
2019-11-21 00:00:00-05:00,65.92250061035156,66.00250244140625,65.29499816894531,65.50250244140625,63.04600524902344,121395200,0.0,0.0,-0.004483672867526711
2019-11-22 00:00:00-05:00,65.64749908447266,65.79499816894531,65.20999908447266,65.44499969482422,62.990657806396484,65325200,0.0,0.0,-0.0008778897633298088
2019-11-25 00:00:00-05:00,65.67749786376953,66.61000061035156,65.62999725341797,66.59249877929688,64.0951156616211,84020400,0.0,0.0,0.017533677114774493
2019-11-26 00:00:00-05:00,66.73500061035156,66.79000091552734,65.625,66.07250213623047,63.5946159362793,105207600,0.0,0.0,-0.007808703052883059
2019-11-27 00:00:00-05:00,66.3949966430664,66.99500274658203,66.32749938964844,66.95999908447266,64.44883728027344,65235600,0.0,0.0,0.013432290319200124
2019-11-29 00:00:00-05:00,66.6500015258789,67.0,66.4749984741211,66.8125,64.30687713623047,46617600,0.0,0.0,-0.002202679676370556
2019-12-02 00:00:00-05:00,66.81749725341797,67.0625,65.86250305175781,66.04000091552734,63.563358306884766,94487200,0.0,0.0,-0.011562042233377312
2019-12-03 00:00:00-05:00,64.57749938964844,64.88249969482422,64.07250213623047,64.86250305175781,62.42999267578125,114430400,0.0,0.0,-0.01783048695494671
2019-12-04 00:00:00-05:00,65.26750183105469,65.82749938964844,65.16999816894531,65.43499755859375,62.98102951049805,67181600,0.0,0.0,0.008826476042989473
2019-12-05 00:00:00-05:00,65.94750213623047,66.47250366210938,65.68250274658203,66.3949966430664,63.905029296875,74424400,0.0,0.0,0.014671081015322773
2019-12-06 00:00:00-05:00,66.87000274658203,67.75,66.82499694824219,67.67749786376953,65.13944244384766,106075600,0.0,0.0,0.019316369314817283
2019-12-09 00:00:00-05:00,67.5,67.69999694824219,66.22750091552734,66.7300033569336,64.22747802734375,128042400,0.0,0.0,-0.014000187632708827
2019-12-10 00:00:00-05:00,67.1500015258789,67.51750183105469,66.46499633789062,67.12000274658203,64.60286712646484,90420400,0.0,0.0,0.005844680667070223
2019-12-11 00:00:00-05:00,67.20249938964844,67.7750015258789,67.125,67.69249725341797,65.15387725830078,78756800,0.0,0.0,0.008529190055253988
2019-12-12 00:00:00-05:00,66.94499969482422,68.13999938964844,66.83000183105469,67.86499786376953,65.31989288330078,137310400,0.0,0.0,0.00254805442110273
2019-12-13 00:00:00-05:00,67.86499786376953,68.82499694824219,67.73249816894531,68.7874984741211,66.20782470703125,133587600,0.0,0.0,0.013593589709597786
2019-12-16 00:00:00-05:00,69.25,70.19750213623047,69.24500274658203,69.96499633789062,67.34115600585938,128186000,0.0,0.0,0.017117784851610862
2019-12-17 00:00:00-05:00,69.89250183105469,70.44249725341797,69.69999694824219,70.10250091552734,67.47350311279297,114158400,0.0,0.0,0.0019653227652058902
2019-12-18 00:00:00-05:00,69.94999694824219,70.4749984741211,69.77999877929688,69.93499755859375,67.31227111816406,116028400,0.0,0.0,-0.002389560156071613
2019-12-19 00:00:00-05:00,69.875,70.29499816894531,69.73750305175781,70.00499725341797,67.37964630126953,98369200,0.0,0.0,0.0010009346288017973
2019-12-20 00:00:00-05:00,70.55750274658203,70.6624984741211,69.63999938964844,69.86000061035156,67.24007415771484,275978000,0.0,0.0,-0.0020714288545035098
2019-12-23 00:00:00-05:00,70.13249969482422,71.0625,70.09249877929688,71.0,68.33731842041016,98572000,0.0,0.0,0.016318308336806364
2019-12-24 00:00:00-05:00,71.17250061035156,71.22250366210938,70.7300033569336,71.06749725341797,68.40229034423828,48478800,0.0,0.0,0.0009507531950319059
2019-12-26 00:00:00-05:00,71.20500183105469,72.49500274658203,71.17500305175781,72.47750091552734,69.75941467285156,93121200,0.0,0.0,0.01984033461136292
2019-12-27 00:00:00-05:00,72.77999877929688,73.49250030517578,72.02999877929688,72.44999694824219,69.73295593261719,146266000,0.0,0.0,-0.000379285582576272
2019-12-30 00:00:00-05:00,72.36499786376953,73.17250061035156,71.30500030517578,72.87999725341797,70.14683532714844,144114400,0.0,0.0,0.005935205083392514
2019-12-31 00:00:00-05:00,72.48249816894531,73.41999816894531,72.37999725341797,73.4124984741211,70.65934753417969,100805600,0.0,0.0,0.007306276963757741
2020-01-02 00:00:00-05:00,74.05999755859375,75.1500015258789,73.79750061035156,75.0875015258789,72.27155303955078,135480400,0.0,0.0,0.022816592024023752
2020-01-03 00:00:00-05:00,74.2874984741211,75.1449966430664,74.125,74.35749816894531,71.56890869140625,146322800,0.0,0.0,-0.009722281016432688
2020-01-06 00:00:00-05:00,73.44750213623047,74.98999786376953,73.1875,74.94999694824219,72.13919830322266,118387200,0.0,0.0,0.007968398879399041
2020-01-07 00:00:00-05:00,74.95999908447266,75.2249984741211,74.37000274658203,74.59750366210938,71.79991149902344,108872000,0.0,0.0,-0.004703223936216916
2020-01-08 00:00:00-05:00,74.29000091552734,76.11000061035156,74.29000091552734,75.79750061035156,72.95490264892578,132079200,0.0,0.0,0.01608624754249255
2020-01-09 00:00:00-05:00,76.80999755859375,77.60749816894531,76.55000305175781,77.40750122070312,74.50455474853516,170108400,0.0,0.0,0.021241233191230835
2020-01-10 00:00:00-05:00,77.6500015258789,78.1675033569336,77.0625,77.5824966430664,74.67298126220703,140644800,0.0,0.0,0.0022606203639541356
2020-01-13 00:00:00-05:00,77.91000366210938,79.26750183105469,77.7874984741211,79.23999786376953,76.268310546875,121532000,0.0,0.0,0.021364210423929997
2020-01-14 00:00:00-05:00,79.17500305175781,79.39250183105469,78.0425033569336,78.16999816894531,75.23843383789062,161954400,0.0,0.0,-0.013503337121272718
2020-01-15 00:00:00-05:00,77.9625015258789,78.875,77.38749694824219,77.83499908447266,74.91600036621094,121923600,0.0,0.0,-0.004285488881578869
2020-01-16 00:00:00-05:00,78.39749908447266,78.92500305175781,78.02249908447266,78.80999755859375,75.85446166992188,108829200,0.0,0.0,0.01252684739072385
2020-01-17 00:00:00-05:00,79.06749725341797,79.68499755859375,78.75,79.68250274658203,76.6942138671875,137816400,0.0,0.0,0.01107057091670871
2020-01-21 00:00:00-05:00,79.29750061035156,79.75499725341797,79.0,79.14250183105469,76.17446899414062,110843200,0.0,0.0,-0.006776845955379751
2020-01-22 00:00:00-05:00,79.6449966430664,79.99749755859375,79.32749938964844,79.42500305175781,76.44635772705078,101832400,0.0,0.0,0.003569289507368456
2020-01-23 00:00:00-05:00,79.4800033569336,79.88999938964844,78.9124984741211,79.80750274658203,76.81454467773438,104472000,0.0,0.0,0.004816278520399786
2020-01-24 00:00:00-05:00,80.0625,80.8324966430664,79.37999725341797,79.57749938964844,76.5931625366211,146537600,0.0,0.0,-0.002882034151762025
2020-01-27 00:00:00-05:00,77.51499938964844,77.94249725341797,76.22000122070312,77.23750305175781,74.34092712402344,161940000,0.0,0.0,-0.029405175840869657
2020-01-28 00:00:00-05:00,78.1500015258789,79.5999984741211,78.04750061035156,79.42250061035156,76.44398498535156,162234000,0.0,0.0,0.028289368221350975
2020-01-29 00:00:00-05:00,81.11250305175781,81.9625015258789,80.34500122070312,81.08499908447266,78.04412078857422,216229200,0.0,0.0,0.020932134863577367
2020-01-30 00:00:00-05:00,80.13500213623047,81.02249908447266,79.6875,80.96749877929688,77.93102264404297,126743200,0.0,0.0,-0.0014491564949221658
2020-01-31 00:00:00-05:00,80.23249816894531,80.66999816894531,77.07250213623047,77.37750244140625,74.47566986083984,199588400,0.0,0.0,-0.04433860439616921
2020-02-03 00:00:00-05:00,76.07499694824219,78.37249755859375,75.55500030517578,77.16500091552734,74.27112579345703,173788400,0.0,0.0,-0.0027464548860722804
2020-02-04 00:00:00-05:00,78.82749938964844,79.91000366210938,78.40750122070312,79.7125015258789,76.72308349609375,136616400,0.0,0.0,0.033013606249290506
2020-02-05 00:00:00-05:00,80.87999725341797,81.19000244140625,79.73750305175781,80.36250305175781,77.34871673583984,118826800,0.0,0.0,0.008154432945567835
2020-02-06 00:00:00-05:00,80.64250183105469,81.30500030517578,80.06500244140625,81.30249786376953,78.25347900390625,105425600,0.0,0.0,0.011697185244279318
2020-02-07 00:00:00-05:00,80.59249877929688,80.8499984741211,79.5,80.00749969482422,77.18980407714844,117684000,0.1925,0.0,-0.01359268546647896
2020-02-10 00:00:00-05:00,78.54499816894531,80.38749694824219,78.4625015258789,80.38749694824219,77.55641174316406,109348800,0.0,0.0,0.004749431228627143
2020-02-11 00:00:00-05:00,80.9000015258789,80.9749984741211,79.67749786376953,79.90249633789062,77.0884780883789,94323200,0.0,0.0,-0.006033461892677061
2020-02-12 00:00:00-05:00,80.36750030517578,81.80500030517578,80.36750030517578,81.80000305175781,78.9191665649414,113730400,0.0,0.0,0.02374788712865339
2020-02-13 00:00:00-05:00,81.04750061035156,81.55500030517578,80.8375015258789,81.21749877929688,78.35717010498047,94747600,0.0,0.0,-0.007121165673974472
2020-02-14 00:00:00-05:00,81.18499755859375,81.49500274658203,80.7125015258789,81.23750305175781,78.3764877319336,80113600,0.0,0.0,0.0002465329838641228
2020-02-18 00:00:00-05:00,78.83999633789062,79.9375,78.65249633789062,79.75,76.94135284423828,152531200,0.0,0.0,-0.01831078336405967
2020-02-19 00:00:00-05:00,80.0,81.14250183105469,80.0,80.90499877929688,78.05567932128906,93984000,0.0,0.0,0.014482803276238743
2020-02-20 00:00:00-05:00,80.65750122070312,81.1624984741211,79.55249786376953,80.07499694824219,77.25492095947266,100566000,0.0,0.0,-0.010258809721203743
2020-02-21 00:00:00-05:00,79.65499877929688,80.11250305175781,77.625,78.26249694824219,75.5062484741211,129554000,0.0,0.0,-0.022635095132242822
2020-02-24 00:00:00-05:00,74.31500244140625,76.04499816894531,72.30750274658203,74.54499816894531,71.919677734375,222195200,0.0,0.0,-0.04750031702310509
2020-02-25 00:00:00-05:00,75.23750305175781,75.63249969482422,71.53250122070312,72.0199966430664,69.48358917236328,230673600,0.0,0.0,-0.03387235091638008
2020-02-26 00:00:00-05:00,71.63249969482422,74.47000122070312,71.625,73.1624984741211,70.58586120605469,198054800,0.0,0.0,0.015863775127635815
2020-02-27 00:00:00-05:00,70.2750015258789,71.5,68.23999786376953,68.37999725341797,65.97179412841797,320605600,0.0,0.0,-0.06536814878786146
2020-02-28 00:00:00-05:00,64.31500244140625,69.60250091552734,64.09249877929688,68.33999633789062,65.93319702148438,426510000,0.0,0.0,-0.0005850546804663237
2020-03-02 00:00:00-05:00,70.56999969482422,75.36000061035156,69.43000030517578,74.70249938964844,72.07161712646484,341397200,0.0,0.0,0.09310059851913843
2020-03-03 00:00:00-05:00,75.9175033569336,76.0,71.44999694824219,72.33000183105469,69.78268432617188,319475600,0.0,0.0,-0.031759143079536534
2020-03-04 00:00:00-05:00,74.11000061035156,75.8499984741211,73.28250122070312,75.68499755859375,73.01951599121094,219178400,0.0,0.0,0.046384453339595844
2020-03-05 00:00:00-05:00,73.87999725341797,74.88749694824219,72.85250091552734,73.2300033569336,70.6509780883789,187572800,0.0,0.0,-0.03243705289853094
2020-03-06 00:00:00-05:00,70.5,72.70500183105469,70.30750274658203,72.25749969482422,69.71272277832031,226176800,0.0,0.0,-0.013280146084954536
2020-03-09 00:00:00-04:00,65.9375,69.52249908447266,65.75,66.5425033569336,64.19901275634766,286744800,0.0,0.0,-0.07909187594789147
2020-03-10 00:00:00-04:00,69.28500366210938,71.61000061035156,67.34249877929688,71.33499908447266,68.8227310180664,285290000,0.0,0.0,0.07202164119356458
2020-03-11 00:00:00-04:00,69.34750366210938,70.30500030517578,67.96499633789062,68.85749816894531,66.43247985839844,255598800,0.0,0.0,-0.03473054794992825
2020-03-12 00:00:00-04:00,63.98500061035156,67.5,62.0,62.057498931884766,59.87196731567383,418474000,0.0,0.0,-0.09875459348662607
2020-03-13 00:00:00-04:00,66.22250366210938,69.9800033569336,63.23749923706055,69.49250030517578,67.04512023925781,370732000,0.0,0.0,0.11980820482753929
2020-03-16 00:00:00-04:00,60.48749923706055,64.7699966430664,60.0,60.5525016784668,58.41996383666992,322423600,0.0,0.0,-0.1286470420488185
2020-03-17 00:00:00-04:00,61.877498626708984,64.40249633789062,59.599998474121094,63.21500015258789,60.98869323730469,324056000,0.0,0.0,0.043970061464200905
2020-03-18 00:00:00-04:00,59.942501068115234,62.5,59.279998779296875,61.66749954223633,59.49568557739258,300233600,0.0,0.0,-0.024480072955537446
2020-03-19 00:00:00-04:00,61.84749984741211,63.209999084472656,60.65250015258789,61.19499969482422,59.039817810058594,271857200,0.0,0.0,-0.007662198744495252
2020-03-20 00:00:00-04:00,61.79499816894531,62.95750045776367,57.0,57.310001373291016,55.291656494140625,401693200,0.0,0.0,-0.06348531304714489
2020-03-23 00:00:00-04:00,57.02000045776367,57.125,53.15250015258789,56.092498779296875,54.11702346801758,336752800,0.0,0.0,-0.021244308827092606
2020-03-24 00:00:00-04:00,59.09000015258789,61.92250061035156,58.57500076293945,61.720001220703125,59.54634475708008,287531200,0.0,0.0,0.10032557116285523
2020-03-25 00:00:00-04:00,62.6875,64.5625,61.07500076293945,61.380001068115234,59.21831130981445,303602000,0.0,0.0,-0.005508876298013554
2020-03-26 00:00:00-04:00,61.630001068115234,64.66999816894531,61.59000015258789,64.61000061035156,62.33456039428711,252087200,0.0,0.0,0.052623065662397384
2020-03-27 00:00:00-04:00,63.1875,63.967498779296875,61.76250076293945,61.935001373291016,59.75377655029297,204216800,0.0,0.0,-0.04140213434842266
2020-03-30 00:00:00-04:00,62.685001373291016,63.880001068115234,62.349998474121094,63.70249938964844,61.45902633666992,167976400,0.0,0.0,0.028537941613476114
2020-03-31 00:00:00-04:00,63.900001525878906,65.62249755859375,63.0,63.5724983215332,61.33359146118164,197002000,0.0,0.0,-0.0020409512314945033
2020-04-01 00:00:00-04:00,61.625,62.18000030517578,59.782501220703125,60.227500915527344,58.10639953613281,176218400,0.0,0.0,-0.0526170382031409
2020-04-02 00:00:00-04:00,60.084999084472656,61.287498474121094,59.224998474121094,61.23249816894531,59.07600784301758,165934000,0.0,0.0,0.01668677313730016
2020-04-03 00:00:00-04:00,60.70000076293945,61.42499923706055,59.74250030517578,60.352500915527344,58.226993560791016,129880000,0.0,0.0,-0.014371558154075759
2020-04-06 00:00:00-04:00,62.724998474121094,65.77749633789062,62.345001220703125,65.61750030517578,63.30659484863281,201820400,0.0,0.0,0.08723791109940304
2020-04-07 00:00:00-04:00,67.69999694824219,67.92500305175781,64.75,64.85749816894531,62.573333740234375,202887200,0.0,0.0,-0.011582697034198008
2020-04-08 00:00:00-04:00,65.68499755859375,66.84249877929688,65.30750274658203,66.51750183105469,64.17488098144531,168895200,0.0,0.0,0.025594724549271586
2020-04-09 00:00:00-04:00,67.17500305175781,67.51750183105469,66.17500305175781,66.99749755859375,64.63796997070312,161834800,0.0,0.0,0.007216047496709788
2020-04-13 00:00:00-04:00,67.07749938964844,68.42500305175781,66.4574966430664,68.3125,65.90667724609375,131022800,0.0,0.0,0.019627894811140578
2020-04-14 00:00:00-04:00,70.0,72.0625,69.51249694824219,71.76249694824219,69.23519134521484,194994800,0.0,0.0,0.050503442719354696
2020-04-15 00:00:00-04:00,70.5999984741211,71.5824966430664,70.15750122070312,71.10749816894531,68.60322570800781,131154400,0.0,0.0,-0.009127809498726935
2020-04-16 00:00:00-04:00,71.84500122070312,72.05000305175781,70.5875015258789,71.67250061035156,69.14830780029297,157125200,0.0,0.0,0.007945429484688571
2020-04-17 00:00:00-04:00,71.17250061035156,71.73750305175781,69.21499633789062,70.69999694824219,68.2100830078125,215250000,0.0,0.0,-0.013568297219798242
2020-04-20 00:00:00-04:00,69.48750305175781,70.41999816894531,69.2125015258789,69.23249816894531,66.79425048828125,130015200,0.0,0.0,-0.02075693881458973
2020-04-21 00:00:00-04:00,69.06999969482422,69.3125,66.35749816894531,67.09249877929688,64.7296142578125,180991600,0.0,0.0,-0.030910388474693407
2020-04-22 00:00:00-04:00,68.40249633789062,69.4749984741211,68.05000305175781,69.0250015258789,66.59407806396484,116862400,0.0,0.0,0.02880387636370485
2020-04-23 00:00:00-04:00,68.96749877929688,70.4375,68.71749877929688,68.75749969482422,66.33600616455078,124814400,0.0,0.0,-0.0038752980282448224
2020-04-24 00:00:00-04:00,69.30000305175781,70.75250244140625,69.25,70.74250030517578,68.25110626220703,126161200,0.0,0.0,0.028869692469964514
2020-04-27 00:00:00-04:00,70.44999694824219,71.13500213623047,69.98750305175781,70.7925033569336,68.29933166503906,117087600,0.0,0.0,0.0007065878558327743
2020-04-28 00:00:00-04:00,71.2699966430664,71.4574966430664,69.55000305175781,69.6449966430664,67.19221496582031,112004800,0.0,0.0,-0.016209773539928474
2020-04-29 00:00:00-04:00,71.18250274658203,72.4175033569336,70.97250366210938,71.93250274658203,69.39917755126953,137280800,0.0,0.0,0.03284551025102944
2020-04-30 00:00:00-04:00,72.48999786376953,73.63249969482422,72.0875015258789,73.44999694824219,70.86324310302734,183064000,0.0,0.0,0.021096295423331357
2020-05-01 00:00:00-04:00,71.5625,74.75,71.4625015258789,72.26750183105469,69.72238159179688,240616800,0.0,0.0,-0.016099482062538195
2020-05-04 00:00:00-04:00,72.2925033569336,73.42250061035156,71.58000183105469,73.29000091552734,70.70886993408203,133568000,0.0,0.0,0.014148804440742513
2020-05-05 00:00:00-04:00,73.76499938964844,75.25,73.61499786376953,74.38999938964844,71.77012634277344,147751200,0.0,0.0,0.015008815862574965
2020-05-06 00:00:00-04:00,75.11499786376953,75.80999755859375,74.71749877929688,75.15750122070312,72.51061248779297,142333600,0.0,0.0,0.010317470272839913
2020-05-07 00:00:00-04:00,75.80500030517578,76.2925033569336,75.49250030517578,75.93499755859375,73.2607192993164,115215200,0.0,0.0,0.010344786587614507
2020-05-08 00:00:00-04:00,76.41000366210938,77.5875015258789,76.07250213623047,77.53250122070312,75.00444030761719,133838400,0.205,0.0,0.02380158187058723
2020-05-11 00:00:00-04:00,77.0250015258789,79.26249694824219,76.80999755859375,78.75250244140625,76.18465423583984,145946400,0.0,0.0,0.015735254118052433
2020-05-12 00:00:00-04:00,79.4574966430664,79.92250061035156,77.72750091552734,77.85250091552734,75.31401062011719,162301200,0.0,0.0,-0.011428070711293925
2020-05-13 00:00:00-04:00,78.0374984741211,78.98750305175781,75.80249786376953,76.9124984741211,74.4046630859375,200622400,0.0,0.0,-0.012074081923035829
2020-05-14 00:00:00-04:00,76.12750244140625,77.44750213623047,75.38249969482422,77.38500213623047,74.86175537109375,158929200,0.0,0.0,0.006143328471608145
2020-05-15 00:00:00-04:00,75.0875015258789,76.9749984741211,75.05249786376953,76.92749786376953,74.41917419433594,166348400,0.0,0.0,-0.00591197968260182
2020-05-18 00:00:00-04:00,78.2925033569336,79.125,77.58000183105469,78.73999786376953,76.1725845336914,135178400,0.0,0.0,0.023561271115111637
2020-05-19 00:00:00-04:00,78.75749969482422,79.62999725341797,78.25250244140625,78.28500366210938,75.732421875,101729600,0.0,0.0,-0.005778491846980982
2020-05-20 00:00:00-04:00,79.16999816894531,79.87999725341797,79.12999725341797,79.80750274658203,77.20526123046875,111504800,0.0,0.0,0.019447936814958044
2020-05-21 00:00:00-04:00,79.66500091552734,80.22250366210938,78.96749877929688,79.2125015258789,76.62965393066406,102688800,0.0,0.0,-0.007455545006012199
2020-05-22 00:00:00-04:00,78.94249725341797,79.80750274658203,78.8375015258789,79.72250366210938,77.123046875,81803200,0.0,0.0,0.00643866857055575
2020-05-26 00:00:00-04:00,80.875,81.05999755859375,79.125,79.18250274658203,76.60064697265625,125522000,0.0,0.0,-0.006773590042292388
2020-05-27 00:00:00-04:00,79.03500366210938,79.67749786376953,78.27249908447266,79.52749633789062,76.93438720703125,112945200,0.0,0.0,0.00435688532100964
2020-05-28 00:00:00-04:00,79.19249725341797,80.86000061035156,78.90750122070312,79.5625,76.96824645996094,133560800,0.0,0.0,0.0004401055777383256
2020-05-29 00:00:00-04:00,79.8125,80.2874984741211,79.11750030517578,79.48500061035156,76.8932876586914,153532400,0.0,0.0,-0.0009738925429271239
2020-06-01 00:00:00-04:00,79.4375,80.5875015258789,79.30249786376953,80.4625015258789,77.83891296386719,80791200,0.0,0.0,0.012297891454104093
2020-06-02 00:00:00-04:00,80.1875,80.86000061035156,79.73249816894531,80.83499908447266,78.19926452636719,87642800,0.0,0.0,0.004629452657789246
2020-06-03 00:00:00-04:00,81.16500091552734,81.55000305175781,80.57499694824219,81.27999877929688,78.62976837158203,104491200,0.0,0.0,0.005505216037801519
2020-06-04 00:00:00-04:00,81.09750366210938,81.40499877929688,80.19499969482422,80.58000183105469,77.95257568359375,87560400,0.0,0.0,-0.008612421249774793
2020-06-05 00:00:00-04:00,80.8375015258789,82.9375,80.80750274658203,82.875,80.1727523803711,137250400,0.0,0.0,0.02848112044159956
2020-06-08 00:00:00-04:00,82.5625,83.4000015258789,81.83000183105469,83.36499786376953,80.64678192138672,95654400,0.0,0.0,0.005912601562768405
2020-06-09 00:00:00-04:00,83.03500366210938,86.40249633789062,83.00250244140625,85.99749755859375,83.19342041015625,147712400,0.0,0.0,0.03157768268115091
2020-06-10 00:00:00-04:00,86.9749984741211,88.69249725341797,86.52249908447266,88.20999908447266,85.33380126953125,166651600,0.0,0.0,0.025727766076002023
2020-06-11 00:00:00-04:00,87.32749938964844,87.76499938964844,83.87000274658203,83.9749984741211,81.23688507080078,201662400,0.0,0.0,-0.048010473432329004
2020-06-12 00:00:00-04:00,86.18000030517578,86.94999694824219,83.55500030517578,84.69999694824219,81.93824005126953,200146000,0.0,0.0,0.008633454862990941
2020-06-15 00:00:00-04:00,83.3125,86.41999816894531,83.1449966430664,85.74749755859375,82.95157623291016,138808800,0.0,0.0,0.012367072822244696
2020-06-16 00:00:00-04:00,87.86499786376953,88.30000305175781,86.18000030517578,88.0199966430664,85.14998626708984,165428800,0.0,0.0,0.026502329841292305
2020-06-17 00:00:00-04:00,88.7874984741211,88.8499984741211,87.77249908447266,87.89749908447266,85.03148651123047,114406400,0.0,0.0,-0.001391659130603684
2020-06-18 00:00:00-04:00,87.85250091552734,88.36250305175781,87.30500030517578,87.93250274658203,85.06533813476562,96820400,0.0,0.0,0.00039810692396491376
2020-06-19 00:00:00-04:00,88.66000366210938,89.13999938964844,86.2874984741211,87.43000030517578,84.57920837402344,264476000,0.0,0.0,-0.005714780795581298
2020-06-22 00:00:00-04:00,87.83499908447266,89.86499786376953,87.7874984741211,89.71749877929688,86.79214477539062,135445200,0.0,0.0,0.026164070862205513
2020-06-23 00:00:00-04:00,91.0,93.09500122070312,90.56749725341797,91.63249969482422,88.64469146728516,212155600,0.0,0.0,0.021344635470050166
2020-06-24 00:00:00-04:00,91.25,92.19750213623047,89.62999725341797,90.01499938964844,87.07992553710938,192623200,0.0,0.0,-0.01765211096429009
2020-06-25 00:00:00-04:00,90.17500305175781,91.25,89.39250183105469,91.20999908447266,88.23596954345703,137522400,0.0,0.0,0.013275665995545749
2020-06-26 00:00:00-04:00,91.10250091552734,91.33000183105469,88.25499725341797,88.40750122070312,85.52485656738281,205256800,0.0,0.0,-0.030725711862201188
2020-06-29 00:00:00-04:00,88.3125,90.5425033569336,87.81999969482422,90.44499969482422,87.49591827392578,130646000,0.0,0.0,0.02304665316790122
2020-06-30 00:00:00-04:00,90.0199966430664,91.49500274658203,90.0,91.19999694824219,88.22627258300781,140223200,0.0,0.0,0.008347295776649721
2020-07-01 00:00:00-04:00,91.27999877929688,91.83999633789062,90.97750091552734,91.02749633789062,88.05939483642578,110737200,0.0,0.0,-0.0018914745199625216
2020-07-02 00:00:00-04:00,91.9625015258789,92.61750030517578,90.91000366210938,91.02749633789062,88.05939483642578,114041600,0.0,0.0,0.0
2020-07-06 00:00:00-04:00,92.5,93.94499969482422,92.46749877929688,93.4625015258789,90.41502380371094,118655600,0.0,0.0,0.026750456003710177
2020-07-07 00:00:00-04:00,93.85250091552734,94.65499877929688,93.05750274658203,93.17250061035156,90.13448333740234,112424400,0.0,0.0,-0.003102808078861319
2020-07-08 00:00:00-04:00,94.18000030517578,95.375,94.08999633789062,95.34249877929688,92.23371124267578,117092000,0.0,0.0,0.023289953273658348
2020-07-09 00:00:00-04:00,96.26249694824219,96.31749725341797,94.67250061035156,95.75250244140625,92.63036346435547,125642800,0.0,0.0,0.0043005124301682685
2020-07-10 00:00:00-04:00,95.33499908447266,95.9800033569336,94.70500183105469,95.91999816894531,92.79240417480469,90257200,0.0,0.0,0.0017493260782850406
2020-07-13 00:00:00-04:00,97.26499938964844,99.95500183105469,95.25749969482422,95.47750091552734,92.36433410644531,191649200,0.0,0.0,-0.004613201610262907
2020-07-14 00:00:00-04:00,94.83999633789062,97.25499725341797,93.87750244140625,97.05750274658203,93.89280700683594,170989200,0.0,0.0,0.016548302060285902
2020-07-15 00:00:00-04:00,98.98999786376953,99.24749755859375,96.48999786376953,97.7249984741211,94.53852844238281,153198000,0.0,0.0,0.006877219417882108
2020-07-16 00:00:00-04:00,96.5625,97.40499877929688,95.90499877929688,96.52249908447266,93.375244140625,110577600,0.0,0.0,-0.012304869992415646
2020-07-17 00:00:00-04:00,96.98750305175781,97.14749908447266,95.83999633789062,96.32749938964844,93.18659210205078,92186800,0.0,0.0,-0.0020203646085262816
2020-07-20 00:00:00-04:00,96.4175033569336,98.5,96.0625,98.35749816894531,95.1504135131836,90318000,0.0,0.0,0.021074076933537578
2020-07-21 00:00:00-04:00,99.17250061035156,99.25,96.74250030517578,97.0,93.83718872070312,103433200,0.0,0.0,-0.013801566845513702
2020-07-22 00:00:00-04:00,96.69249725341797,97.9749984741211,96.60250091552734,97.27249908447266,94.10078430175781,89001600,0.0,0.0,0.002809073722777944
2020-07-23 00:00:00-04:00,96.99749755859375,97.07749938964844,92.01000213623047,92.84500122070312,89.81765747070312,197004400,0.0,0.0,-0.04551637760339766
2020-07-24 00:00:00-04:00,90.98750305175781,92.97000122070312,89.1449966430664,92.61499786376953,89.59516906738281,185438800,0.0,0.0,-0.00247711206889234
2020-07-27 00:00:00-04:00,93.70999908447266,94.90499877929688,93.4800033569336,94.80999755859375,91.71858215332031,121214000,0.0,0.0,0.02370008459206674
2020-07-28 00:00:00-04:00,94.36750030517578,94.55000305175781,93.24749755859375,93.25250244140625,90.21186065673828,103625600,0.0,0.0,-0.016427657964264375
2020-07-29 00:00:00-04:00,93.75,95.2300033569336,93.7125015258789,95.04000091552734,91.94110107421875,90329200,0.0,0.0,0.0191686592526934
2020-07-30 00:00:00-04:00,94.1875,96.29750061035156,93.76750183105469,96.19000244140625,93.0535888671875,158130000,0.0,0.0,0.01210000511164977
2020-07-31 00:00:00-04:00,102.88500213623047,106.41500091552734,100.82499694824219,106.26000213623047,102.79523468017578,374336800,0.0,0.0,0.10468855561167256
2020-08-03 00:00:00-04:00,108.19999694824219,111.63749694824219,107.89250183105469,108.9375,105.38543701171875,308151200,0.0,0.0,0.025197688780047134
2020-08-04 00:00:00-04:00,109.13249969482422,110.79000091552734,108.38749694824219,109.66500091552734,106.0892105102539,173071600,0.0,0.0,0.00667809062135305
2020-08-05 00:00:00-04:00,109.37750244140625,110.39250183105469,108.89749908447266,110.0625,106.47374725341797,121776800,0.0,0.0,0.0036246545837654853
2020-08-06 00:00:00-04:00,110.40499877929688,114.4124984741211,109.79750061035156,113.90249633789062,110.18854522705078,202428800,0.0,0.0,0.034889332529935535
2020-08-07 00:00:00-04:00,113.20500183105469,113.67500305175781,110.2925033569336,111.11250305175781,107.68333435058594,198045600,0.205,0.0,-0.022735674305370823
2020-08-10 00:00:00-04:00,112.5999984741211,113.7750015258789,110.0,112.72750091552734,109.24846649169922,212403600,0.0,0.0,0.014534580959553622
2020-08-11 00:00:00-04:00,111.97000122070312,112.48249816894531,109.10749816894531,109.375,105.99942779541016,187902400,0.0,0.0,-0.0297399020839888
2020-08-12 00:00:00-04:00,110.49749755859375,113.2750015258789,110.29750061035156,113.01000213623047,109.52225494384766,165598000,0.0,0.0,0.033234397785966596
2020-08-13 00:00:00-04:00,114.43000030517578,116.0425033569336,113.92749786376953,115.01000213623047,111.46053314208984,210082000,0.0,0.0,0.017697573878806105
2020-08-14 00:00:00-04:00,114.83000183105469,115.0,113.04499816894531,114.90750122070312,111.3612060546875,165565200,0.0,0.0,-0.0008911413269100388
2020-08-17 00:00:00-04:00,116.0625,116.0875015258789,113.9625015258789,114.60749816894531,111.07047271728516,119561600,0.0,0.0,-0.0026107236775037013
2020-08-18 00:00:00-04:00,114.35250091552734,116.0,114.00749969482422,115.5625,111.99600219726562,105633600,0.0,0.0,0.008332813009054973
2020-08-19 00:00:00-04:00,115.98249816894531,117.1624984741211,115.61000061035156,115.7074966430664,112.13650512695312,145538000,0.0,0.0,0.0012545352238557683
2020-08-20 00:00:00-04:00,115.75,118.39250183105469,115.73249816894531,118.2750015258789,114.62477111816406,126907200,0.0,0.0,0.02218961602552083
2020-08-21 00:00:00-04:00,119.26249694824219,124.86750030517578,119.25,124.37000274658203,120.53166198730469,338054800,0.0,0.0,0.05153241146323717
2020-08-24 00:00:00-04:00,128.69749450683594,128.78500366210938,123.9375,125.85749816894531,121.97325134277344,345937600,0.0,0.0,0.011960254523169178
2020-08-25 00:00:00-04:00,124.69750213623047,125.18000030517578,123.05249786376953,124.82499694824219,120.97261810302734,211495600,0.0,0.0,-0.00820371047529167
2020-08-26 00:00:00-04:00,126.18000030517578,126.99250030517578,125.0824966430664,126.52249908447266,122.61775207519531,163022400,0.0,0.0,0.013599225989858965
2020-08-27 00:00:00-04:00,127.14250183105469,127.48500061035156,123.8324966430664,125.01000213623047,121.15191650390625,155552400,0.0,0.0,-0.011954513489940144
2020-08-28 00:00:00-04:00,126.01249694824219,126.44249725341797,124.57749938964844,124.80750274658203,120.9556655883789,187630000,0.0,0.0,-0.0016198746267543918
2020-08-31 00:00:00-04:00,127.58000183105469,131.0,126.0,129.0399932861328,125.05751037597656,225702700,0.0,4.0,0.033911969047870194
2020-09-01 00:00:00-04:00,132.75999450683594,134.8000030517578,130.52999877929688,134.17999267578125,130.03892517089844,151948100,0.0,0.0,0.03983299187666223
2020-09-02 00:00:00-04:00,137.58999633789062,137.97999572753906,127.0,131.39999389648438,127.34473419189453,200119000,0.0,0.0,-0.0207183424152666
2020-09-03 00:00:00-04:00,126.91000366210938,128.83999633789062,120.5,120.87999725341797,117.14936828613281,257599600,0.0,0.0,-0.08006115031343519
2020-09-04 00:00:00-04:00,120.06999969482422,123.69999694824219,110.88999938964844,120.95999908447266,117.2269058227539,332607200,0.0,0.0,0.000661869011804761
2020-09-08 00:00:00-04:00,113.94999694824219,118.98999786376953,112.68000030517578,112.81999969482422,109.338134765625,231366600,0.0,0.0,-0.06729488423977226
2020-09-09 00:00:00-04:00,117.26000213623047,119.13999938964844,115.26000213623047,117.31999969482422,113.6992416381836,176940500,0.0,0.0,0.039886420981178894
2020-09-10 00:00:00-04:00,120.36000061035156,120.5,112.5,113.48999786376953,109.9874496459961,182274400,0.0,0.0,-0.03264570579986148
2020-09-11 00:00:00-04:00,114.56999969482422,115.2300033569336,110.0,112.0,108.5434341430664,180860300,0.0,0.0,-0.013128911594708081
2020-09-14 00:00:00-04:00,114.72000122070312,115.93000030517578,112.80000305175781,115.36000061035156,111.79974365234375,140150100,0.0,0.0,0.030000059745533214
2020-09-15 00:00:00-04:00,118.33000183105469,118.83000183105469,113.61000061035156,115.54000091552734,111.97418975830078,184642000,0.0,0.0,0.0015603444181364612
2020-09-16 00:00:00-04:00,115.2300033569336,116.0,112.04000091552734,112.12999725341797,108.66943359375,154679000,0.0,0.0,-0.029513552825737643
2020-09-17 00:00:00-04:00,109.72000122070312,112.19999694824219,108.70999908447266,110.33999633789062,106.93466186523438,178011000,0.0,0.0,-0.015963750533576015
2020-09-18 00:00:00-04:00,110.4000015258789,110.87999725341797,106.08999633789062,106.83999633789062,103.54267883300781,287104900,0.0,0.0,-0.031720145489414375
2020-09-21 00:00:00-04:00,104.54000091552734,110.19000244140625,103.0999984741211,110.08000183105469,106.68268585205078,195713800,0.0,0.0,0.030325727076340403
2020-09-22 00:00:00-04:00,112.68000030517578,112.86000061035156,109.16000366210938,111.80999755859375,108.35932159423828,183055400,0.0,0.0,0.01571609984128708
2020-09-23 00:00:00-04:00,111.62000274658203,112.11000061035156,106.7699966430664,107.12000274658203,103.81404876708984,150718700,0.0,0.0,-0.041946301991153456
2020-09-24 00:00:00-04:00,105.16999816894531,110.25,105.0,108.22000122070312,104.88009643554688,167743300,0.0,0.0,0.010268818923041323
2020-09-25 00:00:00-04:00,108.43000030517578,112.44000244140625,107.66999816894531,112.27999877929688,108.81478881835938,149981400,0.0,0.0,0.03751610187763821
2020-09-28 00:00:00-04:00,115.01000213623047,115.31999969482422,112.77999877929688,114.95999908447266,111.41207885742188,137672400,0.0,0.0,0.023868906674055612
2020-09-29 00:00:00-04:00,114.55000305175781,115.30999755859375,113.56999969482422,114.08999633789062,110.5689468383789,99382200,0.0,0.0,-0.00756768949731168
2020-09-30 00:00:00-04:00,113.79000091552734,117.26000213623047,113.62000274658203,115.80999755859375,112.23587036132812,142675200,0.0,0.0,0.01507587410944411
2020-10-01 00:00:00-04:00,117.63999938964844,117.72000122070312,115.83000183105469,116.79000091552734,113.18561553955078,116120400,0.0,0.0,0.00846204671612627
2020-10-02 00:00:00-04:00,112.88999938964844,115.37000274658203,112.22000122070312,113.0199966430664,109.53195190429688,144712000,0.0,0.0,-0.03228028241784131
2020-10-05 00:00:00-04:00,113.91000366210938,116.6500015258789,113.55000305175781,116.5,112.90455627441406,106243800,0.0,0.0,0.030791055134888667
2020-10-06 00:00:00-04:00,115.69999694824219,116.12000274658203,112.25,113.16000366210938,109.66765594482422,161498200,0.0,0.0,-0.028669350789728765
2020-10-07 00:00:00-04:00,114.62000274658203,115.55000305175781,114.12999725341797,115.08000183105469,111.52837371826172,96849000,0.0,0.0,0.016966878314365275
2020-10-08 00:00:00-04:00,116.25,116.4000015258789,114.58999633789062,114.97000122070312,111.42179107666016,83477200,0.0,0.0,-0.0009556549427575112
2020-10-09 00:00:00-04:00,115.27999877929688,117.0,114.91999816894531,116.97000122070312,113.36006164550781,100506900,0.0,0.0,0.017395794396394937
2020-10-12 00:00:00-04:00,120.05999755859375,125.18000030517578,119.27999877929688,124.4000015258789,120.56076049804688,240226800,0.0,0.0,0.06352059753686978
2020-10-13 00:00:00-04:00,125.2699966430664,125.38999938964844,119.6500015258789,121.0999984741211,117.36259460449219,262330500,0.0,0.0,-0.02652741970391348
2020-10-14 00:00:00-04:00,121.0,123.02999877929688,119.62000274658203,121.19000244140625,117.44981384277344,150712000,0.0,0.0,0.0007431604471184183
2020-10-15 00:00:00-04:00,118.72000122070312,121.19999694824219,118.1500015258789,120.70999908447266,116.98463439941406,112559200,0.0,0.0,-0.003960665650625028
2020-10-16 00:00:00-04:00,121.27999877929688,121.55000305175781,118.80999755859375,119.0199966430664,115.34676361083984,115393800,0.0,0.0,-0.014000734344154386
2020-10-19 00:00:00-04:00,119.95999908447266,120.41999816894531,115.66000366210938,115.9800033569336,112.40060424804688,120639300,0.0,0.0,-0.0255417600855522
2020-10-20 00:00:00-04:00,116.19999694824219,118.9800033569336,115.62999725341797,117.51000213623047,113.88338470458984,124423700,0.0,0.0,0.013191926026222767
2020-10-21 00:00:00-04:00,116.66999816894531,118.70999908447266,116.44999694824219,116.87000274658203,113.26315307617188,89946000,0.0,0.0,-0.005446199461201728
2020-10-22 00:00:00-04:00,117.44999694824219,118.04000091552734,114.58999633789062,115.75,112.17768096923828,101988000,0.0,0.0,-0.009583629604621668
2020-10-23 00:00:00-04:00,116.38999938964844,116.55000305175781,114.27999877929688,115.04000091552734,111.4896240234375,82572600,0.0,0.0,-0.006133634960678647
2020-10-26 00:00:00-04:00,114.01000213623047,116.55000305175781,112.87999725341797,115.05000305175781,111.49932098388672,111850700,0.0,0.0,8.697634900256546e-05
2020-10-27 00:00:00-04:00,115.48999786376953,117.27999877929688,114.54000091552734,116.5999984741211,113.00147247314453,92276800,0.0,0.0,0.013472292709969969
2020-10-28 00:00:00-04:00,115.05000305175781,115.43000030517578,111.0999984741211,111.19999694824219,107.7680892944336,143937800,0.0,0.0,-0.04631252198908009
2020-10-29 00:00:00-04:00,112.37000274658203,116.93000030517578,112.19999694824219,115.31999969482422,111.76095581054688,146129200,0.0,0.0,0.037050545688013026
2020-10-30 00:00:00-04:00,111.05999755859375,111.98999786376953,107.72000122070312,108.86000061035156,105.50032806396484,190272600,0.0,0.0,-0.05601802258379773
2020-11-02 00:00:00-05:00,109.11000061035156,110.68000030517578,107.31999969482422,108.7699966430664,105.4131088256836,122866900,0.0,0.0,-0.0008267200669591634
2020-11-03 00:00:00-05:00,109.66000366210938,111.48999786376953,108.7300033569336,110.44000244140625,107.0315933227539,107624400,0.0,0.0,0.015353730812993183
2020-11-04 00:00:00-05:00,114.13999938964844,115.58999633789062,112.3499984741211,114.94999694824219,111.40238189697266,138235500,0.0,0.0,0.040836433790522264
2020-11-05 00:00:00-05:00,117.94999694824219,119.62000274658203,116.87000274658203,119.02999877929688,115.3564682006836,126387100,0.0,0.0,0.035493732148095036
2020-11-06 00:00:00-05:00,118.31999969482422,119.19999694824219,116.12999725341797,118.69000244140625,115.22541809082031,114457900,0.205,0.0,-0.00113604474813922
2020-11-09 00:00:00-05:00,120.5,121.98999786376953,116.05000305175781,116.31999969482422,112.92459869384766,154515300,0.0,0.0,-0.019967984799665994
2020-11-10 00:00:00-05:00,115.55000305175781,117.58999633789062,114.12999725341797,115.97000122070312,112.5848388671875,138023400,0.0,0.0,-0.0030087317607502273
2020-11-11 00:00:00-05:00,117.19000244140625,119.62999725341797,116.44000244140625,119.48999786376953,116.00208282470703,112295000,0.0,0.0,0.030352612233612852
2020-11-12 00:00:00-05:00,119.62000274658203,120.52999877929688,118.56999969482422,119.20999908447266,115.73023223876953,103162300,0.0,0.0,-0.0023434974555439636
2020-11-13 00:00:00-05:00,119.44000244140625,119.66999816894531,117.87000274658203,119.26000213623047,115.7787857055664,81581900,0.0,0.0,0.00041954004461608463
2020-11-16 00:00:00-05:00,118.91999816894531,120.98999786376953,118.1500015258789,120.30000305175781,116.7884292602539,91183000,0.0,0.0,0.008720453825237895
2020-11-17 00:00:00-05:00,119.55000305175781,120.66999816894531,118.95999908447266,119.38999938964844,115.90496063232422,74271000,0.0,0.0,-0.007564693125214905
2020-11-18 00:00:00-05:00,118.61000061035156,119.81999969482422,118.0,118.02999877929688,114.58468627929688,76322100,0.0,0.0,-0.011391008165867356
2020-11-19 00:00:00-05:00,117.58999633789062,119.05999755859375,116.80999755859375,118.63999938964844,115.1768798828125,74113000,0.0,0.0,0.005168174061865205
2020-11-20 00:00:00-05:00,118.63999938964844,118.7699966430664,117.29000091552734,117.33999633789062,113.91480255126953,73604300,0.0,0.0,-0.010957731558860373
2020-11-23 00:00:00-05:00,117.18000030517578,117.62000274658203,113.75,113.8499984741211,110.52669525146484,127959300,0.0,0.0,-0.02974246738723707
2020-11-24 00:00:00-05:00,113.91000366210938,115.8499984741211,112.58999633789062,115.16999816894531,111.80816650390625,113874200,0.0,0.0,0.011594223906956191
2020-11-25 00:00:00-05:00,115.55000305175781,116.75,115.16999816894531,116.02999877929688,112.64305114746094,76499200,0.0,0.0,0.007467116845400801
2020-11-27 00:00:00-05:00,116.56999969482422,117.48999786376953,116.22000122070312,116.58999633789062,113.18672180175781,46691300,0.0,0.0,0.0048264908377273485
2020-11-30 00:00:00-05:00,116.97000122070312,120.97000122070312,116.80999755859375,119.05000305175781,115.57489013671875,169410200,0.0,0.0,0.021099368344139613
2020-12-01 00:00:00-05:00,121.01000213623047,123.47000122070312,120.01000213623047,122.72000122070312,119.13777923583984,127728200,0.0,0.0,0.03082753611019129
2020-12-02 00:00:00-05:00,122.0199966430664,123.37000274658203,120.88999938964844,123.08000183105469,119.48726654052734,89004200,0.0,0.0,0.002933471707540214
2020-12-03 00:00:00-05:00,123.5199966430664,123.77999877929688,122.20999908447266,122.94000244140625,119.35138702392578,78967600,0.0,0.0,-0.0011371882589302773
2020-12-04 00:00:00-05:00,122.5999984741211,122.86000061035156,121.5199966430664,122.25,118.68150329589844,78260400,0.0,0.0,-0.005612701659621688
2020-12-07 00:00:00-05:00,122.30999755859375,124.56999969482422,122.25,123.75,120.13770294189453,86712000,0.0,0.0,0.012269811264232766
2020-12-08 00:00:00-05:00,124.37000274658203,124.9800033569336,123.08999633789062,124.37999725341797,120.74932098388672,82225500,0.0,0.0,0.005090974997982167
2020-12-09 00:00:00-05:00,124.52999877929688,125.94999694824219,121.0,121.77999877929688,118.22520446777344,115089200,0.0,0.0,-0.020903773996792108
2020-12-10 00:00:00-05:00,120.5,123.87000274658203,120.1500015258789,123.23999786376953,119.64258575439453,81312200,0.0,0.0,0.011988824997189562
2020-12-11 00:00:00-05:00,122.43000030517578,122.76000213623047,120.55000305175781,122.41000366210938,118.83684539794922,86939800,0.0,0.0,-0.006734561538977113
2020-12-14 00:00:00-05:00,122.5999984741211,123.3499984741211,121.54000091552734,121.77999877929688,118.22520446777344,79184500,0.0,0.0,-0.005146896386617916
2020-12-15 00:00:00-05:00,124.33999633789062,127.9000015258789,124.12999725341797,127.87999725341797,124.14716339111328,157243700,0.0,0.0,0.050090494239357186
2020-12-16 00:00:00-05:00,127.41000366210938,128.3699951171875,126.55999755859375,127.80999755859375,124.0792007446289,98208600,0.0,0.0,-0.0005474361606657707
2020-12-17 00:00:00-05:00,128.89999389648438,129.5800018310547,128.0399932861328,128.6999969482422,124.94322204589844,94359800,0.0,0.0,0.006963466044948241
2020-12-18 00:00:00-05:00,128.9600067138672,129.10000610351562,126.12000274658203,126.66000366210938,122.96278381347656,192541500,0.0,0.0,-0.015850705624466332
2020-12-21 00:00:00-05:00,125.0199966430664,128.30999755859375,123.44999694824219,128.22999572753906,124.48694610595703,121251600,0.0,0.0,0.012395313811311315
2020-12-22 00:00:00-05:00,131.61000061035156,134.41000366210938,129.64999389648438,131.8800048828125,128.03041076660156,168904800,0.0,0.0,0.02846454806296328
2020-12-23 00:00:00-05:00,132.16000366210938,132.42999267578125,130.77999877929688,130.9600067138672,127.13726806640625,88223700,0.0,0.0,-0.006976019953755408
2020-12-24 00:00:00-05:00,131.32000732421875,133.4600067138672,131.10000610351562,131.97000122070312,128.1177520751953,54930100,0.0,0.0,0.007712010991749008
2020-12-28 00:00:00-05:00,133.99000549316406,137.33999633789062,133.50999450683594,136.69000244140625,132.6999969482422,124486200,0.0,0.0,0.03576588567021877
2020-12-29 00:00:00-05:00,138.0500030517578,138.7899932861328,134.33999633789062,134.8699951171875,130.93312072753906,121047300,0.0,0.0,-0.013314817342401808
2020-12-30 00:00:00-05:00,135.5800018310547,135.99000549316406,133.39999389648438,133.72000122070312,129.8166961669922,96452100,0.0,0.0,-0.008526678004338262
2020-12-31 00:00:00-05:00,134.0800018310547,134.74000549316406,131.72000122070312,132.69000244140625,128.81674194335938,99116600,0.0,0.0,-0.007702816765160159
2021-01-04 00:00:00-05:00,133.52000427246094,133.61000061035156,126.76000213623047,129.41000366210938,125.63249969482422,143301900,0.0,0.0,-0.024719164609327438
2021-01-05 00:00:00-05:00,128.88999938964844,131.74000549316406,128.42999267578125,131.00999450683594,127.18582153320312,97664900,0.0,0.0,0.012364012832285498
2021-01-06 00:00:00-05:00,127.72000122070312,131.0500030517578,126.37999725341797,126.5999984741211,122.90453338623047,155088000,0.0,0.0,-0.033661677814102786
2021-01-07 00:00:00-05:00,128.36000061035156,131.6300048828125,127.86000061035156,130.9199981689453,127.09839630126953,109578200,0.0,0.0,0.03412293102207831
2021-01-08 00:00:00-05:00,132.42999267578125,132.6300048828125,130.22999572753906,132.0500030517578,128.19544982910156,105158200,0.0,0.0,0.008631529269902183
2021-01-11 00:00:00-05:00,129.19000244140625,130.1699981689453,128.5,128.97999572753906,125.21504974365234,100384500,0.0,0.0,-0.023248875755125575
2021-01-12 00:00:00-05:00,128.5,129.69000244140625,126.86000061035156,128.8000030517578,125.04032135009766,91951100,0.0,0.0,-0.0013954264596180987
2021-01-13 00:00:00-05:00,128.75999450683594,131.4499969482422,128.49000549316406,130.88999938964844,127.06929016113281,88636800,0.0,0.0,0.01622651628792826
2021-01-14 00:00:00-05:00,130.8000030517578,131.0,128.75999450683594,128.91000366210938,125.1470947265625,90221800,0.0,0.0,-0.015127143876642712
2021-01-15 00:00:00-05:00,128.77999877929688,130.22000122070312,127.0,127.13999938964844,123.4287338256836,111598500,0.0,0.0,-0.013730729463863334
2021-01-19 00:00:00-05:00,127.77999877929688,128.7100067138672,126.94000244140625,127.83000183105469,124.0986328125,90757300,0.0,0.0,0.005427415205947916
2021-01-20 00:00:00-05:00,128.66000366210938,132.49000549316406,128.5500030517578,132.02999877929688,128.17604064941406,104319500,0.0,0.0,0.03285618660339784
2021-01-21 00:00:00-05:00,133.8000030517578,139.6699981689453,133.58999633789062,136.8699951171875,132.8747100830078,120150900,0.0,0.0,0.03665793864272571
2021-01-22 00:00:00-05:00,136.27999877929688,139.85000610351562,135.02000427246094,139.07000732421875,135.01052856445312,114459400,0.0,0.0,0.01607392768805327
2021-01-25 00:00:00-05:00,143.07000732421875,145.08999633789062,136.5399932861328,142.9199981689453,138.7481231689453,157611700,0.0,0.0,0.027683726922881347
2021-01-26 00:00:00-05:00,143.60000610351562,144.3000030517578,141.3699951171875,143.16000366210938,138.9811248779297,98390600,0.0,0.0,0.001679314311882063
2021-01-27 00:00:00-05:00,143.42999267578125,144.3000030517578,140.41000366210938,142.05999755859375,137.91326904296875,140843800,0.0,0.0,-0.007683459433062256
2021-01-28 00:00:00-05:00,139.52000427246094,141.99000549316406,136.6999969482422,137.08999633789062,133.0883331298828,142621100,0.0,0.0,-0.03498529145576745
2021-01-29 00:00:00-05:00,135.8300018310547,136.74000549316406,130.2100067138672,131.9600067138672,128.10806274414062,177523800,0.0,0.0,-0.03742078864930909
2021-02-01 00:00:00-05:00,133.75,135.3800048828125,130.92999267578125,134.13999938964844,130.22439575195312,106239800,0.0,0.0,0.0165199048559439
2021-02-02 00:00:00-05:00,135.72999572753906,136.30999755859375,134.61000061035156,134.99000549316406,131.04962158203125,83305400,0.0,0.0,0.0063369526524814646
2021-02-03 00:00:00-05:00,135.75999450683594,135.77000427246094,133.61000061035156,133.94000244140625,130.03030395507812,89880900,0.0,0.0,-0.00777810431383108
2021-02-04 00:00:00-05:00,136.3000030517578,137.39999389648438,134.58999633789062,137.38999938964844,133.3795928955078,84183100,0.0,0.0,0.02575775675789216
2021-02-05 00:00:00-05:00,137.35000610351562,137.4199981689453,135.86000061035156,136.75999450683594,132.96633911132812,75693800,0.205,0.0,-0.003098328426474062
2021-02-08 00:00:00-05:00,136.02999877929688,136.9600067138672,134.9199981689453,136.91000366210938,133.11216735839844,71297200,0.0,0.0,0.0010967305563569507
2021-02-09 00:00:00-05:00,136.6199951171875,137.8800048828125,135.85000610351562,136.00999450683594,132.23716735839844,76774200,0.0,0.0,-0.006573403599117289
2021-02-10 00:00:00-05:00,136.47999572753906,136.99000549316406,134.39999389648438,135.38999938964844,131.6343536376953,73046600,0.0,0.0,-0.004558580108339316
2021-02-11 00:00:00-05:00,135.89999389648438,136.38999938964844,133.77000427246094,135.1300048828125,131.38157653808594,64280000,0.0,0.0,-0.0019202973435422654
2021-02-12 00:00:00-05:00,134.35000610351562,135.52999877929688,133.69000244140625,135.3699951171875,131.6148681640625,60145100,0.0,0.0,0.0017756799098003206
2021-02-16 00:00:00-05:00,135.49000549316406,136.00999450683594,132.7899932861328,133.19000244140625,129.4954071044922,80576300,0.0,0.0,-0.0161035078265499
2021-02-17 00:00:00-05:00,131.25,132.22000122070312,129.47000122070312,130.83999633789062,127.2105484008789,97918500,0.0,0.0,-0.017644322333143392
2021-02-18 00:00:00-05:00,129.1999969482422,130.0,127.41000366210938,129.7100067138672,126.11189270019531,96856700,0.0,0.0,-0.008636514145205942
2021-02-19 00:00:00-05:00,130.24000549316406,130.7100067138672,128.8000030517578,129.8699951171875,126.26747131347656,87668800,0.0,0.0,0.0012336553670724282
2021-02-22 00:00:00-05:00,128.00999450683594,129.72000122070312,125.5999984741211,126.0,122.50483703613281,103916400,0.0,0.0,-0.029798920008483276
2021-02-23 00:00:00-05:00,123.76000213623047,126.70999908447266,118.38999938964844,125.86000061035156,122.36871337890625,158273000,0.0,0.0,-0.0011111696527249526
2021-02-24 00:00:00-05:00,124.94000244140625,125.55999755859375,122.2300033569336,125.3499984741211,121.87284851074219,111039900,0.0,0.0,-0.00405221934979938
2021-02-25 00:00:00-05:00,124.68000030517578,126.45999908447266,120.54000091552734,120.98999786376953,117.6337890625,148199500,0.0,0.0,-0.03478264026846423
2021-02-26 00:00:00-05:00,122.58999633789062,124.8499984741211,121.19999694824219,121.26000213623047,117.89631652832031,164560400,0.0,0.0,0.002231735183509498
2021-03-01 00:00:00-05:00,123.75,127.93000030517578,122.79000091552734,127.79000091552734,124.24517059326172,116307900,0.0,0.0,0.05385116559953196
2021-03-02 00:00:00-05:00,128.41000366210938,128.72000122070312,125.01000213623047,125.12000274658203,121.64923858642578,102260900,0.0,0.0,-0.02089362503540826
2021-03-03 00:00:00-05:00,124.80999755859375,125.70999908447266,121.83999633789062,122.05999755859375,118.67411041259766,112966300,0.0,0.0,-0.02445661155301393
2021-03-04 00:00:00-05:00,121.75,123.5999984741211,118.62000274658203,120.12999725341797,116.79766845703125,178155000,0.0,0.0,-0.01581172126795416
2021-03-05 00:00:00-05:00,120.9800033569336,121.94000244140625,117.56999969482422,121.41999816894531,118.0518798828125,153766600,0.0,0.0,0.010738325878848043
2021-03-08 00:00:00-05:00,120.93000030517578,121.0,116.20999908447266,116.36000061035156,113.13224792480469,154376600,0.0,0.0,-0.041673474093690155
2021-03-09 00:00:00-05:00,119.02999877929688,122.05999755859375,118.79000091552734,121.08999633789062,117.73101043701172,129525800,0.0,0.0,0.040649439895012796
2021-03-10 00:00:00-05:00,121.69000244140625,122.16999816894531,119.44999694824219,119.9800033569336,116.65181732177734,111943300,0.0,0.0,-0.00916660029696903
2021-03-11 00:00:00-05:00,122.54000091552734,123.20999908447266,121.26000213623047,121.95999908447266,118.57687377929688,103026500,0.0,0.0,0.01650258437216956
2021-03-12 00:00:00-05:00,120.4000015258789,121.16999816894531,119.16000366210938,121.02999877929688,117.67269897460938,88105100,0.0,0.0,-0.007625220465589333
2021-03-15 00:00:00-04:00,121.41000366210938,124.0,120.41999816894531,123.98999786376953,120.55058288574219,92403800,0.0,0.0,0.024456683123702083
2021-03-16 00:00:00-04:00,125.69999694824219,127.22000122070312,124.72000122070312,125.56999969482422,122.08675384521484,115227900,0.0,0.0,0.01274295754279886
2021-03-17 00:00:00-04:00,124.05000305175781,125.86000061035156,122.33999633789062,124.76000213623047,121.2992172241211,111932600,0.0,0.0,-0.0064506311806128425
2021-03-18 00:00:00-04:00,122.87999725341797,123.18000030517578,120.31999969482422,120.52999877929688,117.18656921386719,121229700,0.0,0.0,-0.03390498392627783
2021-03-19 00:00:00-04:00,119.9000015258789,121.43000030517578,119.68000030517578,119.98999786376953,116.66154479980469,185549500,0.0,0.0,-0.004480243918604021
2021-03-22 00:00:00-04:00,120.33000183105469,123.87000274658203,120.26000213623047,123.38999938964844,119.96721649169922,111912300,0.0,0.0,0.028335572767934636
2021-03-23 00:00:00-04:00,123.33000183105469,124.23999786376953,122.13999938964844,122.54000091552734,119.14080810546875,95467100,0.0,0.0,-0.00688861849426714
2021-03-24 00:00:00-04:00,122.81999969482422,122.9000015258789,120.06999969482422,120.08999633789062,116.75877380371094,88530500,0.0,0.0,-0.019993437510085754
2021-03-25 00:00:00-04:00,119.54000091552734,121.66000366210938,119.0,120.58999633789062,117.24490356445312,98844700,0.0,0.0,0.004163539448944986
2021-03-26 00:00:00-04:00,120.3499984741211,121.4800033569336,118.91999816894531,121.20999908447266,117.84768676757812,94071200,0.0,0.0,0.005141231599833596
2021-03-29 00:00:00-04:00,121.6500015258789,122.58000183105469,120.7300033569336,121.38999938964844,118.022705078125,80819200,0.0,0.0,0.0014851230036618812
2021-03-30 00:00:00-04:00,120.11000061035156,120.4000015258789,118.86000061035156,119.9000015258789,116.57402801513672,85671900,0.0,0.0,-0.01227456244143299
2021-03-31 00:00:00-04:00,121.6500015258789,123.5199966430664,121.1500015258789,122.1500015258789,118.76161193847656,118323800,0.0,0.0,0.018765620100695157
2021-04-01 00:00:00-04:00,123.66000366210938,124.18000030517578,122.48999786376953,123.0,119.58805084228516,75089100,0.0,0.0,0.006958805040779614
2021-04-05 00:00:00-04:00,123.87000274658203,126.16000366210938,123.06999969482422,125.9000015258789,122.4076156616211,88651200,0.0,0.0,0.023577312277247797
2021-04-06 00:00:00-04:00,126.5,127.12999725341797,125.6500015258789,126.20999908447266,122.70899963378906,80171300,0.0,0.0,0.002462134161661078
2021-04-07 00:00:00-04:00,125.83000183105469,127.91999816894531,125.13999938964844,127.9000015258789,124.35212707519531,83466700,0.0,0.0,0.013390439546487887
2021-04-08 00:00:00-04:00,128.9499969482422,130.38999938964844,128.52000427246094,130.36000061035156,126.74390411376953,88844600,0.0,0.0,0.019233905320557243
2021-04-09 00:00:00-04:00,129.8000030517578,133.0399932861328,129.47000122070312,133.0,129.31065368652344,106686700,0.0,0.0,0.02025146369524733
2021-04-12 00:00:00-04:00,132.52000427246094,132.85000610351562,130.6300048828125,131.24000549316406,127.59945678710938,91420000,0.0,0.0,-0.013233224414458289
2021-04-13 00:00:00-04:00,132.44000244140625,134.66000366210938,131.92999267578125,134.42999267578125,130.7009735107422,91266500,0.0,0.0,0.024306660872447594
2021-04-14 00:00:00-04:00,134.94000244140625,135.0,131.66000366210938,132.02999877929688,128.36758422851562,87222800,0.0,0.0,-0.01785288372037097
2021-04-15 00:00:00-04:00,133.82000732421875,135.0,133.63999938964844,134.5,130.76901245117188,89347100,0.0,0.0,0.018707434879987384
2021-04-16 00:00:00-04:00,134.3000030517578,134.6699981689453,133.27999877929688,134.16000366210938,130.4384765625,84922400,0.0,0.0,-0.0025276316038197466
2021-04-19 00:00:00-04:00,133.50999450683594,135.47000122070312,133.33999633789062,134.83999633789062,131.09963989257812,94264200,0.0,0.0,0.005068775314631457
2021-04-20 00:00:00-04:00,135.02000427246094,135.52999877929688,131.80999755859375,133.11000061035156,129.41757202148438,94812300,0.0,0.0,-0.012830453786692453
2021-04-21 00:00:00-04:00,132.36000061035156,133.75,131.3000030517578,133.5,129.79673767089844,68847100,0.0,0.0,0.0029297849085834216
2021-04-22 00:00:00-04:00,133.0399932861328,134.14999389648438,131.41000366210938,131.94000244140625,128.280029296875,84566500,0.0,0.0,-0.011685258052240632
2021-04-23 00:00:00-04:00,132.16000366210938,135.1199951171875,132.16000366210938,134.32000732421875,130.59402465820312,78657500,0.0,0.0,0.018038625139170428
2021-04-26 00:00:00-04:00,134.8300018310547,135.05999755859375,133.55999755859375,134.72000122070312,130.98289489746094,66905100,0.0,0.0,0.0029777031550684008
2021-04-27 00:00:00-04:00,135.00999450683594,135.41000366210938,134.11000061035156,134.38999938964844,130.66204833984375,66015800,0.0,0.0,-0.002449530206736994
2021-04-28 00:00:00-04:00,134.30999755859375,135.02000427246094,133.0800018310547,133.5800018310547,129.87454223632812,107760100,0.0,0.0,-0.006027045446795443
2021-04-29 00:00:00-04:00,136.47000122070312,137.07000732421875,132.4499969482422,133.47999572753906,129.77734375,151101000,0.0,0.0,-0.0007484029175729434
2021-04-30 00:00:00-04:00,131.77999877929688,133.55999755859375,131.07000732421875,131.4600067138672,127.8133544921875,109839500,0.0,0.0,-0.015133529482587393
2021-05-03 00:00:00-04:00,132.0399932861328,134.07000732421875,131.8300018310547,132.5399932861328,128.86341857910156,75135100,0.0,0.0,0.008215605412173366
2021-05-04 00:00:00-04:00,131.19000244140625,131.49000549316406,126.69999694824219,127.8499984741211,124.30349731445312,137564700,0.0,0.0,-0.035385692191996054
2021-05-05 00:00:00-04:00,129.1999969482422,130.4499969482422,127.97000122070312,128.10000610351562,124.54657745361328,84000900,0.0,0.0,0.0019555374097417477
2021-05-06 00:00:00-04:00,127.88999938964844,129.75,127.12999725341797,129.74000549316406,126.1410903930664,78128300,0.0,0.0,0.012802543209563533
2021-05-07 00:00:00-04:00,130.85000610351562,131.25999450683594,129.47999572753906,130.2100067138672,126.81307220458984,78973300,0.22,0.0,0.00532722374152228
2021-05-10 00:00:00-04:00,129.41000366210938,129.5399932861328,126.80999755859375,126.8499984741211,123.54072570800781,88071200,0.0,0.0,-0.025804488762031563
2021-05-11 00:00:00-04:00,123.5,126.2699966430664,122.7699966430664,125.91000366210938,122.6252670288086,126142800,0.0,0.0,-0.00741017728326232
2021-05-12 00:00:00-04:00,123.4000015258789,124.63999938964844,122.25,122.7699966430664,119.56715393066406,112172300,0.0,0.0,-0.0249386865549176
2021-05-13 00:00:00-04:00,124.58000183105469,126.1500015258789,124.26000213623047,124.97000122070312,121.70978546142578,105861300,0.0,0.0,0.01791990074468286
2021-05-14 00:00:00-04:00,126.25,127.88999938964844,125.8499984741211,127.44999694824219,124.12508392333984,81918000,0.0,0.0,0.019844735185073237
2021-05-17 00:00:00-04:00,126.81999969482422,126.93000030517578,125.16999816894531,126.2699966430664,122.97586822509766,74244600,0.0,0.0,-0.009258529073397859
2021-05-18 00:00:00-04:00,126.55999755859375,126.98999786376953,124.77999877929688,124.8499984741211,121.5928955078125,63342900,0.0,0.0,-0.011245886995924548
2021-05-19 00:00:00-04:00,123.16000366210938,124.91999816894531,122.86000061035156,124.69000244140625,121.43707275390625,92612000,0.0,0.0,-0.0012815119934062036
2021-05-20 00:00:00-04:00,125.2300033569336,127.72000122070312,125.0999984741211,127.30999755859375,123.98873138427734,76857100,0.0,0.0,0.021012188226424477
2021-05-21 00:00:00-04:00,127.81999969482422,128.0,125.20999908447266,125.43000030517578,122.15778350830078,79295400,0.0,0.0,-0.014767050646739222
2021-05-24 00:00:00-04:00,126.01000213623047,127.94000244140625,125.94000244140625,127.0999984741211,123.78421020507812,63092900,0.0,0.0,0.01331414708148193
2021-05-25 00:00:00-04:00,127.81999969482422,128.32000732421875,126.31999969482422,126.9000015258789,123.58943176269531,72009500,0.0,0.0,-0.0015735322143277664
2021-05-26 00:00:00-04:00,126.95999908447266,127.38999938964844,126.41999816894531,126.8499984741211,123.54072570800781,56575900,0.0,0.0,-0.0003940956276990981
2021-05-27 00:00:00-04:00,126.44000244140625,127.63999938964844,125.08000183105469,125.27999877929688,122.01170349121094,94625600,0.0,0.0,-0.012376665330676162
2021-05-28 00:00:00-04:00,125.56999969482422,125.80000305175781,124.55000305175781,124.61000061035156,121.35916900634766,71311100,0.0,0.0,-0.005348130271046414
2021-06-01 00:00:00-04:00,125.08000183105469,125.3499984741211,123.94000244140625,124.27999877929688,121.03777313232422,67637100,0.0,0.0,-0.002648303186771339
2021-06-02 00:00:00-04:00,124.27999877929688,125.23999786376953,124.05000305175781,125.05999755859375,121.79740905761719,59278900,0.0,0.0,0.006276023638195127
2021-06-03 00:00:00-04:00,124.68000030517578,124.8499984741211,123.12999725341797,123.54000091552734,120.31707763671875,76229200,0.0,0.0,-0.012154046891080905
2021-06-04 00:00:00-04:00,124.06999969482422,126.16000366210938,123.8499984741211,125.88999938964844,122.60578155517578,75169300,0.0,0.0,0.019022269850731188
2021-06-07 00:00:00-04:00,126.16999816894531,126.31999969482422,124.83000183105469,125.9000015258789,122.61551666259766,71057600,0.0,0.0,7.940169948250642e-05
2021-06-08 00:00:00-04:00,126.5999984741211,128.4600067138672,126.20999908447266,126.73999786376953,123.43360137939453,74403800,0.0,0.0,0.006671950981929964
2021-06-09 00:00:00-04:00,127.20999908447266,127.75,126.5199966430664,127.12999725341797,123.81343078613281,56877900,0.0,0.0,0.0030771961807287695
2021-06-10 00:00:00-04:00,127.0199966430664,128.19000244140625,125.94000244140625,126.11000061035156,122.82003784179688,71186400,0.0,0.0,-0.008023305210335896
2021-06-11 00:00:00-04:00,126.52999877929688,127.44000244140625,126.0999984741211,127.3499984741211,124.02769470214844,53522400,0.0,0.0,0.009832734801035636
2021-06-14 00:00:00-04:00,127.81999969482422,130.5399932861328,127.06999969482422,130.47999572753906,127.0760269165039,96906500,0.0,0.0,0.02457783498819377
2021-06-15 00:00:00-04:00,129.94000244140625,130.60000610351562,129.38999938964844,129.63999938964844,126.25794219970703,62746300,0.0,0.0,-0.006437758062222132
2021-06-16 00:00:00-04:00,130.3699951171875,130.88999938964844,128.4600067138672,130.14999389648438,126.75465393066406,91815000,0.0,0.0,0.003934102855655208
2021-06-17 00:00:00-04:00,129.8000030517578,132.5500030517578,129.64999389648438,131.7899932861328,128.35186767578125,96721700,0.0,0.0,0.012600829204984176
2021-06-18 00:00:00-04:00,130.7100067138672,131.50999450683594,130.24000549316406,130.4600067138672,127.05659484863281,108953300,0.0,0.0,-0.010091577556318176
2021-06-21 00:00:00-04:00,130.3000030517578,132.41000366210938,129.2100067138672,132.3000030517578,128.84852600097656,79663300,0.0,0.0,0.01410340922860831
2021-06-22 00:00:00-04:00,132.1300048828125,134.0800018310547,131.6199951171875,133.97999572753906,130.48471069335938,74783600,0.0,0.0,0.012698513077056273
2021-06-23 00:00:00-04:00,133.77000427246094,134.32000732421875,133.22999572753906,133.6999969482422,130.21202087402344,60214200,0.0,0.0,-0.002089822002033337
2021-06-24 00:00:00-04:00,134.4499969482422,134.63999938964844,132.92999267578125,133.41000366210938,129.92959594726562,68711000,0.0,0.0,-0.002168962011818043
2021-06-25 00:00:00-04:00,133.4600067138672,133.88999938964844,132.80999755859375,133.11000061035156,129.63743591308594,70783700,0.0,0.0,-0.0022486026532266834
2021-06-28 00:00:00-04:00,133.41000366210938,135.25,133.35000610351562,134.77999877929688,131.26382446289062,62111300,0.0,0.0,0.012545670456603819
2021-06-29 00:00:00-04:00,134.8000030517578,136.49000549316406,134.35000610351562,136.3300018310547,132.77342224121094,64556100,0.0,0.0,0.01150048602116649
2021-06-30 00:00:00-04:00,136.1699981689453,137.41000366210938,135.8699951171875,136.9600067138672,133.386962890625,63261400,0.0,0.0,0.004620959820553772
2021-07-01 00:00:00-04:00,136.60000610351562,137.3300018310547,135.75999450683594,137.27000427246094,133.68890380859375,52485800,0.0,0.0,0.00226364639710952
2021-07-02 00:00:00-04:00,137.89999389648438,140.0,137.75,139.9600067138672,136.30870056152344,78852600,0.0,0.0,0.01959621687586366
2021-07-06 00:00:00-04:00,140.07000732421875,143.14999389648438,140.07000732421875,142.02000427246094,138.3149871826172,108181800,0.0,0.0,0.014718698166946487
2021-07-07 00:00:00-04:00,143.5399932861328,144.88999938964844,142.66000366210938,144.57000732421875,140.79844665527344,104911600,0.0,0.0,0.01795510033469716
2021-07-08 00:00:00-04:00,141.5800018310547,144.05999755859375,140.6699981689453,143.24000549316406,139.50315856933594,105575500,0.0,0.0,-0.00919959073915666
2021-07-09 00:00:00-04:00,142.75,145.64999389648438,142.64999389648438,145.11000061035156,141.3243408203125,99890800,0.0,0.0,0.013054774312306394
2021-07-12 00:00:00-04:00,146.2100067138672,146.32000732421875,144.0,144.5,140.73028564453125,76299700,0.0,0.0,-0.004203488035628422
2021-07-13 00:00:00-04:00,144.02999877929688,147.4600067138672,143.6300048828125,145.63999938964844,141.84056091308594,100827100,0.0,0.0,0.007889384033221702
2021-07-14 00:00:00-04:00,148.10000610351562,149.57000732421875,147.67999267578125,149.14999389648438,145.2589569091797,127050800,0.0,0.0,0.02410027127704617
2021-07-15 00:00:00-04:00,149.24000549316406,150.0,147.08999633789062,148.47999572753906,144.60647583007812,106820300,0.0,0.0,-0.004491847476982169
2021-07-16 00:00:00-04:00,148.4600067138672,149.75999450683594,145.8800048828125,146.38999938964844,142.5709686279297,93251400,0.0,0.0,-0.014076182898892342
2021-07-19 00:00:00-04:00,143.75,144.07000732421875,141.6699981689453,142.4499969482422,138.73374938964844,121434600,0.0,0.0,-0.026914450222298214
2021-07-20 00:00:00-04:00,143.4600067138672,147.10000610351562,142.9600067138672,146.14999389648438,142.3372344970703,96350000,0.0,0.0,0.02597410596394334
2021-07-21 00:00:00-04:00,145.52999877929688,146.1300048828125,144.6300048828125,145.39999389648438,141.60678100585938,74993500,0.0,0.0,-0.0051318510844466925
2021-07-22 00:00:00-04:00,145.94000244140625,148.1999969482422,145.80999755859375,146.8000030517578,142.9702606201172,77338200,0.0,0.0,0.009628632220666011
2021-07-23 00:00:00-04:00,147.5500030517578,148.72000122070312,146.9199981689453,148.55999755859375,144.68434143066406,71447400,0.0,0.0,0.011989072434450687
2021-07-26 00:00:00-04:00,148.27000427246094,149.8300018310547,147.6999969482422,148.99000549316406,145.10316467285156,72434100,0.0,0.0,0.0028947378689780923
2021-07-27 00:00:00-04:00,149.1199951171875,149.2100067138672,145.5500030517578,146.77000427246094,142.94107055664062,104818600,0.0,0.0,-0.014900392566113752
2021-07-28 00:00:00-04:00,144.80999755859375,146.97000122070312,142.5399932861328,144.97999572753906,141.19773864746094,118931200,0.0,0.0,-0.012196158195757256
2021-07-29 00:00:00-04:00,144.69000244140625,146.5500030517578,144.5800018310547,145.63999938964844,141.84056091308594,56699500,0.0,0.0,0.004552638532193454
2021-07-30 00:00:00-04:00,144.3800048828125,146.3300018310547,144.11000061035156,145.86000061035156,142.05477905273438,70440600,0.0,0.0,0.001510274199914452
2021-08-02 00:00:00-04:00,146.36000061035156,146.9499969482422,145.25,145.52000427246094,141.72372436523438,62880000,0.0,0.0,-0.0023304720172568905
2021-08-03 00:00:00-04:00,145.80999755859375,148.0399932861328,145.17999267578125,147.36000061035156,143.51568603515625,64786600,0.0,0.0,0.012644048679555153
2021-08-04 00:00:00-04:00,147.27000427246094,147.7899932861328,146.27999877929688,146.9499969482422,143.11634826660156,56368300,0.0,0.0,-0.002782537432576282
2021-08-05 00:00:00-04:00,146.97999572753906,147.83999633789062,146.1699981689453,147.05999755859375,143.2234649658203,46397700,0.0,0.0,0.0007484588624300237
2021-08-06 00:00:00-04:00,146.35000610351562,147.11000061035156,145.6300048828125,146.13999938964844,142.54074096679688,54126800,0.22,0.0,-0.004766844589232377
2021-08-09 00:00:00-04:00,146.1999969482422,146.6999969482422,145.52000427246094,146.08999633789062,142.4920196533203,48908700,0.0,0.0,-0.0003418062312999792
2021-08-10 00:00:00-04:00,146.44000244140625,147.7100067138672,145.3000030517578,145.60000610351562,142.0140380859375,69023100,0.0,0.0,-0.0033544444702638954
2021-08-11 00:00:00-04:00,146.0500030517578,146.72000122070312,145.52999877929688,145.86000061035156,142.26760864257812,48493500,0.0,0.0,0.001785531628128112
2021-08-12 00:00:00-04:00,146.19000244140625,149.0500030517578,145.83999633789062,148.88999938964844,145.22299194335938,72282600,0.0,0.0,0.02077340955527074
2021-08-13 00:00:00-04:00,148.97000122070312,149.44000244140625,148.27000427246094,149.10000610351562,145.4278564453125,59375000,0.0,0.0,0.0014106891698872914
2021-08-16 00:00:00-04:00,148.5399932861328,151.19000244140625,146.47000122070312,151.1199951171875,147.39808654785156,103296000,0.0,0.0,0.013547817802567641
2021-08-17 00:00:00-04:00,150.22999572753906,151.67999267578125,149.08999633789062,150.19000244140625,146.49099731445312,92229700,0.0,0.0,-0.0061540095576746445
2021-08-18 00:00:00-04:00,149.8000030517578,150.72000122070312,146.14999389648438,146.36000061035156,142.75531005859375,86326000,0.0,0.0,-0.025501138802683343
2021-08-19 00:00:00-04:00,145.02999877929688,148.0,144.5,146.6999969482422,143.08694458007812,86960300,0.0,0.0,0.0023230976231165545
2021-08-20 00:00:00-04:00,147.44000244140625,148.5,146.77999877929688,148.19000244140625,144.5402374267578,60549600,0.0,0.0,0.010156711717792977
2021-08-23 00:00:00-04:00,148.30999755859375,150.19000244140625,147.88999938964844,149.7100067138672,146.02281188964844,60131800,0.0,0.0,0.010257174675265546
2021-08-24 00:00:00-04:00,149.4499969482422,150.86000061035156,149.14999389648438,149.6199951171875,145.9350128173828,48606400,0.0,0.0,-0.0006012695628130338
2021-08-25 00:00:00-04:00,149.80999755859375,150.32000732421875,147.8000030517578,148.36000061035156,144.70602416992188,58991300,0.0,0.0,-0.008421479011338051
2021-08-26 00:00:00-04:00,148.35000610351562,149.1199951171875,147.50999450683594,147.5399932861328,143.90625,48597200,0.0,0.0,-0.005526889253641087
2021-08-27 00:00:00-04:00,147.47999572753906,148.75,146.8300018310547,148.60000610351562,144.94015502929688,55802400,0.0,0.0,0.007184573493485447
2021-08-30 00:00:00-04:00,149.0,153.49000549316406,148.61000061035156,153.1199951171875,149.3488006591797,90956700,0.0,0.0,0.030417006446499917
2021-08-31 00:00:00-04:00,152.66000366210938,152.8000030517578,151.2899932861328,151.8300018310547,148.090576171875,86453100,0.0,0.0,-0.008424737806740135
2021-09-01 00:00:00-04:00,152.8300018310547,154.97999572753906,152.33999633789062,152.50999450683594,148.75387573242188,80313700,0.0,0.0,0.0044790126265499275
2021-09-02 00:00:00-04:00,153.8699951171875,154.72000122070312,152.39999389648438,153.64999389648438,149.86573791503906,71115500,0.0,0.0,0.00747450899778368
2021-09-03 00:00:00-04:00,153.75999450683594,154.6300048828125,153.08999633789062,154.3000030517578,150.49978637695312,57808700,0.0,0.0,0.004230776632037969
2021-09-07 00:00:00-04:00,154.97000122070312,157.25999450683594,154.38999938964844,156.69000244140625,152.83091735839844,82278300,0.0,0.0,0.015489264387436252
2021-09-08 00:00:00-04:00,156.97999572753906,157.0399932861328,153.97999572753906,155.11000061035156,151.28982543945312,74420200,0.0,0.0,-0.010083639786911403
2021-09-09 00:00:00-04:00,155.49000549316406,156.11000061035156,153.9499969482422,154.07000732421875,150.2754669189453,57305700,0.0,0.0,-0.006704737199354938
2021-09-10 00:00:00-04:00,155.0,155.47999572753906,148.6999969482422,148.97000122070312,145.301025390625,140893200,0.0,0.0,-0.03310215320111698
2021-09-13 00:00:00-04:00,150.6300048828125,151.4199981689453,148.75,149.5500030517578,145.86676025390625,102404300,0.0,0.0,0.0038935366199952526
2021-09-14 00:00:00-04:00,150.35000610351562,151.07000732421875,146.91000366210938,148.1199951171875,144.4719696044922,109296300,0.0,0.0,-0.009562086982573659
2021-09-15 00:00:00-04:00,148.55999755859375,149.44000244140625,146.3699951171875,149.02999877929688,145.35955810546875,83281300,0.0,0.0,0.006143672737392913
2021-09-16 00:00:00-04:00,148.44000244140625,148.97000122070312,147.22000122070312,148.7899932861328,145.1254425048828,68034100,0.0,0.0,-0.0016105965348083284
2021-09-17 00:00:00-04:00,148.82000732421875,148.82000732421875,145.75999450683594,146.05999755859375,142.46267700195312,129868800,0.0,0.0,-0.01834802676202074
2021-09-20 00:00:00-04:00,143.8000030517578,144.83999633789062,141.27000427246094,142.94000244140625,139.41954040527344,123478900,0.0,0.0,-0.021360939305092308
2021-09-21 00:00:00-04:00,143.92999267578125,144.60000610351562,142.77999877929688,143.42999267578125,139.8974609375,75834000,0.0,0.0,0.0034279307680782356
2021-09-22 00:00:00-04:00,144.4499969482422,146.42999267578125,143.6999969482422,145.85000610351562,142.2578887939453,76404300,0.0,0.0,0.0168725568043
2021-09-23 00:00:00-04:00,146.64999389648438,147.0800018310547,145.63999938964844,146.8300018310547,143.21376037597656,64838200,0.0,0.0,0.0067192869944512346
2021-09-24 00:00:00-04:00,145.66000366210938,147.47000122070312,145.55999755859375,146.9199981689453,143.30154418945312,53477900,0.0,0.0,0.0006129565570103246
2021-09-27 00:00:00-04:00,145.47000122070312,145.9600067138672,143.82000732421875,145.3699951171875,141.78968811035156,74150700,0.0,0.0,-0.010550172977220718
2021-09-28 00:00:00-04:00,143.25,144.75,141.69000244140625,141.91000366210938,138.41493225097656,108972300,0.0,0.0,-0.02380113747586854
2021-09-29 00:00:00-04:00,142.47000122070312,144.4499969482422,142.02999877929688,142.8300018310547,139.31227111816406,74602000,0.0,0.0,0.006482962875424603
2021-09-30 00:00:00-04:00,143.66000366210938,144.3800048828125,141.27999877929688,141.5,138.01504516601562,89056700,0.0,0.0,-0.009311641693416473
2021-10-01 00:00:00-04:00,141.89999389648438,142.9199981689453,139.11000061035156,142.64999389648438,139.13668823242188,94639600,0.0,0.0,0.008126962281953087
2021-10-04 00:00:00-04:00,141.75999450683594,142.2100067138672,138.27000427246094,139.13999938964844,135.713134765625,98322000,0.0,0.0,-0.024605684599003697
2021-10-05 00:00:00-04:00,139.49000549316406,142.24000549316406,139.36000061035156,141.11000061035156,137.63461303710938,80861100,0.0,0.0,0.014158381020398236
2021-10-06 00:00:00-04:00,139.47000122070312,142.14999389648438,138.3699951171875,142.0,138.50271606445312,83221100,0.0,0.0,0.006307301689508105
2021-10-07 00:00:00-04:00,143.05999755859375,144.22000122070312,142.72000122070312,143.2899932861328,139.7609405517578,61732700,0.0,0.0,0.00908447518617006
2021-10-08 00:00:00-04:00,144.02999877929688,144.17999267578125,142.55999755859375,142.89999389648438,139.3805389404297,58773200,0.0,0.0,-0.0027218020272784527
2021-10-11 00:00:00-04:00,142.27000427246094,144.80999755859375,141.80999755859375,142.80999755859375,139.292724609375,64452200,0.0,0.0,-0.00063003294234798
2021-10-12 00:00:00-04:00,143.22999572753906,143.25,141.0399932861328,141.50999450683594,138.0247802734375,73035900,0.0,0.0,-0.00910273195885325
2021-10-13 00:00:00-04:00,141.24000549316406,141.39999389648438,139.1999969482422,140.91000366210938,137.43955993652344,78762700,0.0,0.0,-0.004239965720319927
2021-10-14 00:00:00-04:00,142.11000061035156,143.8800048828125,141.50999450683594,143.75999450683594,140.21934509277344,69907100,0.0,0.0,0.02022550972612147
2021-10-15 00:00:00-04:00,143.77000427246094,144.89999389648438,143.50999450683594,144.83999633789062,141.2727508544922,67940300,0.0,0.0,0.007512556566440898
2021-10-18 00:00:00-04:00,143.4499969482422,146.83999633789062,143.16000366210938,146.5500030517578,142.94064331054688,85589200,0.0,0.0,0.011806186585639367
2021-10-19 00:00:00-04:00,147.00999450683594,149.1699981689453,146.5500030517578,148.75999450683594,145.0961456298828,76378900,0.0,0.0,0.015079702101612691
2021-10-20 00:00:00-04:00,148.6999969482422,149.75,148.1199951171875,149.25999450683594,145.58384704589844,58418800,0.0,0.0,0.003361229300050894
2021-10-21 00:00:00-04:00,148.80999755859375,149.63999938964844,147.8699951171875,149.47999572753906,145.7984619140625,61421000,0.0,0.0,0.0014741667603852537
2021-10-22 00:00:00-04:00,149.69000244140625,150.17999267578125,148.63999938964844,148.69000244140625,145.02793884277344,58883400,0.0,0.0,-0.005284850479034708
2021-10-25 00:00:00-04:00,148.67999267578125,149.3699951171875,147.6199951171875,148.63999938964844,144.97918701171875,50720600,0.0,0.0,-0.00033615475365433856
2021-10-26 00:00:00-04:00,149.3300018310547,150.83999633789062,149.00999450683594,149.32000732421875,145.64244079589844,60893400,0.0,0.0,0.004574820688752146
2021-10-27 00:00:00-04:00,149.36000061035156,149.72999572753906,148.49000549316406,148.85000610351562,145.1840057373047,56094900,0.0,0.0,-0.0031476749228351864
2021-10-28 00:00:00-04:00,149.82000732421875,153.1699981689453,149.72000122070312,152.57000732421875,148.81239318847656,100077900,0.0,0.0,0.02499164720483793
2021-10-29 00:00:00-04:00,147.22000122070312,149.94000244140625,146.41000366210938,149.8000030517578,146.11056518554688,124953200,0.0,0.0,-0.018155934092852877
2021-11-01 00:00:00-04:00,148.99000549316406,149.6999969482422,147.8000030517578,148.9600067138672,145.291259765625,74588300,0.0,0.0,-0.005607434471842865
2021-11-02 00:00:00-04:00,148.66000366210938,151.57000732421875,148.64999389648438,150.02000427246094,146.32516479492188,69122000,0.0,0.0,0.0071160855165322
2021-11-03 00:00:00-04:00,150.38999938964844,151.97000122070312,149.82000732421875,151.49000549316406,147.7589874267578,54511500,0.0,0.0,0.009798879323631438
2021-11-04 00:00:00-04:00,151.5800018310547,152.42999267578125,150.63999938964844,150.9600067138672,147.24203491210938,60394600,0.0,0.0,-0.003498619770284206
2021-11-05 00:00:00-04:00,151.88999938964844,152.1999969482422,150.05999755859375,151.27999877929688,147.76950073242188,65463900,0.22,0.0,0.003582304609056397
2021-11-08 00:00:00-05:00,151.41000366210938,151.57000732421875,150.16000366210938,150.44000244140625,146.9490203857422,55020900,0.0,0.0,-0.005552433638964516
2021-11-09 00:00:00-05:00,150.1999969482422,151.42999267578125,150.05999755859375,150.80999755859375,147.31040954589844,56787900,0.0,0.0,0.002459282540350438
2021-11-10 00:00:00-05:00,150.02000427246094,150.1300048828125,147.85000610351562,147.9199981689453,144.48748779296875,65187100,0.0,0.0,-0.019163084004936715
2021-11-11 00:00:00-05:00,148.9600067138672,149.42999267578125,147.67999267578125,147.8699951171875,144.4385986328125,41000000,0.0,0.0,-0.0003383625869826101
2021-11-12 00:00:00-05:00,148.42999267578125,150.39999389648438,147.47999572753906,149.99000549316406,146.5094757080078,63804000,0.0,0.0,0.014337421539652562
2021-11-15 00:00:00-05:00,150.3699951171875,151.8800048828125,149.42999267578125,150.0,146.51918029785156,59222800,0.0,0.0,6.623864973143156e-05
2021-11-16 00:00:00-05:00,149.94000244140625,151.49000549316406,149.33999633789062,151.0,147.4960174560547,59256200,0.0,0.0,0.006666957569769094
2021-11-17 00:00:00-05:00,151.0,155.0,150.99000549316406,153.49000549316406,149.92820739746094,88807000,0.0,0.0,0.016489868562931997
2021-11-18 00:00:00-05:00,153.7100067138672,158.6699981689453,153.0500030517578,157.8699951171875,154.20655822753906,137827700,0.0,0.0,0.028535996690310483
2021-11-19 00:00:00-05:00,157.64999389648438,161.02000427246094,156.52999877929688,160.5500030517578,156.82437133789062,117305600,0.0,0.0,0.016976016717063613
2021-11-22 00:00:00-05:00,161.67999267578125,165.6999969482422,161.0,161.02000427246094,157.283447265625,117467900,0.0,0.0,0.0029273251588253224
2021-11-23 00:00:00-05:00,161.1199951171875,161.8000030517578,159.05999755859375,161.41000366210938,157.66445922851562,96041900,0.0,0.0,0.0024224542983672936
2021-11-24 00:00:00-05:00,160.75,162.13999938964844,159.63999938964844,161.94000244140625,158.18212890625,69463600,0.0,0.0,0.0032833631641997485
2021-11-26 00:00:00-05:00,159.57000732421875,160.4499969482422,156.36000061035156,156.80999755859375,153.17115783691406,76959800,0.0,0.0,-0.03167849050954297
2021-11-29 00:00:00-05:00,159.3699951171875,161.19000244140625,158.7899932861328,160.24000549316406,156.52157592773438,88748200,0.0,0.0,0.021873687828276367
2021-11-30 00:00:00-05:00,159.99000549316406,165.52000427246094,159.9199981689453,165.3000030517578,161.4641571044922,174048100,0.0,0.0,0.03157763488811138
2021-12-01 00:00:00-05:00,167.47999572753906,170.3000030517578,164.52999877929688,164.77000427246094,160.94644165039062,152052500,0.0,0.0,-0.0032063800622110783
2021-12-02 00:00:00-05:00,158.74000549316406,164.1999969482422,157.8000030517578,163.75999450683594,159.95986938476562,136739200,0.0,0.0,-0.006129817195760334
2021-12-03 00:00:00-05:00,164.02000427246094,164.9600067138672,159.72000122070312,161.83999633789062,158.0844268798828,118023100,0.0,0.0,-0.011724456340806655
2021-12-06 00:00:00-05:00,164.2899932861328,167.8800048828125,164.27999877929688,165.32000732421875,161.4837188720703,107497000,0.0,0.0,0.02150301620013706
2021-12-07 00:00:00-05:00,169.0800018310547,171.5800018310547,168.33999633789062,171.17999267578125,167.20770263671875,120405400,0.0,0.0,0.03544619732954657
2021-12-08 00:00:00-05:00,172.1300048828125,175.9600067138672,170.6999969482422,175.0800018310547,171.0172119140625,116998900,0.0,0.0,0.02278309681474666
2021-12-09 00:00:00-05:00,174.91000366210938,176.75,173.9199981689453,174.55999755859375,170.5092315673828,108923700,0.0,0.0,-0.0029703463235908334
2021-12-10 00:00:00-05:00,175.2100067138672,179.6300048828125,174.69000244140625,179.4499969482422,175.28575134277344,115402700,0.0,0.0,0.02801326198870946
2021-12-13 00:00:00-05:00,181.1199951171875,182.1300048828125,175.52999877929688,175.74000549316406,171.66189575195312,153237000,0.0,0.0,-0.02067398840498913
2021-12-14 00:00:00-05:00,175.25,177.74000549316406,172.2100067138672,174.3300018310547,170.28460693359375,139380400,0.0,0.0,-0.008023264640800165
2021-12-15 00:00:00-05:00,175.11000061035156,179.5,172.30999755859375,179.3000030517578,175.1392822265625,131063300,0.0,0.0,0.028509184596244408
2021-12-16 00:00:00-05:00,179.27999877929688,181.13999938964844,170.75,172.25999450683594,168.26263427734375,150185800,0.0,0.0,-0.03926388107679368
2021-12-17 00:00:00-05:00,169.92999267578125,173.47000122070312,169.69000244140625,171.13999938964844,167.16864013671875,195432700,0.0,0.0,-0.00650170577278486
2021-12-20 00:00:00-05:00,168.27999877929688,170.5800018310547,167.4600067138672,169.75,165.81088256835938,107499100,0.0,0.0,-0.008122082989063806
2021-12-21 00:00:00-05:00,171.55999755859375,173.1999969482422,169.1199951171875,172.99000549316406,168.9757080078125,91185900,0.0,0.0,0.01908695853029041
2021-12-22 00:00:00-05:00,173.0399932861328,175.86000061035156,172.14999389648438,175.63999938964844,171.564208984375,92135300,0.0,0.0,0.015318775740491786
2021-12-23 00:00:00-05:00,175.85000610351562,176.85000610351562,175.27000427246094,176.27999877929688,172.18936157226562,68356600,0.0,0.0,0.00364384035336629
2021-12-27 00:00:00-05:00,177.08999633789062,180.4199981689453,177.07000732421875,180.3300018310547,176.14537048339844,74919600,0.0,0.0,0.022974757993237116
2021-12-28 00:00:00-05:00,180.16000366210938,181.3300018310547,178.52999877929688,179.2899932861328,175.1295166015625,79144300,0.0,0.0,-0.005767133584312245
2021-12-29 00:00:00-05:00,179.3300018310547,180.6300048828125,178.13999938964844,179.3800048828125,175.21737670898438,62348900,0.0,0.0,0.0005016864611222527
2021-12-30 00:00:00-05:00,179.47000122070312,180.57000732421875,178.08999633789062,178.1999969482422,174.06478881835938,59773000,0.0,0.0,-0.006578045581285608
2021-12-31 00:00:00-05:00,178.08999633789062,179.22999572753906,177.25999450683594,177.57000732421875,173.4494171142578,64062300,0.0,0.0,-0.00353530262081736
2022-01-03 00:00:00-05:00,177.8300018310547,182.8800048828125,177.7100067138672,182.00999450683594,177.786376953125,104487900,0.0,0.0,0.02500417649723352
2022-01-04 00:00:00-05:00,182.6300048828125,182.94000244140625,179.1199951171875,179.6999969482422,175.52996826171875,99310400,0.0,0.0,-0.012691684987771401
2022-01-05 00:00:00-05:00,179.61000061035156,180.1699981689453,174.63999938964844,174.9199981689453,170.8609161376953,94537600,0.0,0.0,-0.026599743452706548
2022-01-06 00:00:00-05:00,172.6999969482422,175.3000030517578,171.63999938964844,172.0,168.00868225097656,96904000,0.0,0.0,-0.016693307932518442
2022-01-07 00:00:00-05:00,172.88999938964844,174.13999938964844,171.02999877929688,172.1699981689453,168.1747283935547,86709100,0.0,0.0,0.0009883188199171222
2022-01-10 00:00:00-05:00,169.0800018310547,172.5,168.1699981689453,172.19000244140625,168.1942596435547,106765600,0.0,0.0,0.00011613665255505445
2022-01-11 00:00:00-05:00,172.32000732421875,175.17999267578125,170.82000732421875,175.0800018310547,171.0172119140625,76138300,0.0,0.0,0.01678387999977149
2022-01-12 00:00:00-05:00,176.1199951171875,177.17999267578125,174.82000732421875,175.52999877929688,171.45677185058594,74805200,0.0,0.0,0.0025702672356997525
2022-01-13 00:00:00-05:00,175.77999877929688,176.6199951171875,171.7899932861328,172.19000244140625,168.1942596435547,84505800,0.0,0.0,-0.01902819102341624
2022-01-14 00:00:00-05:00,171.33999633789062,173.77999877929688,171.08999633789062,173.07000732421875,169.05384826660156,80440800,0.0,0.0,0.005110689418702741
2022-01-18 00:00:00-05:00,171.50999450683594,172.5399932861328,169.41000366210938,169.8000030517578,165.85977172851562,90956700,0.0,0.0,-0.01889384105027181
2022-01-19 00:00:00-05:00,170.0,171.0800018310547,165.94000244140625,166.22999572753906,162.37258911132812,94815000,0.0,0.0,-0.02102488494253707
2022-01-20 00:00:00-05:00,166.97999572753906,169.67999267578125,164.17999267578125,164.50999450683594,160.6924591064453,91420500,0.0,0.0,-0.01034737460354751
2022-01-21 00:00:00-05:00,164.4199981689453,166.3300018310547,162.3000030517578,162.41000366210938,158.64120483398438,122848900,0.0,0.0,-0.012765093544944484
2022-01-24 00:00:00-05:00,160.02000427246094,162.3000030517578,154.6999969482422,161.6199951171875,157.8695526123047,162294600,0.0,0.0,-0.00486413490421489
2022-01-25 00:00:00-05:00,158.97999572753906,162.75999450683594,157.02000427246094,159.77999877929688,156.072265625,115798400,0.0,0.0,-0.011384633436685943
2022-01-26 00:00:00-05:00,163.5,164.38999938964844,157.82000732421875,159.69000244140625,155.98434448242188,108275300,0.0,0.0,-0.0005633361073220655
2022-01-27 00:00:00-05:00,162.4499969482422,163.83999633789062,158.27999877929688,159.22000122070312,155.5252227783203,121954600,0.0,0.0,-0.0029433832326249965
2022-01-28 00:00:00-05:00,165.7100067138672,170.35000610351562,162.8000030517578,170.3300018310547,166.37741088867188,179935700,0.0,0.0,0.06977767282043934
2022-01-31 00:00:00-05:00,170.16000366210938,175.0,169.50999450683594,174.77999877929688,170.72418212890625,115541600,0.0,0.0,0.02612596996802008
2022-02-01 00:00:00-05:00,174.00999450683594,174.83999633789062,172.30999755859375,174.61000061035156,170.55813598632812,86213900,0.0,0.0,-0.0009725988463236135
2022-02-02 00:00:00-05:00,174.75,175.8800048828125,173.3300018310547,175.83999633789062,171.7595672607422,84914300,0.0,0.0,0.007044115881463142
2022-02-03 00:00:00-05:00,174.47999572753906,176.24000549316406,172.1199951171875,172.89999389648438,168.88780212402344,89418100,0.0,0.0,-0.01671968078703423
2022-02-04 00:00:00-05:00,171.67999267578125,174.10000610351562,170.67999267578125,172.38999938964844,168.6041717529297,82465400,0.22,0.0,-0.0016794011617574656
2022-02-07 00:00:00-05:00,172.86000061035156,173.9499969482422,170.9499969482422,171.66000366210938,167.8902130126953,77251200,0.0,0.0,-0.004234525948032863
2022-02-08 00:00:00-05:00,171.72999572753906,175.35000610351562,171.42999267578125,174.8300018310547,170.9905548095703,74829200,0.0,0.0,0.018466483193041006
2022-02-09 00:00:00-05:00,176.0500030517578,176.64999389648438,174.89999389648438,176.27999877929688,172.40875244140625,71285000,0.0,0.0,0.008294011522539169
2022-02-10 00:00:00-05:00,174.13999938964844,175.47999572753906,171.5500030517578,172.1199951171875,168.340087890625,90865900,0.0,0.0,-0.02359894432948817
2022-02-11 00:00:00-05:00,172.3300018310547,173.0800018310547,168.0399932861328,168.63999938964844,164.9365234375,98670700,0.0,0.0,-0.020218383486507285
2022-02-14 00:00:00-05:00,167.3699951171875,169.5800018310547,166.55999755859375,168.8800048828125,165.17127990722656,86185500,0.0,0.0,0.0014233140412682754
2022-02-15 00:00:00-05:00,170.97000122070312,172.9499969482422,170.25,172.7899932861328,168.9954071044922,62527400,0.0,0.0,0.023152494788522215
2022-02-16 00:00:00-05:00,171.85000610351562,173.33999633789062,170.0500030517578,172.5500030517578,168.76065063476562,61177400,0.0,0.0,-0.0013891292890664264
2022-02-17 00:00:00-05:00,171.02999877929688,171.91000366210938,168.47000122070312,168.8800048828125,165.17127990722656,69589300,0.0,0.0,-0.021269002661688186
2022-02-18 00:00:00-05:00,169.82000732421875,170.5399932861328,166.19000244140625,167.3000030517578,163.62594604492188,82772700,0.0,0.0,-0.009355947736026882
2022-02-22 00:00:00-05:00,164.97999572753906,166.69000244140625,162.14999389648438,164.32000732421875,160.71139526367188,91162800,0.0,0.0,-0.01781227764727389
2022-02-23 00:00:00-05:00,165.5399932861328,166.14999389648438,159.75,160.07000732421875,156.5547332763672,90009200,0.0,0.0,-0.02586413975490065
2022-02-24 00:00:00-05:00,152.5800018310547,162.85000610351562,152.0,162.74000549316406,159.16610717773438,141147500,0.0,0.0,0.01668026157188951
2022-02-25 00:00:00-05:00,163.83999633789062,165.1199951171875,160.8699951171875,164.85000610351562,161.229736328125,91974200,0.0,0.0,0.012965254896171174
2022-02-28 00:00:00-05:00,163.05999755859375,165.4199981689453,162.42999267578125,165.1199951171875,161.49380493164062,95056600,0.0,0.0,0.0016378405716561684
2022-03-01 00:00:00-05:00,164.6999969482422,166.60000610351562,161.97000122070312,163.1999969482422,159.6160125732422,83474400,0.0,0.0,-0.011627643296863943
2022-03-02 00:00:00-05:00,164.38999938964844,167.36000061035156,162.9499969482422,166.55999755859375,162.9022216796875,79724800,0.0,0.0,0.02058821701824809
2022-03-03 00:00:00-05:00,168.47000122070312,168.91000366210938,165.5500030517578,166.22999572753906,162.57945251464844,76678400,0.0,0.0,-0.00198136748357991
2022-03-04 00:00:00-05:00,164.49000549316406,165.5500030517578,162.10000610351562,163.1699981689453,159.58665466308594,83737200,0.0,0.0,-0.018408217061087973
2022-03-07 00:00:00-05:00,163.36000061035156,165.02000427246094,159.0399932861328,159.3000030517578,155.80165100097656,96418800,0.0,0.0,-0.02371754499209311
2022-03-08 00:00:00-05:00,158.82000732421875,162.8800048828125,155.8000030517578,157.44000244140625,153.9824676513672,131148300,0.0,0.0,-0.01167627774110025
2022-03-09 00:00:00-05:00,161.47999572753906,163.41000366210938,159.41000366210938,162.9499969482422,159.37147521972656,91454900,0.0,0.0,0.034997539983322445
2022-03-10 00:00:00-05:00,160.1999969482422,160.38999938964844,155.97999572753906,158.52000427246094,155.03875732421875,105342000,0.0,0.0,-0.02718628217210306
2022-03-11 00:00:00-05:00,158.92999267578125,159.27999877929688,154.5,154.72999572753906,151.33200073242188,96970100,0.0,0.0,-0.023908580381905797
2022-03-14 00:00:00-04:00,151.4499969482422,154.1199951171875,150.10000610351562,150.6199951171875,147.312255859375,108732100,0.0,0.0,-0.026562424692675557
2022-03-15 00:00:00-04:00,150.89999389648438,155.57000732421875,150.3800048828125,155.08999633789062,151.68411254882812,92964300,0.0,0.0,0.029677481102635017
2022-03-16 00:00:00-04:00,157.0500030517578,160.0,154.4600067138672,159.58999633789062,156.08526611328125,102300200,0.0,0.0,0.029015257369398917
2022-03-17 00:00:00-04:00,158.61000061035156,161.0,157.6300048828125,160.6199951171875,157.0926513671875,75615400,0.0,0.0,0.006454070130970102
2022-03-18 00:00:00-04:00,160.50999450683594,164.47999572753906,159.75999450683594,163.97999572753906,160.37884521484375,123511700,0.0,0.0,0.020918826049826533
2022-03-21 00:00:00-04:00,163.50999450683594,166.35000610351562,163.00999450683594,165.3800048828125,161.7481231689453,95811400,0.0,0.0,0.008537771626097479
2022-03-22 00:00:00-04:00,165.50999450683594,169.4199981689453,164.91000366210938,168.82000732421875,165.1125946044922,81532000,0.0,0.0,0.020800682997927034
2022-03-23 00:00:00-04:00,167.99000549316406,172.63999938964844,167.64999389648438,170.2100067138672,166.4720458984375,98062700,0.0,0.0,0.008233480293866835
2022-03-24 00:00:00-04:00,171.05999755859375,174.13999938964844,170.2100067138672,174.07000732421875,170.247314453125,90131400,0.0,0.0,0.022678093095526375
2022-03-25 00:00:00-04:00,173.8800048828125,175.27999877929688,172.75,174.72000122070312,170.8829803466797,80546200,0.0,0.0,0.0037337792704490447
2022-03-28 00:00:00-04:00,172.1699981689453,175.72999572753906,172.0,175.60000610351562,171.74371337890625,90371900,0.0,0.0,0.005036973433400815
2022-03-29 00:00:00-04:00,176.69000244140625,179.00999450683594,176.33999633789062,178.9600067138672,175.02992248535156,100589400,0.0,0.0,0.01913437785751837
2022-03-30 00:00:00-04:00,178.5500030517578,179.61000061035156,176.6999969482422,177.77000427246094,173.8660125732422,92633200,0.0,0.0,-0.0066497767672083485
2022-03-31 00:00:00-04:00,177.83999633789062,178.02999877929688,174.39999389648438,174.61000061035156,170.77545166015625,103049300,0.0,0.0,-0.017775532246614434
2022-04-01 00:00:00-04:00,174.02999877929688,174.8800048828125,171.94000244140625,174.30999755859375,170.4820098876953,78751300,0.0,0.0,-0.001718290126644706
2022-04-04 00:00:00-04:00,174.57000732421875,178.49000549316406,174.44000244140625,178.44000244140625,174.52133178710938,76468400,0.0,0.0,0.023693537529707376
2022-04-05 00:00:00-04:00,177.5,178.3000030517578,174.4199981689453,175.05999755859375,171.2155303955078,73401800,0.0,0.0,-0.018942105000861242
2022-04-06 00:00:00-04:00,172.36000061035156,173.6300048828125,170.1300048828125,171.8300018310547,168.0564422607422,89058800,0.0,0.0,-0.018450943833588807
2022-04-07 00:00:00-04:00,171.16000366210938,173.36000061035156,169.85000610351562,172.13999938964844,168.3596649169922,77594700,0.0,0.0,0.0018042905833954848
2022-04-08 00:00:00-04:00,171.77999877929688,171.77999877929688,169.1999969482422,170.08999633789062,166.35464477539062,76575500,0.0,0.0,-0.011909147850764135
2022-04-11 00:00:00-04:00,168.7100067138672,169.02999877929688,165.5,165.75,162.1099853515625,72246700,0.0,0.0,-0.02551572533222135
2022-04-12 00:00:00-04:00,168.02000427246094,169.8699951171875,166.63999938964844,167.66000366210938,163.97804260253906,79265200,0.0,0.0,0.011523394113726937
2022-04-13 00:00:00-04:00,167.38999938964844,171.0399932861328,166.77000427246094,170.39999389648438,166.6578826904297,70618900,0.0,0.0,0.0163426764056831
2022-04-14 00:00:00-04:00,170.6199951171875,171.27000427246094,165.0399932861328,165.2899932861328,161.66009521484375,75329400,0.0,0.0,-0.029988305352885214
2022-04-18 00:00:00-04:00,163.9199981689453,166.60000610351562,163.57000732421875,165.07000732421875,161.44491577148438,69023900,0.0,0.0,-0.0013310609713139687
2022-04-19 00:00:00-04:00,165.02000427246094,167.82000732421875,163.91000366210938,167.39999389648438,163.7237548828125,67723800,0.0,0.0,0.0141152733143588
2022-04-20 00:00:00-04:00,168.75999450683594,168.8800048828125,166.10000610351562,167.22999572753906,163.55746459960938,67929800,0.0,0.0,-0.001015675967865226
2022-04-21 00:00:00-04:00,168.91000366210938,171.52999877929688,165.91000366210938,166.4199981689453,162.76527404785156,87227800,0.0,0.0,-0.004843499828620534
2022-04-22 00:00:00-04:00,166.4600067138672,167.8699951171875,161.5,161.7899932861328,158.2369384765625,84882400,0.0,0.0,-0.027821263459168688
2022-04-25 00:00:00-04:00,161.1199951171875,163.1699981689453,158.4600067138672,162.8800048828125,159.30303955078125,96046400,0.0,0.0,0.006737371719161889
2022-04-26 00:00:00-04:00,162.25,162.33999633789062,156.72000122070312,156.8000030517578,153.35655212402344,95623200,0.0,0.0,-0.037328147934441946
2022-04-27 00:00:00-04:00,155.91000366210938,159.7899932861328,155.3800048828125,156.57000732421875,153.13162231445312,88063200,0.0,0.0,-0.0014667114411154314
2022-04-28 00:00:00-04:00,159.25,164.52000427246094,158.92999267578125,163.63999938964844,160.04629516601562,130216800,0.0,0.0,0.045155094336840174
2022-04-29 00:00:00-04:00,161.83999633789062,166.1999969482422,157.25,157.64999389648438,154.18785095214844,131747600,0.0,0.0,-0.03660468496187452
2022-05-02 00:00:00-04:00,156.7100067138672,158.22999572753906,153.27000427246094,157.9600067138672,154.49107360839844,123055300,0.0,0.0,0.0019665794313723506
2022-05-03 00:00:00-04:00,158.14999389648438,160.7100067138672,156.32000732421875,159.47999572753906,155.9777069091797,88966500,0.0,0.0,0.009622777977124741
2022-05-04 00:00:00-04:00,159.6699981689453,166.47999572753906,159.25999450683594,166.02000427246094,162.37405395507812,108256500,0.0,0.0,0.04100808489012353
2022-05-05 00:00:00-04:00,163.85000610351562,164.0800018310547,154.9499969482422,156.77000427246094,153.32717895507812,130525300,0.0,0.0,-0.055716259954332825
2022-05-06 00:00:00-04:00,156.00999450683594,159.44000244140625,154.17999267578125,157.27999877929688,154.05203247070312,116124600,0.23,0.0,0.004727495285342442
2022-05-09 00:00:00-04:00,154.92999267578125,155.8300018310547,151.49000549316406,152.05999755859375,148.9391326904297,131577900,0.0,0.0,-0.03318943410399844
2022-05-10 00:00:00-04:00,155.52000427246094,156.74000549316406,152.92999267578125,154.50999450683594,151.3388671875,115366700,0.0,0.0,0.016112182565599875
2022-05-11 00:00:00-04:00,153.5,155.4499969482422,145.80999755859375,146.5,143.4932403564453,142689800,0.0,0.0,-0.051841453400958915
2022-05-12 00:00:00-04:00,142.77000427246094,146.1999969482422,138.8000030517578,142.55999755859375,139.63409423828125,182602000,0.0,0.0,-0.02689427117666121
2022-05-13 00:00:00-04:00,144.58999633789062,148.10000610351562,143.11000061035156,147.11000061035156,144.09072875976562,113990900,0.0,0.0,0.03191652114618426
2022-05-16 00:00:00-04:00,145.5500030517578,147.52000427246094,144.17999267578125,145.5399932861328,142.55294799804688,86643800,0.0,0.0,-0.010672308863692415
2022-05-17 00:00:00-04:00,148.86000061035156,149.77000427246094,146.67999267578125,149.24000549316406,146.17703247070312,78336300,0.0,0.0,0.025422725545499736
2022-05-18 00:00:00-04:00,146.85000610351562,147.36000061035156,139.89999389648438,140.82000732421875,137.9298553466797,109742900,0.0,0.0,-0.05641910349819379
2022-05-19 00:00:00-04:00,139.8800048828125,141.66000366210938,136.60000610351562,137.35000610351562,134.5310516357422,136095600,0.0,0.0,-0.024641537558310223
2022-05-20 00:00:00-04:00,139.08999633789062,140.6999969482422,132.61000061035156,137.58999633789062,134.7661590576172,137426100,0.0,0.0,0.0017476071064363996
2022-05-23 00:00:00-04:00,137.7899932861328,143.25999450683594,137.64999389648438,143.11000061035156,140.1728515625,117726300,0.0,0.0,0.04011906655714115
2022-05-24 00:00:00-04:00,140.80999755859375,141.97000122070312,137.3300018310547,140.36000061035156,137.47927856445312,104132700,0.0,0.0,-0.019216081916160976
2022-05-25 00:00:00-04:00,138.42999267578125,141.7899932861328,138.33999633789062,140.52000427246094,137.635986328125,92482700,0.0,0.0,0.001139864605838925
2022-05-26 00:00:00-04:00,137.38999938964844,144.33999633789062,137.13999938964844,143.77999877929688,140.82911682128906,90601500,0.0,0.0,0.023199822795991976
2022-05-27 00:00:00-04:00,145.38999938964844,149.67999267578125,145.25999450683594,149.63999938964844,146.5688018798828,90978500,0.0,0.0,0.04075638041440932
2022-05-31 00:00:00-04:00,149.07000732421875,150.66000366210938,146.83999633789062,148.83999633789062,145.7852020263672,103718400,0.0,0.0,-0.005346293641383615
2022-06-01 00:00:00-04:00,149.89999389648438,151.74000549316406,147.67999267578125,148.7100067138672,145.65789794921875,74286600,0.0,0.0,-0.0008732304471164021
2022-06-02 00:00:00-04:00,147.8300018310547,151.27000427246094,146.86000061035156,151.2100067138672,148.10658264160156,72348100,0.0,0.0,0.016811204382727762
2022-06-03 00:00:00-04:00,146.89999389648438,147.97000122070312,144.4600067138672,145.3800048828125,142.396240234375,88570300,0.0,0.0,-0.03855562869237783
2022-06-06 00:00:00-04:00,147.02999877929688,148.57000732421875,144.89999389648438,146.13999938964844,143.140625,71598400,0.0,0.0,0.005227559129368897
2022-06-07 00:00:00-04:00,144.35000610351562,149.0,144.10000610351562,148.7100067138672,145.65789794921875,67808200,0.0,0.0,0.017586013399192302
2022-06-08 00:00:00-04:00,148.5800018310547,149.8699951171875,147.4600067138672,147.9600067138672,144.92330932617188,53950200,0.0,0.0,-0.005043246081328001
2022-06-09 00:00:00-04:00,147.0800018310547,147.9499969482422,142.52999877929688,142.63999938964844,139.71246337890625,69473000,0.0,0.0,-0.03595588571288988
2022-06-10 00:00:00-04:00,140.27999877929688,140.75999450683594,137.05999755859375,137.1300048828125,134.3155517578125,91437900,0.0,0.0,-0.03862870563277587
2022-06-13 00:00:00-04:00,132.8699951171875,135.1999969482422,131.44000244140625,131.8800048828125,129.17335510253906,122207100,0.0,0.0,-0.03828444724364799
2022-06-14 00:00:00-04:00,133.1300048828125,133.88999938964844,131.47999572753906,132.75999450683594,130.03526306152344,84784300,0.0,0.0,0.0066724903003423375
2022-06-15 00:00:00-04:00,134.2899932861328,137.33999633789062,132.16000366210938,135.42999267578125,132.65045166015625,91533000,0.0,0.0,0.020111380075383822
2022-06-16 00:00:00-04:00,132.0800018310547,132.38999938964844,129.0399932861328,130.05999755859375,127.39065551757812,108123900,0.0,0.0,-0.03965155095026329
2022-06-17 00:00:00-04:00,130.07000732421875,133.0800018310547,129.80999755859375,131.55999755859375,128.85989379882812,134520300,0.0,0.0,0.011533328526182718
2022-06-21 00:00:00-04:00,133.4199981689453,137.05999755859375,133.32000732421875,135.8699951171875,133.08139038085938,81000500,0.0,0.0,0.03276036055579645
2022-06-22 00:00:00-04:00,134.7899932861328,137.75999450683594,133.91000366210938,135.35000610351562,132.57211303710938,73409200,0.0,0.0,-0.0038268111138043404
2022-06-23 00:00:00-04:00,136.82000732421875,138.58999633789062,135.6300048828125,138.27000427246094,135.43215942382812,72433800,0.0,0.0,0.021573514377930758
2022-06-24 00:00:00-04:00,139.89999389648438,141.91000366210938,139.77000427246094,141.66000366210938,138.75259399414062,89116800,0.0,0.0,0.024517327231867947
2022-06-27 00:00:00-04:00,142.6999969482422,143.49000549316406,140.97000122070312,141.66000366210938,138.75259399414062,70207900,0.0,0.0,0.0
2022-06-28 00:00:00-04:00,142.1300048828125,143.4199981689453,137.32000732421875,137.44000244140625,134.6192169189453,67083400,0.0,0.0,-0.02978954811734802
2022-06-29 00:00:00-04:00,137.4600067138672,140.6699981689453,136.6699981689453,139.22999572753906,136.3724822998047,66242400,0.0,0.0,0.013023886343916491
2022-06-30 00:00:00-04:00,137.25,138.3699951171875,133.77000427246094,136.72000122070312,133.9139404296875,98964500,0.0,0.0,-0.018028137558662838
2022-07-01 00:00:00-04:00,136.0399932861328,139.0399932861328,135.66000366210938,138.92999267578125,136.07861328125,71051600,0.0,0.0,0.016164656529535026
2022-07-05 00:00:00-04:00,137.77000427246094,141.61000061035156,136.92999267578125,141.55999755859375,138.65463256835938,73353800,0.0,0.0,0.01893037579524126
2022-07-06 00:00:00-04:00,141.35000610351562,144.1199951171875,141.0800018310547,142.9199981689453,139.9867401123047,74064300,0.0,0.0,0.009607378558293522
2022-07-07 00:00:00-04:00,143.2899932861328,146.5500030517578,143.27999877929688,146.35000610351562,143.34632873535156,66253700,0.0,0.0,0.02399933465377968
2022-07-08 00:00:00-04:00,145.25999450683594,147.5500030517578,145.0,147.0399932861328,144.0221710205078,64547800,0.0,0.0,0.004714751267917094
2022-07-11 00:00:00-04:00,145.6699981689453,146.63999938964844,143.77999877929688,144.8699951171875,141.89666748046875,63141600,0.0,0.0,-0.014758169002579535
2022-07-12 00:00:00-04:00,145.75999450683594,148.4499969482422,145.0500030517578,145.86000061035156,142.8663787841797,77588800,0.0,0.0,0.006833925848501066
2022-07-13 00:00:00-04:00,142.99000549316406,146.4499969482422,142.1199951171875,145.49000549316406,142.50401306152344,71185600,0.0,0.0,-0.002536396076809999
2022-07-14 00:00:00-04:00,144.0800018310547,148.9499969482422,143.25,148.47000122070312,145.42279052734375,78140700,0.0,0.0,0.020482072070210355
2022-07-15 00:00:00-04:00,149.77999877929688,150.86000061035156,148.1999969482422,150.1699981689453,147.08792114257812,76259900,0.0,0.0,0.011450272747456802
2022-07-18 00:00:00-04:00,150.74000549316406,151.57000732421875,146.6999969482422,147.07000732421875,144.0515594482422,81420900,0.0,0.0,-0.020643174985066737
2022-07-19 00:00:00-04:00,147.9199981689453,151.22999572753906,146.91000366210938,151.0,147.90093994140625,82982400,0.0,0.0,0.026722241035836536
2022-07-20 00:00:00-04:00,151.1199951171875,153.72000122070312,150.3699951171875,153.0399932861328,149.89901733398438,64823400,0.0,0.0,0.013509565208778884
2022-07-21 00:00:00-04:00,154.5,155.57000732421875,151.94000244140625,155.35000610351562,152.16162109375,65086600,0.0,0.0,0.015094186739893045
2022-07-22 00:00:00-04:00,155.38999938964844,156.27999877929688,153.41000366210938,154.08999633789062,150.92747497558594,66675400,0.0,0.0,-0.008110758214147085
2022-07-25 00:00:00-04:00,154.00999450683594,155.0399932861328,152.27999877929688,152.9499969482422,149.8108673095703,53623900,0.0,0.0,-0.007398306148010847
2022-07-26 00:00:00-04:00,152.25999450683594,153.08999633789062,150.8000030517578,151.60000610351562,148.4886016845703,55138700,0.0,0.0,-0.008826233027992902
2022-07-27 00:00:00-04:00,152.5800018310547,157.3300018310547,152.16000366210938,156.7899932861328,153.5720672607422,78620700,0.0,0.0,0.03423471915353149
2022-07-28 00:00:00-04:00,156.97999572753906,157.63999938964844,154.41000366210938,157.35000610351562,154.12057495117188,81378700,0.0,0.0,0.003571663129978031
2022-07-29 00:00:00-04:00,161.24000549316406,163.6300048828125,159.5,162.50999450683594,159.1746826171875,101786900,0.0,0.0,0.032793205369347156
2022-08-01 00:00:00-04:00,161.00999450683594,163.58999633789062,160.88999938964844,161.50999450683594,158.19517517089844,67829400,0.0,0.0,-0.006153663573778001
2022-08-02 00:00:00-04:00,160.10000610351562,162.41000366210938,159.6300048828125,160.00999450683594,156.72598266601562,59907000,0.0,0.0,-0.009287214374873565
2022-08-03 00:00:00-04:00,160.83999633789062,166.58999633789062,160.75,166.1300048828125,162.7203826904297,82507500,0.0,0.0,0.038247646768233556
2022-08-04 00:00:00-04:00,166.00999450683594,167.19000244140625,164.42999267578125,165.80999755859375,162.40695190429688,55474100,0.0,0.0,-0.0019261925331696128
2022-08-05 00:00:00-04:00,163.2100067138672,165.85000610351562,163.0,165.35000610351562,162.1813507080078,56697000,0.23,0.0,-0.0013891104638303897
2022-08-08 00:00:00-04:00,166.3699951171875,167.80999755859375,164.1999969482422,164.8699951171875,161.71058654785156,60276900,0.0,0.0,-0.0029027021793881502
2022-08-09 00:00:00-04:00,164.02000427246094,165.82000732421875,163.25,164.9199981689453,161.75958251953125,63135500,0.0,0.0,0.0003029855541658577
2022-08-10 00:00:00-04:00,167.67999267578125,169.33999633789062,166.89999389648438,169.24000549316406,165.9967803955078,70170500,0.0,0.0,0.02619441649130705
2022-08-11 00:00:00-04:00,170.05999755859375,170.99000549316406,168.19000244140625,168.49000549316406,165.2611846923828,57149200,0.0,0.0,-0.004431385364055518
2022-08-12 00:00:00-04:00,169.82000732421875,172.1699981689453,169.39999389648438,172.10000610351562,168.802001953125,68039400,0.0,0.0,0.02142558319022747
2022-08-15 00:00:00-04:00,171.52000427246094,173.38999938964844,171.35000610351562,173.19000244140625,169.87109375,54091700,0.0,0.0,0.00633340709532515
2022-08-16 00:00:00-04:00,172.77999877929688,173.7100067138672,171.66000366210938,173.02999877929688,169.71417236328125,56377100,0.0,0.0,-0.0009237674477430291
2022-08-17 00:00:00-04:00,172.77000427246094,176.14999389648438,172.57000732421875,174.5500030517578,171.20504760742188,79542000,0.0,0.0,0.008784624309096323
2022-08-18 00:00:00-04:00,173.75,174.89999389648438,173.1199951171875,174.14999389648438,170.81268310546875,62290100,0.0,0.0,-0.0022917811562006563
2022-08-19 00:00:00-04:00,173.02999877929688,173.74000549316406,171.30999755859375,171.52000427246094,168.2331085205078,70346300,0.0,0.0,-0.015101774283167058
2022-08-22 00:00:00-04:00,169.69000244140625,169.86000061035156,167.13999938964844,167.57000732421875,164.3588104248047,69026800,0.0,0.0,-0.023029343806191704
2022-08-23 00:00:00-04:00,167.0800018310547,168.7100067138672,166.64999389648438,167.22999572753906,164.02532958984375,54147100,0.0,0.0,-0.0020289805827811147
2022-08-24 00:00:00-04:00,167.32000732421875,168.11000061035156,166.25,167.52999877929688,164.319580078125,53841500,0.0,0.0,0.0017939332237102423
2022-08-25 00:00:00-04:00,168.77999877929688,170.13999938964844,168.35000610351562,170.02999877929688,166.7716522216797,51218200,0.0,0.0,0.014922580391143025
2022-08-26 00:00:00-04:00,170.57000732421875,171.0500030517578,163.55999755859375,163.6199951171875,160.48452758789062,78961000,0.0,0.0,-0.03769900069966303
2022-08-29 00:00:00-04:00,161.14999389648438,162.89999389648438,159.82000732421875,161.3800048828125,158.2873992919922,73314000,0.0,0.0,-0.013690592662866874
2022-08-30 00:00:00-04:00,162.1300048828125,162.55999755859375,157.72000122070312,158.91000366210938,155.86476135253906,77906200,0.0,0.0,-0.015305311416381917
2022-08-31 00:00:00-04:00,160.30999755859375,160.5800018310547,157.13999938964844,157.22000122070312,154.20716857910156,87991100,0.0,0.0,-0.010634814175144558
2022-09-01 00:00:00-04:00,156.63999938964844,158.4199981689453,154.6699981689453,157.9600067138672,154.9329833984375,74229900,0.0,0.0,0.004706751482591587
2022-09-02 00:00:00-04:00,159.75,160.36000061035156,154.97000122070312,155.80999755859375,152.82412719726562,76957800,0.0,0.0,-0.01361140897770352
2022-09-06 00:00:00-04:00,156.47000122070312,157.08999633789062,153.69000244140625,154.52999877929688,151.5686798095703,73714800,0.0,0.0,-0.008214981565540236
2022-09-07 00:00:00-04:00,154.82000732421875,156.6699981689453,153.61000061035156,155.9600067138672,152.9712677001953,87449600,0.0,0.0,0.009253810829435105
2022-09-08 00:00:00-04:00,154.63999938964844,156.36000061035156,152.67999267578125,154.4600067138672,151.5000457763672,84923800,0.0,0.0,-0.00961763569032803
2022-09-09 00:00:00-04:00,155.47000122070312,157.82000732421875,154.75,157.3699951171875,154.35423278808594,68028800,0.0,0.0,0.018839512536727998
2022-09-12 00:00:00-04:00,159.58999633789062,164.25999450683594,159.3000030517578,163.42999267578125,160.29812622070312,104956000,0.0,0.0,0.038508133695158264
2022-09-13 00:00:00-04:00,159.89999389648438,160.5399932861328,153.3699951171875,153.83999633789062,150.89190673828125,122656600,0.0,0.0,-0.058679534840420544
2022-09-14 00:00:00-04:00,154.7899932861328,157.10000610351562,153.61000061035156,155.30999755859375,152.33375549316406,87965400,0.0,0.0,0.009555507555376597
2022-09-15 00:00:00-04:00,154.64999389648438,155.24000549316406,151.3800048828125,152.3699951171875,149.4500732421875,90481100,0.0,0.0,-0.01893002796156995
2022-09-16 00:00:00-04:00,151.2100067138672,151.35000610351562,148.3699951171875,150.6999969482422,147.81207275390625,162278800,0.0,0.0,-0.010960185249470067
2022-09-19 00:00:00-04:00,149.30999755859375,154.55999755859375,149.10000610351562,154.47999572753906,151.51966857910156,81474200,0.0,0.0,0.02508317322204201
2022-09-20 00:00:00-04:00,153.39999389648438,158.0800018310547,153.0800018310547,156.89999389648438,153.89328002929688,107689800,0.0,0.0,0.015665368545576985
2022-09-21 00:00:00-04:00,157.33999633789062,158.74000549316406,153.60000610351562,153.72000122070312,150.77423095703125,101696800,0.0,0.0,-0.020267610591390706
2022-09-22 00:00:00-04:00,152.3800048828125,154.47000122070312,150.91000366210938,152.74000549316406,149.81298828125,86652500,0.0,0.0,-0.0063753777398154465
2022-09-23 00:00:00-04:00,151.19000244140625,151.47000122070312,148.55999755859375,150.42999267578125,147.54727172851562,96029900,0.0,0.0,-0.01512363232806524
2022-09-26 00:00:00-04:00,149.66000366210938,153.77000427246094,149.63999938964844,150.77000427246094,147.88076782226562,93339400,0.0,0.0,0.0022602660817994114
2022-09-27 00:00:00-04:00,152.74000549316406,154.72000122070312,149.9499969482422,151.75999450683594,148.85179138183594,84442700,0.0,0.0,0.006566259925951723
2022-09-28 00:00:00-04:00,147.63999938964844,150.63999938964844,144.83999633789062,149.83999633789062,146.96856689453125,146691400,0.0,0.0,-0.012651674997137374
2022-09-29 00:00:00-04:00,146.10000610351562,146.72000122070312,140.67999267578125,142.47999572753906,139.74961853027344,128138200,0.0,0.0,-0.049118995420553646
2022-09-30 00:00:00-04:00,141.27999877929688,143.10000610351562,138.0,138.1999969482422,135.55162048339844,124925300,0.0,0.0,-0.030039424014353222
2022-10-03 00:00:00-04:00,138.2100067138672,143.07000732421875,137.69000244140625,142.4499969482422,139.72018432617188,114311700,0.0,0.0,0.030752593203295486
2022-10-04 00:00:00-04:00,145.02999877929688,146.22000122070312,144.25999450683594,146.10000610351562,143.3002471923828,87830100,0.0,0.0,0.02562309006015484
2022-10-05 00:00:00-04:00,144.07000732421875,147.3800048828125,143.00999450683594,146.39999389648438,143.59449768066406,79471000,0.0,0.0,0.002053384373344569
2022-10-06 00:00:00-04:00,145.80999755859375,147.5399932861328,145.22000122070312,145.42999267578125,142.64305114746094,68402200,0.0,0.0,-0.006625926122315828
2022-10-07 00:00:00-04:00,142.5399932861328,143.10000610351562,139.4499969482422,140.08999633789062,137.40541076660156,85925600,0.0,0.0,-0.03671851056694542
2022-10-10 00:00:00-04:00,140.4199981689453,141.88999938964844,138.57000732421875,140.4199981689453,137.72909545898438,74899000,0.0,0.0,0.002355691021022732
2022-10-11 00:00:00-04:00,139.89999389648438,141.35000610351562,138.22000122070312,138.97999572753906,136.31668090820312,77033700,0.0,0.0,-0.0102550194356128
2022-10-12 00:00:00-04:00,139.1300048828125,140.36000061035156,138.16000366210938,138.33999633789062,135.68896484375,70433700,0.0,0.0,-0.004604836768845932
2022-10-13 00:00:00-04:00,134.99000549316406,143.58999633789062,134.3699951171875,142.99000549316406,140.24984741210938,113224000,0.0,0.0,0.033612774433141146
2022-10-14 00:00:00-04:00,144.30999755859375,144.52000427246094,138.19000244140625,138.3800048828125,135.7281951904297,88598000,0.0,0.0,-0.03223997961575875
2022-10-17 00:00:00-04:00,141.07000732421875,142.89999389648438,140.27000427246094,142.41000366210938,139.68096923828125,85250900,0.0,0.0,0.029122718697509598
2022-10-18 00:00:00-04:00,145.49000549316406,146.6999969482422,140.61000061035156,143.75,140.9952850341797,99136600,0.0,0.0,0.009409412055670696
2022-10-19 00:00:00-04:00,141.69000244140625,144.9499969482422,141.5,143.86000061035156,141.10316467285156,61758300,0.0,0.0,0.0007651294058927949
2022-10-20 00:00:00-04:00,143.02000427246094,145.88999938964844,142.64999389648438,143.38999938964844,140.6421661376953,64522000,0.0,0.0,-0.003267102734549443
2022-10-21 00:00:00-04:00,142.8699951171875,147.85000610351562,142.64999389648438,147.27000427246094,144.4478302001953,86548600,0.0,0.0,0.027059196875381497
2022-10-24 00:00:00-04:00,147.19000244140625,150.22999572753906,146.0,149.4499969482422,146.58604431152344,75981900,0.0,0.0,0.014802673798316679
2022-10-25 00:00:00-04:00,150.08999633789062,152.49000549316406,149.36000061035156,152.33999633789062,149.42063903808594,74732300,0.0,0.0,0.019337411960844264
2022-10-26 00:00:00-04:00,150.9600067138672,151.99000549316406,148.0399932861328,149.35000610351562,146.48794555664062,88194300,0.0,0.0,-0.019627097704339236
2022-10-27 00:00:00-04:00,148.07000732421875,149.0500030517578,144.1300048828125,144.8000030517578,142.02513122558594,109180200,0.0,0.0,-0.030465403239129385
2022-10-28 00:00:00-04:00,148.1999969482422,157.5,147.82000732421875,155.74000549316406,152.75552368164062,164762400,0.0,0.0,0.07555277269211635
2022-10-31 00:00:00-04:00,153.16000366210938,154.24000549316406,151.9199981689453,153.33999633789062,150.40150451660156,97943200,0.0,0.0,-0.015410370167334153
2022-11-01 00:00:00-04:00,155.0800018310547,155.4499969482422,149.1300048828125,150.64999389648438,147.7630157470703,80379300,0.0,0.0,-0.01754296792449983
2022-11-02 00:00:00-04:00,148.9499969482422,152.1699981689453,145.0,145.02999877929688,142.250732421875,93604600,0.0,0.0,-0.03730489187247521
2022-11-03 00:00:00-04:00,142.05999755859375,142.8000030517578,138.75,138.8800048828125,136.21859741210938,97918500,0.0,0.0,-0.04240494869211664
2022-11-04 00:00:00-04:00,142.08999633789062,142.6699981689453,134.3800048828125,138.3800048828125,135.95333862304688,140814800,0.23,0.0,-0.0019473023074815243
2022-11-07 00:00:00-05:00,137.11000061035156,139.14999389648438,135.6699981689453,138.9199981689453,136.48385620117188,83374600,0.0,0.0,0.003902203384618108
2022-11-08 00:00:00-05:00,140.41000366210938,141.42999267578125,137.49000549316406,139.5,137.0537109375,89908500,0.0,0.0,0.0041752537786461374
2022-11-09 00:00:00-05:00,138.5,138.5500030517578,134.58999633789062,134.8699951171875,132.5048828125,74917800,0.0,0.0,-0.03319011279508066
2022-11-10 00:00:00-05:00,141.24000549316406,146.8699951171875,139.5,146.8699951171875,144.2944793701172,118854000,0.0,0.0,0.08897480837970306
2022-11-11 00:00:00-05:00,145.82000732421875,150.00999450683594,144.3699951171875,149.6999969482422,147.0748291015625,93979700,0.0,0.0,0.019268580084160325
2022-11-14 00:00:00-05:00,148.97000122070312,150.27999877929688,147.42999267578125,148.27999877929688,145.6797332763672,73374100,0.0,0.0,-0.009485619216541341
2022-11-15 00:00:00-05:00,152.22000122070312,153.58999633789062,148.55999755859375,150.0399932861328,147.4088134765625,89868300,0.0,0.0,0.011869051111695006
2022-11-16 00:00:00-05:00,149.1300048828125,149.8699951171875,147.2899932861328,148.7899932861328,146.18077087402344,64218300,0.0,0.0,-0.008330862813262674
2022-11-17 00:00:00-05:00,146.42999267578125,151.47999572753906,146.14999389648438,150.72000122070312,148.07691955566406,80389400,0.0,0.0,0.012971259286043146
2022-11-18 00:00:00-05:00,152.30999755859375,152.6999969482422,149.97000122070312,151.2899932861328,148.63693237304688,74829600,0.0,0.0,0.0037819048307004
2022-11-21 00:00:00-05:00,150.16000366210938,150.3699951171875,147.72000122070312,148.00999450683594,145.41445922851562,58724100,0.0,0.0,-0.02168016449938248
2022-11-22 00:00:00-05:00,148.1300048828125,150.4199981689453,146.92999267578125,150.17999267578125,147.54641723632812,51804100,0.0,0.0,0.01466125183921485
2022-11-23 00:00:00-05:00,149.4499969482422,151.8300018310547,149.33999633789062,151.07000732421875,148.42080688476562,58301400,0.0,0.0,0.005926200478571841
2022-11-25 00:00:00-05:00,148.30999755859375,148.8800048828125,147.1199951171875,148.11000061035156,145.51271057128906,35195900,0.0,0.0,-0.01959358916391296
2022-11-28 00:00:00-05:00,145.13999938964844,146.63999938964844,143.3800048828125,144.22000122070312,141.69093322753906,69246000,0.0,0.0,-0.02626421656737432
2022-11-29 00:00:00-05:00,144.2899932861328,144.80999755859375,140.35000610351562,141.1699981689453,138.69442749023438,83763800,0.0,0.0,-0.02114818266100804
2022-11-30 00:00:00-05:00,141.39999389648438,148.72000122070312,140.5500030517578,148.02999877929688,145.43411254882812,111380900,0.0,0.0,0.04859376963121531
2022-12-01 00:00:00-05:00,148.2100067138672,149.1300048828125,146.61000061035156,148.30999755859375,145.70919799804688,71250400,0.0,0.0,0.0018914781710954731
2022-12-02 00:00:00-05:00,145.9600067138672,148.0,145.64999389648438,147.80999755859375,145.21798706054688,65447400,0.0,0.0,-0.0033711731603009998
2022-12-05 00:00:00-05:00,147.77000427246094,150.9199981689453,145.77000427246094,146.6300048828125,144.0586395263672,68826400,0.0,0.0,-0.007983498171588832
2022-12-06 00:00:00-05:00,147.07000732421875,147.3000030517578,141.9199981689453,142.91000366210938,140.40390014648438,64727200,0.0,0.0,-0.02536980351819773
2022-12-07 00:00:00-05:00,142.19000244140625,143.3699951171875,140.0,140.94000244140625,138.46844482421875,69721100,0.0,0.0,-0.01378491138954363
2022-12-08 00:00:00-05:00,142.36000061035156,143.52000427246094,141.10000610351562,142.64999389648438,140.14842224121094,62128300,0.0,0.0,0.012132565070149148
2022-12-09 00:00:00-05:00,142.33999633789062,145.57000732421875,140.89999389648438,142.16000366210938,139.6670684814453,76097000,0.0,0.0,-0.003434599919627801
2022-12-12 00:00:00-05:00,142.6999969482422,144.5,141.05999755859375,144.49000549316406,141.9562530517578,70462700,0.0,0.0,0.016390295831379964
2022-12-13 00:00:00-05:00,149.5,149.97000122070312,144.24000549316406,145.47000122070312,142.91897583007812,93886200,0.0,0.0,0.006781827201153945
2022-12-14 00:00:00-05:00,145.35000610351562,146.66000366210938,141.16000366210938,143.2100067138672,140.69863891601562,82291200,0.0,0.0,-0.015535634097338824
2022-12-15 00:00:00-05:00,141.11000061035156,141.8000030517578,136.02999877929688,136.5,134.10629272460938,98931900,0.0,0.0,-0.04685437074726273
2022-12-16 00:00:00-05:00,136.69000244140625,137.64999389648438,133.72999572753906,134.50999450683594,132.15122985839844,160156900,0.0,0.0,-0.014578457330303718
2022-12-19 00:00:00-05:00,135.11000061035156,135.1999969482422,131.32000732421875,132.3699951171875,130.04869079589844,79592600,0.0,0.0,-0.015910098337736933
2022-12-20 00:00:00-05:00,131.38999938964844,133.25,129.88999938964844,132.3000030517578,129.97994995117188,77432800,0.0,0.0,-0.0005285777527314073
2022-12-21 00:00:00-05:00,132.97999572753906,136.80999755859375,132.75,135.4499969482422,133.07470703125,85928000,0.0,0.0,0.023809495858712726
2022-12-22 00:00:00-05:00,134.35000610351562,134.55999755859375,130.3000030517578,132.22999572753906,129.91116333007812,77852100,0.0,0.0,-0.02377268957976353
2022-12-23 00:00:00-05:00,130.9199981689453,132.4199981689453,129.63999938964844,131.86000061035156,129.5476837158203,63814900,0.0,0.0,-0.00279790900905319
2022-12-27 00:00:00-05:00,131.3800048828125,131.41000366210938,128.72000122070312,130.02999877929688,127.74976348876953,69007800,0.0,0.0,-0.013878443639291582
2022-12-28 00:00:00-05:00,129.6699981689453,131.02999877929688,125.87000274658203,126.04000091552734,123.82972717285156,85438400,0.0,0.0,-0.030685272589663803
2022-12-29 00:00:00-05:00,127.98999786376953,130.47999572753906,127.7300033569336,129.61000061035156,127.33716583251953,75703700,0.0,0.0,0.028324690199567293
2022-12-30 00:00:00-05:00,128.41000366210938,129.9499969482422,127.43000030517578,129.92999267578125,127.6515121459961,77034200,0.0,0.0,0.002468614024989435
2023-01-03 00:00:00-05:00,130.27999877929688,130.89999389648438,124.16999816894531,125.06999969482422,122.87673950195312,112117500,0.0,0.0,-0.037404748003157406
2023-01-04 00:00:00-05:00,126.88999938964844,128.66000366210938,125.08000183105469,126.36000061035156,124.14412689208984,89113600,0.0,0.0,0.010314298664447996
2023-01-05 00:00:00-05:00,127.12999725341797,127.7699966430664,124.76000213623047,125.0199966430664,122.82760620117188,80962700,0.0,0.0,-0.010604776269942495
2023-01-06 00:00:00-05:00,126.01000213623047,130.2899932861328,124.88999938964844,129.6199951171875,127.34695434570312,87754700,0.0,0.0,0.0367942377475734
2023-01-09 00:00:00-05:00,130.47000122070312,133.41000366210938,129.88999938964844,130.14999389648438,127.86766052246094,70790800,0.0,0.0,0.0040888781316612555
2023-01-10 00:00:00-05:00,130.25999450683594,131.25999450683594,128.1199951171875,130.72999572753906,128.4375,63896200,0.0,0.0,0.004456478481038362
2023-01-11 00:00:00-05:00,131.25,133.50999450683594,130.4600067138672,133.49000549316406,131.14907836914062,69458900,0.0,0.0,0.02111204569647196
2023-01-12 00:00:00-05:00,133.8800048828125,134.25999450683594,131.44000244140625,133.41000366210938,131.0704803466797,71379600,0.0,0.0,-0.0005993028958977131
2023-01-13 00:00:00-05:00,132.02999877929688,134.9199981689453,131.66000366210938,134.75999450683594,132.3968048095703,57809700,0.0,0.0,0.010119169925848492
2023-01-17 00:00:00-05:00,134.8300018310547,137.2899932861328,134.1300048828125,135.94000244140625,133.5561065673828,63646600,0.0,0.0,0.00875626688634945
2023-01-18 00:00:00-05:00,136.82000732421875,138.61000061035156,135.02999877929688,135.2100067138672,132.83892822265625,69672800,0.0,0.0,-0.005369865617973257
2023-01-19 00:00:00-05:00,134.0800018310547,136.25,133.77000427246094,135.27000427246094,132.89788818359375,58280400,0.0,0.0,0.00044384550316967086
2023-01-20 00:00:00-05:00,135.27999877929688,138.02000427246094,134.22000122070312,137.8699951171875,135.45225524902344,80223600,0.0,0.0,0.01922052412075148
2023-01-23 00:00:00-05:00,138.1199951171875,143.32000732421875,137.89999389648438,141.11000061035156,138.63546752929688,81760300,0.0,0.0,0.02350062222604743
2023-01-24 00:00:00-05:00,140.30999755859375,143.16000366210938,140.3000030517578,142.52999877929688,140.0305633544922,66435100,0.0,0.0,0.010063051324874728
2023-01-25 00:00:00-05:00,140.88999938964844,142.42999267578125,138.80999755859375,141.86000061035156,139.372314453125,65799300,0.0,0.0,-0.004700751647344403
2023-01-26 00:00:00-05:00,143.1699981689453,144.25,141.89999389648438,143.9600067138672,141.4355010986328,54105100,0.0,0.0,0.0148034181221961
2023-01-27 00:00:00-05:00,143.16000366210938,147.22999572753906,143.0800018310547,145.92999267578125,143.37095642089844,70555800,0.0,0.0,0.013684367130116115
2023-01-30 00:00:00-05:00,144.9600067138672,145.5500030517578,142.85000610351562,143.0,140.4923553466797,64015300,0.0,0.0,-0.02007799310320535
2023-01-31 00:00:00-05:00,142.6999969482422,144.33999633789062,142.27999877929688,144.2899932861328,141.7596893310547,65874500,0.0,0.0,0.009020661524591356
2023-02-01 00:00:00-05:00,143.97000122070312,146.61000061035156,141.32000732421875,145.42999267578125,142.87966918945312,77663600,0.0,0.0,0.007900552432666075
2023-02-02 00:00:00-05:00,148.89999389648438,151.17999267578125,148.1699981689453,150.82000732421875,148.17520141601562,118339000,0.0,0.0,0.03706288135046587
2023-02-03 00:00:00-05:00,148.02999877929688,157.3800048828125,147.8300018310547,154.5,151.79063415527344,154357300,0.0,0.0,0.024399715368748742
2023-02-06 00:00:00-05:00,152.57000732421875,153.10000610351562,150.77999877929688,151.72999572753906,149.0692138671875,69858300,0.0,0.0,-0.01792877606204657
2023-02-07 00:00:00-05:00,150.63999938964844,155.22999572753906,150.63999938964844,154.64999389648438,151.93798828125,83322600,0.0,0.0,0.019244580015149282
2023-02-08 00:00:00-05:00,153.8800048828125,154.5800018310547,151.1699981689453,151.9199981689453,149.2559051513672,64120100,0.0,0.0,-0.017652485466097212
2023-02-09 00:00:00-05:00,153.77999877929688,154.3300018310547,150.4199981689453,150.8699951171875,148.22430419921875,56007100,0.0,0.0,-0.006911625714923986
2023-02-10 00:00:00-05:00,149.4600067138672,151.33999633789062,149.22000122070312,151.00999450683594,148.58836364746094,57450700,0.23,0.0,0.0024561386893264814
2023-02-13 00:00:00-05:00,150.9499969482422,154.25999450683594,150.9199981689453,153.85000610351562,151.3828582763672,62199000,0.0,0.0,0.018806954732582204
2023-02-14 00:00:00-05:00,152.1199951171875,153.77000427246094,150.86000061035156,153.1999969482422,150.74325561523438,61707600,0.0,0.0,-0.0042250666186071095
2023-02-15 00:00:00-05:00,153.11000061035156,155.5,152.8800048828125,155.3300018310547,152.83908081054688,65573800,0.0,0.0,0.013903276712173396
2023-02-16 00:00:00-05:00,153.50999450683594,156.3300018310547,153.35000610351562,153.7100067138672,151.24508666992188,68167900,0.0,0.0,-0.010429231399270544
2023-02-17 00:00:00-05:00,152.35000610351562,153.0,150.85000610351562,152.5500030517578,150.10365295410156,59144100,0.0,0.0,-0.007546914355713197
2023-02-21 00:00:00-05:00,150.1999969482422,151.3000030517578,148.41000366210938,148.47999572753906,146.09893798828125,58867200,0.0,0.0,-0.026679663599158854
2023-02-22 00:00:00-05:00,148.8699951171875,149.9499969482422,147.16000366210938,148.91000366210938,146.52207946777344,51011300,0.0,0.0,0.002896266634916378
2023-02-23 00:00:00-05:00,150.08999633789062,150.33999633789062,147.24000549316406,149.39999389648438,147.00418090820312,48394200,0.0,0.0,0.0032902989240999325
2023-02-24 00:00:00-05:00,147.11000061035156,147.19000244140625,145.72000122070312,146.7100067138672,144.35733032226562,55469600,0.0,0.0,-0.018005274200944887
2023-02-27 00:00:00-05:00,147.7100067138672,149.1699981689453,147.4499969482422,147.9199981689453,145.5479278564453,44998500,0.0,0.0,0.008247572406068882
2023-02-28 00:00:00-05:00,147.0500030517578,149.0800018310547,146.8300018310547,147.41000366210938,145.046142578125,50547000,0.0,0.0,-0.003447560440813846
2023-03-01 00:00:00-05:00,146.8300018310547,147.22999572753906,145.00999450683594,145.30999755859375,142.9798126220703,55479000,0.0,0.0,-0.014246017986598414
2023-03-02 00:00:00-05:00,144.3800048828125,146.7100067138672,143.89999389648438,145.91000366210938,143.57015991210938,52238100,0.0,0.0,0.004128885604288035
2023-03-03 00:00:00-05:00,148.0399932861328,151.11000061035156,147.3300018310547,151.02999877929688,148.60806274414062,70732300,0.0,0.0,0.035090180543891236
2023-03-06 00:00:00-05:00,153.7899932861328,156.3000030517578,153.4600067138672,153.8300018310547,151.36314392089844,87558000,0.0,0.0,0.018539244277083755
2023-03-07 00:00:00-05:00,153.6999969482422,154.02999877929688,151.1300048828125,151.60000610351562,149.1689453125,56182000,0.0,0.0,-0.014496254184209523
2023-03-08 00:00:00-05:00,152.80999755859375,153.47000122070312,151.8300018310547,152.8699951171875,150.4185333251953,47204800,0.0,0.0,0.008376998376421474
2023-03-09 00:00:00-05:00,153.55999755859375,154.5399932861328,150.22999572753906,150.58999633789062,148.17510986328125,53833600,0.0,0.0,-0.014914541528362912
2023-03-10 00:00:00-05:00,150.2100067138672,150.94000244140625,147.61000061035156,148.5,146.11863708496094,68572400,0.0,0.0,-0.013878665453447514
2023-03-13 00:00:00-04:00,147.80999755859375,153.13999938964844,147.6999969482422,150.47000122070312,148.0570526123047,84457100,0.0,0.0,0.013266038925730195
2023-03-14 00:00:00-04:00,151.27999877929688,153.39999389648438,150.10000610351562,152.58999633789062,150.14303588867188,73695900,0.0,0.0,0.01408905040024977
2023-03-15 00:00:00-04:00,151.19000244140625,153.25,149.9199981689453,152.99000549316406,150.53663635253906,77167900,0.0,0.0,0.002621503298754657
2023-03-16 00:00:00-04:00,152.16000366210938,156.4600067138672,151.63999938964844,155.85000610351562,153.35076904296875,76161100,0.0,0.0,0.018694005383774526
2023-03-17 00:00:00-04:00,156.0800018310547,156.74000549316406,154.27999877929688,155.0,152.51438903808594,98944600,0.0,0.0,-0.005454032021505295
2023-03-20 00:00:00-04:00,155.07000732421875,157.82000732421875,154.14999389648438,157.39999389648438,154.87591552734375,73641400,0.0,0.0,0.015483958622868554
2023-03-21 00:00:00-04:00,157.32000732421875,159.39999389648438,156.5399932861328,159.27999877929688,156.72573852539062,73938300,0.0,0.0,0.011943903554973767
2023-03-22 00:00:00-04:00,159.3000030517578,162.13999938964844,157.80999755859375,157.8300018310547,155.29901123046875,75701800,0.0,0.0,-0.00910333751396386
2023-03-23 00:00:00-04:00,158.8300018310547,161.5500030517578,157.67999267578125,158.92999267578125,156.3813934326172,67622100,0.0,0.0,0.006969665766526578
2023-03-24 00:00:00-04:00,158.86000061035156,160.33999633789062,157.85000610351562,160.25,157.68019104003906,59196500,0.0,0.0,0.008305320594176102
2023-03-27 00:00:00-04:00,159.94000244140625,160.77000427246094,157.8699951171875,158.27999877929688,155.74180603027344,52390300,0.0,0.0,-0.012293142194845674
2023-03-28 00:00:00-04:00,157.97000122070312,158.49000549316406,155.97999572753906,157.64999389648438,155.1219024658203,45992200,0.0,0.0,-0.003980328598042759
2023-03-29 00:00:00-04:00,159.3699951171875,161.0500030517578,159.35000610351562,160.77000427246094,158.19186401367188,51305700,0.0,0.0,0.01979063883985055
2023-03-30 00:00:00-04:00,161.52999877929688,162.47000122070312,161.27000427246094,162.36000061035156,159.75636291503906,49501700,0.0,0.0,0.009889882208050649
2023-03-31 00:00:00-04:00,162.44000244140625,165.0,161.91000366210938,164.89999389648438,162.255615234375,68749800,0.0,0.0,0.01564414883847265
2023-04-03 00:00:00-04:00,164.27000427246094,166.2899932861328,164.22000122070312,166.1699981689453,163.5052490234375,56976200,0.0,0.0,0.007701636625995434
2023-04-04 00:00:00-04:00,166.60000610351562,166.83999633789062,165.11000061035156,165.6300048828125,162.97393798828125,46278300,0.0,0.0,-0.0032495044552367514
2023-04-05 00:00:00-04:00,164.74000549316406,165.0500030517578,161.8000030517578,163.75999450683594,161.13389587402344,51511700,0.0,0.0,-0.011290407147123815
2023-04-06 00:00:00-04:00,162.42999267578125,164.9600067138672,162.0,164.66000366210938,162.0194854736328,45390100,0.0,0.0,0.00549598577509558
2023-04-10 00:00:00-04:00,161.4199981689453,162.02999877929688,160.0800018310547,162.02999877929688,159.43167114257812,47716900,0.0,0.0,-0.015972241384977326
2023-04-11 00:00:00-04:00,162.35000610351562,162.36000061035156,160.50999450683594,160.8000030517578,158.2213897705078,47644200,0.0,0.0,-0.007591223019847604
2023-04-12 00:00:00-04:00,161.22000122070312,162.05999755859375,159.77999877929688,160.10000610351562,157.5326385498047,50133100,0.0,0.0,-0.0043530853932083335
2023-04-13 00:00:00-04:00,161.6300048828125,165.8000030517578,161.4199981689453,165.55999755859375,162.90504455566406,68445600,0.0,0.0,0.03410344710350843
2023-04-14 00:00:00-04:00,164.58999633789062,166.32000732421875,163.82000732421875,165.2100067138672,162.56068420410156,49386500,0.0,0.0,-0.002113871626884034
2023-04-17 00:00:00-04:00,165.08999633789062,165.38999938964844,164.02999877929688,165.22999572753906,162.580322265625,41516200,0.0,0.0,0.00012080449599238818
2023-04-18 00:00:00-04:00,166.10000610351562,167.41000366210938,165.64999389648438,166.47000122070312,163.8004608154297,49923000,0.0,0.0,0.007504835350315098
2023-04-19 00:00:00-04:00,165.8000030517578,168.16000366210938,165.5399932861328,167.6300048828125,164.94183349609375,47720200,0.0,0.0,0.006968067580409132
2023-04-20 00:00:00-04:00,166.08999633789062,167.8699951171875,165.55999755859375,166.64999389648438,163.97760009765625,52456400,0.0,0.0,-0.005845899599875248
2023-04-21 00:00:00-04:00,165.0500030517578,166.4499969482422,164.49000549316406,165.02000427246094,162.3737335205078,58337300,0.0,0.0,-0.009781010187935757
2023-04-24 00:00:00-04:00,165.0,165.60000610351562,163.88999938964844,165.3300018310547,162.67872619628906,41949600,0.0,0.0,0.0018783375190589702
2023-04-25 00:00:00-04:00,165.19000244140625,166.30999755859375,163.72999572753906,163.77000427246094,161.1437530517578,48714100,0.0,0.0,-0.009435610792029037
2023-04-26 00:00:00-04:00,163.05999755859375,165.27999877929688,162.8000030517578,163.75999450683594,161.13389587402344,45498800,0.0,0.0,-6.117008911421529e-05
2023-04-27 00:00:00-04:00,165.19000244140625,168.55999755859375,165.19000244140625,168.41000366210938,165.7093505859375,64902300,0.0,0.0,0.028395358326662734
2023-04-28 00:00:00-04:00,168.49000549316406,169.85000610351562,167.8800048828125,169.67999267578125,166.95899963378906,55275900,0.0,0.0,0.007541210217968386
2023-05-01 00:00:00-04:00,169.27999877929688,170.4499969482422,168.63999938964844,169.58999633789062,166.8704376220703,52472900,0.0,0.0,-0.0005304416767769604
2023-05-02 00:00:00-04:00,170.08999633789062,170.35000610351562,167.5399932861328,168.5399932861328,165.83726501464844,48425700,0.0,0.0,-0.006191465799123885
2023-05-03 00:00:00-04:00,169.5,170.9199981689453,167.16000366210938,167.4499969482422,164.76475524902344,65136000,0.0,0.0,-0.006467242242147786
2023-05-04 00:00:00-04:00,164.88999938964844,167.0399932861328,164.30999755859375,165.7899932861328,163.13134765625,81235400,0.0,0.0,-0.009913573994054237
2023-05-05 00:00:00-04:00,170.97999572753906,174.3000030517578,170.75999450683594,173.57000732421875,170.78659057617188,113453200,0.0,0.0,0.04692686617199393
2023-05-08 00:00:00-04:00,172.47999572753906,173.85000610351562,172.11000061035156,173.5,170.71771240234375,55962800,0.0,0.0,-0.0004032996595092486
2023-05-09 00:00:00-04:00,173.0500030517578,173.5399932861328,171.60000610351562,171.77000427246094,169.0154571533203,45326900,0.0,0.0,-0.009971169511758693
2023-05-10 00:00:00-04:00,173.02000427246094,174.02999877929688,171.89999389648438,173.55999755859375,170.77676391601562,53724500,0.0,0.0,0.010420980378720968
2023-05-11 00:00:00-04:00,173.85000610351562,174.58999633789062,172.1699981689453,173.75,170.96371459960938,49514700,0.0,0.0,0.0010947079644025859
2023-05-12 00:00:00-04:00,173.6199951171875,174.05999755859375,171.0,172.57000732421875,170.0375213623047,45533100,0.24,0.0,-0.005417484285912932
2023-05-15 00:00:00-04:00,173.16000366210938,173.2100067138672,171.47000122070312,172.07000732421875,169.5448455810547,37266700,0.0,0.0,-0.0028974533226713284
2023-05-16 00:00:00-04:00,171.99000549316406,173.13999938964844,171.8000030517578,172.07000732421875,169.5448455810547,42110300,0.0,0.0,0.0
2023-05-17 00:00:00-04:00,171.7100067138672,172.92999267578125,170.4199981689453,172.69000244140625,170.15576171875,57951600,0.0,0.0,0.0036032716630318706
2023-05-18 00:00:00-04:00,173.0,175.24000549316406,172.5800018310547,175.0500030517578,172.4811248779297,65496700,0.0,0.0,0.013666085330823474
2023-05-19 00:00:00-04:00,176.38999938964844,176.38999938964844,174.94000244140625,175.16000366210938,172.5894775390625,55809500,0.0,0.0,0.0006282001071682419
2023-05-22 00:00:00-04:00,173.97999572753906,174.7100067138672,173.4499969482422,174.1999969482422,171.6435546875,43570900,0.0,0.0,-0.005480767802593323
2023-05-23 00:00:00-04:00,173.1300048828125,173.3800048828125,171.27999877929688,171.55999755859375,169.04232788085938,50747300,0.0,0.0,-0.01515481785131112
2023-05-24 00:00:00-04:00,171.08999633789062,172.4199981689453,170.52000427246094,171.83999633789062,169.31820678710938,45143500,0.0,0.0,0.0016320108088221374
2023-05-25 00:00:00-04:00,172.41000366210938,173.89999389648438,171.69000244140625,172.99000549316406,170.45135498046875,56058300,0.0,0.0,0.006692417873195078
2023-05-26 00:00:00-04:00,173.32000732421875,175.77000427246094,173.11000061035156,175.42999267578125,172.85552978515625,54835000,0.0,0.0,0.01410475619253937
2023-05-30 00:00:00-04:00,176.9600067138672,178.99000549316406,176.57000732421875,177.3000030517578,174.6980743408203,55964400,0.0,0.0,0.010659448141197236
2023-05-31 00:00:00-04:00,177.3300018310547,179.35000610351562,176.75999450683594,177.25,174.6488037109375,99625300,0.0,0.0,-0.00028203304511931204
2023-06-01 00:00:00-04:00,177.6999969482422,180.1199951171875,176.92999267578125,180.08999633789062,177.44711303710938,68901800,0.0,0.0,0.016022493522505732
2023-06-02 00:00:00-04:00,181.02999877929688,181.77999877929688,179.25999450683594,180.9499969482422,178.29452514648438,61996900,0.0,0.0,0.004775575634176521
2023-06-05 00:00:00-04:00,182.6300048828125,184.9499969482422,178.0399932861328,179.5800018310547,176.9446258544922,121946500,0.0,0.0,-0.007571176349263298
2023-06-06 00:00:00-04:00,179.97000122070312,180.1199951171875,177.42999267578125,179.2100067138672,176.580078125,64848400,0.0,0.0,-0.002060236233407675
2023-06-07 00:00:00-04:00,178.44000244140625,181.2100067138672,177.32000732421875,177.82000732421875,175.21046447753906,61944600,0.0,0.0,-0.007756331642867376
2023-06-08 00:00:00-04:00,177.89999389648438,180.83999633789062,177.4600067138672,180.57000732421875,177.92010498046875,50214900,0.0,0.0,0.015465060896959315
2023-06-09 00:00:00-04:00,181.5,182.22999572753906,180.6300048828125,180.9600067138672,178.30438232421875,48900000,0.0,0.0,0.0021598309184460707
2023-06-12 00:00:00-04:00,181.27000427246094,183.88999938964844,180.97000122070312,183.7899932861328,181.0928497314453,54274900,0.0,0.0,0.015638804671419537
2023-06-13 00:00:00-04:00,182.8000030517578,184.14999389648438,182.44000244140625,183.30999755859375,180.61988830566406,54929100,0.0,0.0,-0.002611706792855939
2023-06-14 00:00:00-04:00,183.3699951171875,184.38999938964844,182.02000427246094,183.9499969482422,181.25050354003906,57462900,0.0,0.0,0.0034913942218135485
2023-06-15 00:00:00-04:00,183.9600067138672,186.52000427246094,183.77999877929688,186.00999450683594,183.2802734375,65433200,0.0,0.0,0.011198699357061637
2023-06-16 00:00:00-04:00,186.72999572753906,186.99000549316406,184.27000427246094,184.9199981689453,182.206298828125,101256200,0.0,0.0,-0.005859739235609784
2023-06-20 00:00:00-04:00,184.41000366210938,186.10000610351562,184.41000366210938,185.00999450683594,182.29493713378906,49799100,0.0,0.0,0.00048647223632847236
2023-06-21 00:00:00-04:00,184.89999389648438,185.41000366210938,182.58999633789062,183.9600067138672,181.2603759765625,49515700,0.0,0.0,-0.005675205101649539
2023-06-22 00:00:00-04:00,183.74000549316406,187.0500030517578,183.6699981689453,187.0,184.25576782226562,51245300,0.0,0.0,0.016525353815278532
2023-06-23 00:00:00-04:00,185.5500030517578,187.55999755859375,185.00999450683594,186.67999267578125,183.9404296875,53117000,0.0,0.0,-0.0017114152707002894
2023-06-26 00:00:00-04:00,186.8300018310547,188.0500030517578,185.22999572753906,185.27000427246094,182.5511016845703,48088700,0.0,0.0,-0.007553141010326225
2023-06-27 00:00:00-04:00,185.88999938964844,188.38999938964844,185.6699981689453,188.05999755859375,185.3001708984375,50730800,0.0,0.0,0.015059176244344386
2023-06-28 00:00:00-04:00,187.92999267578125,189.89999389648438,187.60000610351562,189.25,186.47271728515625,51216800,0.0,0.0,0.006327821399373823
2023-06-29 00:00:00-04:00,189.0800018310547,190.07000732421875,188.94000244140625,189.58999633789062,186.80772399902344,46347300,0.0,0.0,0.0017965454611512666
2023-06-30 00:00:00-04:00,191.6300048828125,194.47999572753906,191.25999450683594,193.97000122070312,191.1234588623047,85213200,0.0,0.0,0.023102550424006107
2023-07-03 00:00:00-04:00,193.77999877929688,193.8800048828125,191.75999450683594,192.4600067138672,189.6356201171875,31458200,0.0,0.0,-0.007784699764088687
2023-07-05 00:00:00-04:00,191.57000732421875,192.97999572753906,190.6199951171875,191.3300018310547,188.52220153808594,46920300,0.0,0.0,-0.005871357809326683
2023-07-06 00:00:00-04:00,189.83999633789062,192.02000427246094,189.1999969482422,191.80999755859375,188.99514770507812,45094300,0.0,0.0,0.0025087027582617605
2023-07-07 00:00:00-04:00,191.41000366210938,192.6699981689453,190.24000549316406,190.67999267578125,187.88169860839844,46815000,0.0,0.0,-0.005891416315180753
2023-07-10 00:00:00-04:00,189.25999450683594,189.99000549316406,187.0399932861328,188.61000061035156,185.84213256835938,59922200,0.0,0.0,-0.010855586548055074
2023-07-11 00:00:00-04:00,189.16000366210938,189.3000030517578,186.60000610351562,188.0800018310547,185.31988525390625,46638100,0.0,0.0,-0.002810166388189872
2023-07-12 00:00:00-04:00,189.67999267578125,191.6999969482422,188.47000122070312,189.77000427246094,186.98512268066406,60750200,0.0,0.0,0.008985746049196441
2023-07-13 00:00:00-04:00,190.5,191.19000244140625,189.77999877929688,190.5399932861328,187.74380493164062,41342300,0.0,0.0,0.004057447138573922
2023-07-14 00:00:00-04:00,190.22999572753906,191.17999267578125,189.6300048828125,190.69000244140625,187.89158630371094,41616200,0.0,0.0,0.0007871438001596509
2023-07-17 00:00:00-04:00,191.89999389648438,194.32000732421875,191.80999755859375,193.99000549316406,191.14315795898438,50520200,0.0,0.0,0.017305573491819715
2023-07-18 00:00:00-04:00,193.35000610351562,194.3300018310547,192.4199981689453,193.72999572753906,190.88697814941406,48288200,0.0,0.0,-0.0013402510050884997
2023-07-19 00:00:00-04:00,193.10000610351562,198.22999572753906,192.64999389648438,195.10000610351562,192.23687744140625,80507300,0.0,0.0,0.007071720161736517
2023-07-20 00:00:00-04:00,195.08999633789062,196.47000122070312,192.5,193.1300048828125,190.29580688476562,59581200,0.0,0.0,-0.010097285091578034
2023-07-21 00:00:00-04:00,194.10000610351562,194.97000122070312,191.22999572753906,191.94000244140625,189.1232452392578,71951700,0.0,0.0,-0.0061617839336726155
2023-07-24 00:00:00-04:00,193.41000366210938,194.91000366210938,192.25,192.75,189.9213409423828,45377800,0.0,0.0,0.004219976778186751
2023-07-25 00:00:00-04:00,193.3300018310547,194.44000244140625,192.9199981689453,193.6199951171875,190.77859497070312,37283200,0.0,0.0,0.0045137319695967015
2023-07-26 00:00:00-04:00,193.6699981689453,195.63999938964844,193.32000732421875,194.5,191.6457061767578,47471900,0.0,0.0,0.004545117895369044
2023-07-27 00:00:00-04:00,196.02000427246094,197.1999969482422,192.5500030517578,193.22000122070312,190.38446044921875,47460200,0.0,0.0,-0.006581132198056117
2023-07-28 00:00:00-04:00,194.6699981689453,196.6300048828125,194.13999938964844,195.8300018310547,192.9561767578125,48291400,0.0,0.0,0.013508015846071197
2023-07-31 00:00:00-04:00,196.05999755859375,196.49000549316406,195.25999450683594,196.4499969482422,193.5670623779297,38824100,0.0,0.0,0.0031659293337054084
2023-08-01 00:00:00-04:00,196.24000549316406,196.72999572753906,195.27999877929688,195.61000061035156,192.73936462402344,35175100,0.0,0.0,-0.004276025805930783
2023-08-02 00:00:00-04:00,195.0399932861328,195.17999267578125,191.85000610351562,192.5800018310547,189.75387573242188,50389300,0.0,0.0,-0.01548977240547278
2023-08-03 00:00:00-04:00,191.57000732421875,192.3699951171875,190.69000244140625,191.1699981689453,188.3645477294922,61235200,0.0,0.0,-0.007321737158553887
2023-08-04 00:00:00-04:00,185.52000427246094,187.3800048828125,181.9199981689453,181.99000549316406,179.3192596435547,115956800,0.0,0.0,-0.04802011947029072
2023-08-07 00:00:00-04:00,182.1300048828125,183.1300048828125,177.35000610351562,178.85000610351562,176.225341796875,97576100,0.0,0.0,-0.017253684031652172
2023-08-08 00:00:00-04:00,179.69000244140625,180.27000427246094,177.5800018310547,179.8000030517578,177.16140747070312,67823000,0.0,0.0,0.005311754054686757
2023-08-09 00:00:00-04:00,180.8699951171875,180.92999267578125,177.00999450683594,178.19000244140625,175.57501220703125,60378500,0.0,0.0,-0.008954519420005247
2023-08-10 00:00:00-04:00,179.47999572753906,180.75,177.60000610351562,177.97000122070312,175.35824584960938,54686900,0.0,0.0,-0.0012346082434911976
2023-08-11 00:00:00-04:00,177.32000732421875,178.6199951171875,176.5500030517578,177.7899932861328,175.41744995117188,52036700,0.24,0.0,0.0003376180075003177
2023-08-14 00:00:00-04:00,177.97000122070312,179.69000244140625,177.30999755859375,179.4600067138672,177.06517028808594,43675600,0.0,0.0,0.009393138124928369
2023-08-15 00:00:00-04:00,178.8800048828125,179.47999572753906,177.0500030517578,177.4499969482422,175.08201599121094,43622600,0.0,0.0,-0.01120013774390749
2023-08-16 00:00:00-04:00,177.1300048828125,178.5399932861328,176.5,176.57000732421875,174.21376037597656,46964900,0.0,0.0,-0.004959136495652161
2023-08-17 00:00:00-04:00,177.13999938964844,177.50999450683594,173.47999572753906,174.0,171.67803955078125,66062900,0.0,0.0,-0.014555226979332092
2023-08-18 00:00:00-04:00,172.3000030517578,175.10000610351562,171.9600067138672,174.49000549316406,172.1614990234375,61172200,0.0,0.0,0.002816082207842685
2023-08-21 00:00:00-04:00,175.07000732421875,176.1300048828125,173.74000549316406,175.83999633789062,173.4934539794922,46311900,0.0,0.0,0.007736659843286864
2023-08-22 00:00:00-04:00,177.05999755859375,177.67999267578125,176.25,177.22999572753906,174.8649444580078,42038900,0.0,0.0,0.00790514251147334
2023-08-23 00:00:00-04:00,178.52000427246094,181.5500030517578,178.3300018310547,181.1199951171875,178.70303344726562,52722800,0.0,0.0,0.021948876037755527
2023-08-24 00:00:00-04:00,180.6699981689453,181.10000610351562,176.00999450683594,176.3800048828125,174.02627563476562,54945800,0.0,0.0,-0.02617055638218968
2023-08-25 00:00:00-04:00,177.3800048828125,179.14999389648438,175.82000732421875,178.61000061035156,176.22650146484375,51449600,0.0,0.0,0.012643066813058823
2023-08-28 00:00:00-04:00,180.08999633789062,180.58999633789062,178.5500030517578,180.19000244140625,177.7854461669922,43820700,0.0,0.0,0.008846255751490562
2023-08-29 00:00:00-04:00,179.6999969482422,184.89999389648438,179.5,184.1199951171875,181.66297912597656,53003900,0.0,0.0,0.021810182118857213
2023-08-30 00:00:00-04:00,184.94000244140625,187.85000610351562,184.74000549316406,187.64999389648438,185.1458740234375,60813900,0.0,0.0,0.01917228768468937
2023-08-31 00:00:00-04:00,187.83999633789062,189.1199951171875,187.47999572753906,187.8699951171875,185.3629150390625,60794500,0.0,0.0,0.0011722703342420537
2023-09-01 00:00:00-04:00,189.49000549316406,189.9199981689453,188.27999877929688,189.4600067138672,186.93173217773438,45766500,0.0,0.0,0.008463489788889333
2023-09-05 00:00:00-04:00,188.27999877929688,189.97999572753906,187.61000061035156,189.6999969482422,187.1685333251953,45280000,0.0,0.0,0.0012667787576898792
2023-09-06 00:00:00-04:00,188.39999389648438,188.85000610351562,181.47000122070312,182.91000366210938,180.46914672851562,81755800,0.0,0.0,-0.035793338109028516
2023-09-07 00:00:00-04:00,175.17999267578125,178.2100067138672,173.5399932861328,177.55999755859375,175.1905517578125,112488800,0.0,0.0,-0.029249293114040453
2023-09-08 00:00:00-04:00,178.35000610351562,180.24000549316406,177.7899932861328,178.17999267578125,175.80224609375,65551300,0.0,0.0,0.003491594322866831
2023-09-11 00:00:00-04:00,180.07000732421875,180.3000030517578,177.33999633789062,179.36000061035156,176.96649169921875,58953100,0.0,0.0,0.006622472871296026
2023-09-12 00:00:00-04:00,179.49000549316406,180.1300048828125,174.82000732421875,176.3000030517578,173.9473419189453,90370200,0.0,0.0,-0.01706057317000409
2023-09-13 00:00:00-04:00,176.50999450683594,177.3000030517578,173.97999572753906,174.2100067138672,171.88522338867188,84267900,0.0,0.0,-0.011854843583837704
2023-09-14 00:00:00-04:00,174.0,176.10000610351562,173.5800018310547,175.74000549316406,173.3948211669922,60895800,0.0,0.0,0.008782591944548779
2023-09-15 00:00:00-04:00,176.47999572753906,176.5,173.82000732421875,175.00999450683594,172.67457580566406,109259500,0.0,0.0,-0.004153788195522146
2023-09-18 00:00:00-04:00,176.47999572753906,179.3800048828125,176.1699981689453,177.97000122070312,175.59506225585938,67257600,0.0,0.0,0.016913239465444985
2023-09-19 00:00:00-04:00,177.52000427246094,179.6300048828125,177.1300048828125,179.07000732421875,176.68038940429688,51826900,0.0,0.0,0.006180852322920538
2023-09-20 00:00:00-04:00,179.25999450683594,179.6999969482422,175.39999389648438,175.49000549316406,173.14816284179688,58436200,0.0,0.0,-0.019992182349209298
2023-09-21 00:00:00-04:00,174.5500030517578,176.3000030517578,173.86000061035156,173.92999267578125,171.60897827148438,63149100,0.0,0.0,-0.008889407459199195
2023-09-22 00:00:00-04:00,174.6699981689453,177.0800018310547,174.0500030517578,174.7899932861328,172.45748901367188,56725400,0.0,0.0,0.004944442596966914
2023-09-25 00:00:00-04:00,174.1999969482422,176.97000122070312,174.14999389648438,176.0800018310547,173.7302703857422,46172700,0.0,0.0,0.0073802615319849
2023-09-26 00:00:00-04:00,174.82000732421875,175.1999969482422,171.66000366210938,171.9600067138672,169.665283203125,64588900,0.0,0.0,-0.023398266597936535
2023-09-27 00:00:00-04:00,172.6199951171875,173.0399932861328,169.0500030517578,170.42999267578125,168.15567016601562,66921800,0.0,0.0,-0.008897595363112965
2023-09-28 00:00:00-04:00,169.33999633789062,172.02999877929688,167.6199951171875,170.69000244140625,168.4122314453125,56294400,0.0,0.0,0.0015257367119621001
2023-09-29 00:00:00-04:00,172.02000427246094,173.07000732421875,170.33999633789062,171.2100067138672,168.9252471923828,51861100,0.0,0.0,0.00304619054487687
2023-10-02 00:00:00-04:00,171.22000122070312,174.3000030517578,170.92999267578125,173.75,171.4313507080078,52164500,0.0,0.0,0.014835577021656832
2023-10-03 00:00:00-04:00,172.25999450683594,173.6300048828125,170.82000732421875,172.39999389648438,170.09938049316406,49594600,0.0,0.0,-0.007769700287273862
2023-10-04 00:00:00-04:00,171.08999633789062,174.2100067138672,170.97000122070312,173.66000366210938,171.34259033203125,53020300,0.0,0.0,0.007308726435468316
2023-10-05 00:00:00-04:00,173.7899932861328,175.4499969482422,172.67999267578125,174.91000366210938,172.5758819580078,48527900,0.0,0.0,0.007197811259807896
2023-10-06 00:00:00-04:00,173.8000030517578,177.99000549316406,173.17999267578125,177.49000549316406,175.12144470214844,57266700,0.0,0.0,0.014750396841431312
2023-10-09 00:00:00-04:00,176.80999755859375,179.0500030517578,175.8000030517578,178.99000549316406,176.60145568847656,42390800,0.0,0.0,0.008451340661592699
2023-10-10 00:00:00-04:00,178.10000610351562,179.72000122070312,177.9499969482422,178.38999938964844,176.0094757080078,43698000,0.0,0.0,-0.0033520673890310437
2023-10-11 00:00:00-04:00,178.1999969482422,179.85000610351562,177.60000610351562,179.8000030517578,177.400634765625,47551100,0.0,0.0,0.007903887288006395
2023-10-12 00:00:00-04:00,180.07000732421875,182.33999633789062,179.0399932861328,180.7100067138672,178.29852294921875,56743100,0.0,0.0,0.005061358347336231
2023-10-13 00:00:00-04:00,181.4199981689453,181.92999267578125,178.13999938964844,178.85000610351562,176.4633026123047,51427100,0.0,0.0,-0.0102929643305949
2023-10-16 00:00:00-04:00,176.75,179.0800018310547,176.50999450683594,178.72000122070312,176.3350372314453,52517000,0.0,0.0,-0.0007268671670572768
2023-10-17 00:00:00-04:00,176.64999389648438,178.4199981689453,174.8000030517578,177.14999389648438,174.78599548339844,57549400,0.0,0.0,-0.008784650925690474
2023-10-18 00:00:00-04:00,175.5800018310547,177.5800018310547,175.11000061035156,175.83999633789062,173.4934539794922,54764400,0.0,0.0,-0.0073949946637974495
2023-10-19 00:00:00-04:00,176.0399932861328,177.83999633789062,175.19000244140625,175.4600067138672,173.11854553222656,59302900,0.0,0.0,-0.0021609371343194184
2023-10-20 00:00:00-04:00,175.30999755859375,175.4199981689453,172.63999938964844,172.8800048828125,170.57296752929688,64244000,0.0,0.0,-0.014704247861508368
2023-10-23 00:00:00-04:00,170.91000366210938,174.00999450683594,169.92999267578125,173.0,170.6913604736328,55980100,0.0,0.0,0.0006940897262375234
2023-10-24 00:00:00-04:00,173.0500030517578,173.6699981689453,171.4499969482422,173.44000244140625,171.12551879882812,43816600,0.0,0.0,0.0025435284128652036
2023-10-25 00:00:00-04:00,171.8800048828125,173.05999755859375,170.64999389648438,171.10000610351562,168.81674194335938,57157000,0.0,0.0,-0.013491715739853527
2023-10-26 00:00:00-04:00,170.3699951171875,171.3800048828125,165.6699981689453,166.88999938964844,164.66290283203125,70625300,0.0,0.0,-0.0246056111704952
2023-10-27 00:00:00-04:00,166.91000366210938,168.9600067138672,166.8300018310547,168.22000122070312,165.9751739501953,58499100,0.0,0.0,0.007969439962458802
2023-10-30 00:00:00-04:00,169.02000427246094,171.1699981689453,168.8699951171875,170.2899932861328,168.0175323486328,51131000,0.0,0.0,0.01230520414487013
2023-10-31 00:00:00-04:00,169.35000610351562,170.89999389648438,167.89999389648438,170.77000427246094,168.49114990234375,44846000,0.0,0.0,0.0028188579316126283
2023-11-01 00:00:00-04:00,171.0,174.22999572753906,170.1199951171875,173.97000122070312,171.64845275878906,56934900,0.0,0.0,0.018738686621079248
2023-11-02 00:00:00-04:00,175.52000427246094,177.77999877929688,175.4600067138672,177.57000732421875,175.20040893554688,77334800,0.0,0.0,0.020693202412661593
2023-11-03 00:00:00-04:00,174.24000549316406,176.82000732421875,173.35000610351562,176.64999389648438,174.2926483154297,79829200,0.0,0.0,-0.005181269984655845
2023-11-06 00:00:00-05:00,176.3800048828125,179.42999267578125,176.2100067138672,179.22999572753906,176.83824157714844,63841300,0.0,0.0,0.014605281899852773
2023-11-07 00:00:00-05:00,179.17999267578125,182.44000244140625,178.97000122070312,181.82000732421875,179.3936767578125,70530000,0.0,0.0,0.014450693231696787
2023-11-08 00:00:00-05:00,182.35000610351562,183.4499969482422,181.58999633789062,182.88999938964844,180.4494171142578,49340300,0.0,0.0,0.005885047764925488
2023-11-09 00:00:00-05:00,182.9600067138672,184.1199951171875,181.80999755859375,182.41000366210938,179.975830078125,53763500,0.0,0.0,-0.002624486372449386
2023-11-10 00:00:00-05:00,183.97000122070312,186.57000732421875,183.52999877929688,186.39999389648438,184.1548309326172,66133400,0.24,0.0,0.02321978930547597
2023-11-13 00:00:00-05:00,185.82000732421875,186.02999877929688,184.2100067138672,184.8000030517578,182.5741424560547,43627500,0.0,0.0,-0.00858347548395777
2023-11-14 00:00:00-05:00,187.6999969482422,188.11000061035156,186.3000030517578,187.44000244140625,185.1823272705078,60108400,0.0,0.0,0.014285619964398366
2023-11-15 00:00:00-05:00,187.85000610351562,189.5,187.77999877929688,188.00999450683594,185.74545288085938,53790500,0.0,0.0,0.0030409252257046493
2023-11-16 00:00:00-05:00,189.57000732421875,190.9600067138672,188.64999389648438,189.7100067138672,187.4250030517578,54412900,0.0,0.0,0.009042214196089748
2023-11-17 00:00:00-05:00,190.25,190.3800048828125,188.57000732421875,189.69000244140625,187.40524291992188,50922700,0.0,0.0,-0.00010542953989167714
2023-11-20 00:00:00-05:00,189.88999938964844,191.91000366210938,189.8800048828125,191.4499969482422,189.14402770996094,46505100,0.0,0.0,0.009278207818241402
2023-11-21 00:00:00-05:00,191.41000366210938,191.52000427246094,189.74000549316406,190.63999938964844,188.34378051757812,38134500,0.0,0.0,-0.004230887975008812
2023-11-22 00:00:00-05:00,191.49000549316406,192.92999267578125,190.8300018310547,191.30999755859375,189.00570678710938,39617700,0.0,0.0,0.003514457805361193
2023-11-24 00:00:00-05:00,190.8699951171875,190.89999389648438,189.25,189.97000122070312,187.68185424804688,24048300,0.0,0.0,-0.007004299296389238
2023-11-27 00:00:00-05:00,189.9199981689453,190.6699981689453,188.89999389648438,189.7899932861328,187.50401306152344,40552600,0.0,0.0,-0.0009475672927250489
2023-11-28 00:00:00-05:00,189.77999877929688,191.0800018310547,189.39999389648438,190.39999389648438,188.10667419433594,38415400,0.0,0.0,0.0032141239164558133
2023-11-29 00:00:00-05:00,190.89999389648438,192.08999633789062,188.97000122070312,189.3699951171875,187.08909606933594,43014200,0.0,0.0,-0.005409580119144164
2023-11-30 00:00:00-05:00,189.83999633789062,190.32000732421875,188.19000244140625,189.9499969482422,187.66212463378906,48794400,0.0,0.0,0.003062864573575963
2023-12-01 00:00:00-05:00,190.3300018310547,191.55999755859375,189.22999572753906,191.24000549316406,188.93655395507812,45704800,0.0,0.0,0.006791084369187628
2023-12-04 00:00:00-05:00,189.97999572753906,190.0500030517578,187.4499969482422,189.42999267578125,187.14834594726562,43389500,0.0,0.0,-0.009464595232522743
2023-12-05 00:00:00-05:00,190.2100067138672,194.39999389648438,190.17999267578125,193.4199981689453,191.09030151367188,66628400,0.0,0.0,0.021063266931127478
2023-12-06 00:00:00-05:00,194.4499969482422,194.75999450683594,192.11000061035156,192.32000732421875,190.0035858154297,41089700,0.0,0.0,-0.005686922306543329
2023-12-07 00:00:00-05:00,193.6300048828125,195.0,193.58999633789062,194.27000427246094,191.9300537109375,47477700,0.0,0.0,0.010139113360624563
2023-12-08 00:00:00-05:00,194.1999969482422,195.99000549316406,193.6699981689453,195.7100067138672,193.35276794433594,53406400,0.0,0.0,0.007412670428056822
2023-12-11 00:00:00-05:00,193.11000061035156,193.49000549316406,191.4199981689453,193.17999267578125,190.85317993164062,60943700,0.0,0.0,-0.012927603981417568
2023-12-12 00:00:00-05:00,193.0800018310547,194.72000122070312,191.72000122070312,194.7100067138672,192.36480712890625,52696900,0.0,0.0,0.00792036683804298
2023-12-13 00:00:00-05:00,195.08999633789062,198.0,194.85000610351562,197.9600067138672,195.57562255859375,70404200,0.0,0.0,0.016691282972232546
2023-12-14 00:00:00-05:00,198.02000427246094,199.6199951171875,196.16000366210938,198.11000061035156,195.72381591796875,66831600,0.0,0.0,0.0007577291966978095
2023-12-15 00:00:00-05:00,197.52999877929688,198.39999389648438,197.0,197.57000732421875,195.19033813476562,128538400,0.0,0.0,-0.0027256661674055493
2023-12-18 00:00:00-05:00,196.08999633789062,196.6300048828125,194.38999938964844,195.88999938964844,193.5305633544922,55751900,0.0,0.0,-0.008503365464367807
2023-12-19 00:00:00-05:00,196.16000366210938,196.9499969482422,195.88999938964844,196.94000244140625,194.56790161132812,40714100,0.0,0.0,0.0053600745993585
2023-12-20 00:00:00-05:00,196.89999389648438,197.67999267578125,194.8300018310547,194.8300018310547,192.48329162597656,52242800,0.0,0.0,-0.01071404876183435
2023-12-21 00:00:00-05:00,196.10000610351562,197.0800018310547,193.5,194.67999267578125,192.33511352539062,46482500,0.0,0.0,-0.0007698231848293213
2023-12-22 00:00:00-05:00,195.17999267578125,195.41000366210938,192.97000122070312,193.60000610351562,191.2681427001953,37149600,0.0,0.0,-0.005547457277240486
2023-12-26 00:00:00-05:00,193.61000061035156,193.88999938964844,192.8300018310547,193.0500030517578,190.72476196289062,28919300,0.0,0.0,-0.002840936967513752
2023-12-27 00:00:00-05:00,192.49000549316406,193.5,191.08999633789062,193.14999389648438,190.82354736328125,48087700,0.0,0.0,0.0005179474304959353
2023-12-28 00:00:00-05:00,194.13999938964844,194.66000366210938,193.1699981689453,193.5800018310547,191.2483673095703,34049900,0.0,0.0,0.002226244885178197
2023-12-29 00:00:00-05:00,193.89999389648438,194.39999389648438,191.72999572753906,192.52999877929688,190.2110137939453,42672100,0.0,0.0,-0.005424116975314419
2024-01-02 00:00:00-05:00,187.14999389648438,188.44000244140625,183.88999938964844,185.63999938964844,183.4040069580078,82488700,0.0,0.0,-0.035786607200945286
2024-01-03 00:00:00-05:00,184.22000122070312,185.8800048828125,183.42999267578125,184.25,182.03076171875,58414500,0.0,0.0,-0.007487542186426888
2024-01-04 00:00:00-05:00,182.14999389648438,183.08999633789062,180.8800048828125,181.91000366210938,179.7189483642578,71983600,0.0,0.0,-0.012700124597973761
2024-01-05 00:00:00-05:00,181.99000549316406,182.75999450683594,180.1699981689453,181.17999267578125,178.99774169921875,62379700,0.0,0.0,-0.004012969537175892
2024-01-08 00:00:00-05:00,182.08999633789062,185.60000610351562,181.5,185.55999755859375,183.32498168945312,59144500,0.0,0.0,0.02417483007973198
2024-01-09 00:00:00-05:00,183.9199981689453,185.14999389648438,182.72999572753906,185.13999938964844,182.9100341796875,42841800,0.0,0.0,-0.0022634531635657984
2024-01-10 00:00:00-05:00,184.35000610351562,186.39999389648438,183.9199981689453,186.19000244140625,183.9473876953125,46792900,0.0,0.0,0.005671386593290473
2024-01-11 00:00:00-05:00,186.5399932861328,187.0500030517578,183.6199951171875,185.58999633789062,183.3546142578125,49128400,0.0,0.0,-0.003222516203828185
2024-01-12 00:00:00-05:00,186.05999755859375,186.74000549316406,185.19000244140625,185.9199981689453,183.68064880371094,40477800,0.0,0.0,0.0017781638450615755
2024-01-16 00:00:00-05:00,182.16000366210938,184.25999450683594,180.92999267578125,183.6300048828125,181.41822814941406,65603000,0.0,0.0,-0.012317142110678136
2024-01-17 00:00:00-05:00,181.27000427246094,182.92999267578125,180.3000030517578,182.67999267578125,180.4796905517578,47317400,0.0,0.0,-0.005173336809812135
2024-01-18 00:00:00-05:00,186.08999633789062,189.13999938964844,185.8300018310547,188.6300048828125,186.35801696777344,78005800,0.0,0.0,0.03257057011813669
2024-01-19 00:00:00-05:00,189.3300018310547,191.9499969482422,188.82000732421875,191.55999755859375,189.252685546875,68903000,0.0,0.0,0.015532836344798184
2024-01-22 00:00:00-05:00,192.3000030517578,195.3300018310547,192.25999450683594,193.88999938964844,191.55465698242188,60133900,0.0,0.0,0.012163480950851291
2024-01-23 00:00:00-05:00,195.02000427246094,195.75,193.8300018310547,195.17999267578125,192.82908630371094,42355600,0.0,0.0,0.006653084510527041
2024-01-24 00:00:00-05:00,195.4199981689453,196.3800048828125,194.33999633789062,194.5,192.1573028564453,53631300,0.0,0.0,-0.003483828400283717
2024-01-25 00:00:00-05:00,195.22000122070312,196.27000427246094,193.11000061035156,194.1699981689453,191.83128356933594,54822100,0.0,0.0,-0.0016966270980236509
2024-01-26 00:00:00-05:00,194.27000427246094,194.75999450683594,191.94000244140625,192.4199981689453,190.10235595703125,44594000,0.0,0.0,-0.00901275110156774
2024-01-29 00:00:00-05:00,192.00999450683594,192.1999969482422,189.5800018310547,191.72999572753906,189.42063903808594,47145600,0.0,0.0,-0.003586051921941502
2024-01-30 00:00:00-05:00,190.94000244140625,191.8000030517578,187.47000122070312,188.0399932861328,185.7751007080078,55859400,0.0,0.0,-0.019245729233049014
2024-01-31 00:00:00-05:00,187.0399932861328,187.10000610351562,184.35000610351562,184.39999389648438,182.17892456054688,55467800,0.0,0.0,-0.01935768643782476
2024-02-01 00:00:00-05:00,183.99000549316406,186.9499969482422,183.82000732421875,186.86000061035156,184.6093292236328,64885400,0.0,0.0,0.013340756451101887
2024-02-02 00:00:00-05:00,179.86000061035156,187.3300018310547,179.25,185.85000610351562,183.61151123046875,102551700,0.0,0.0,-0.005405024747992648
2024-02-05 00:00:00-05:00,188.14999389648438,189.25,185.83999633789062,187.67999267578125,185.41941833496094,69668800,0.0,0.0,0.00984637124533494
2024-02-06 00:00:00-05:00,186.86000061035156,189.30999755859375,186.77000427246094,189.3000030517578,187.0199432373047,43490800,0.0,0.0,0.008631916315541499
2024-02-07 00:00:00-05:00,190.63999938964844,191.0500030517578,188.61000061035156,189.41000366210938,187.1286163330078,53439000,0.0,0.0,0.0005810775782624233
2024-02-08 00:00:00-05:00,189.38999938964844,189.5399932861328,187.35000610351562,188.32000732421875,186.0517578125,40962000,0.0,0.0,-0.005754643739744547
2024-02-09 00:00:00-05:00,188.64999389648438,189.99000549316406,188.0,188.85000610351562,186.8134307861328,45155200,0.24,0.0,0.0040938767931471
2024-02-12 00:00:00-05:00,188.4199981689453,188.6699981689453,186.7899932861328,187.14999389648438,185.1317596435547,41781900,0.0,0.0,-0.009001874948184718
2024-02-13 00:00:00-05:00,185.77000427246094,186.2100067138672,183.50999450683594,185.0399932861328,183.04449462890625,56529500,0.0,0.0,-0.011274483744264985
2024-02-14 00:00:00-05:00,185.32000732421875,185.52999877929688,182.44000244140625,184.14999389648438,182.1641082763672,54630500,0.0,0.0,-0.004809684958424487
2024-02-15 00:00:00-05:00,183.5500030517578,184.49000549316406,181.35000610351562,183.86000061035156,181.8772430419922,65434500,0.0,0.0,-0.0015747626526944059
2024-02-16 00:00:00-05:00,183.4199981689453,184.85000610351562,181.6699981689453,182.30999755859375,180.34393310546875,49752500,0.0,0.0,-0.0084304661258221
2024-02-20 00:00:00-05:00,181.7899932861328,182.42999267578125,180.0,181.55999755859375,179.60203552246094,53665600,0.0,0.0,-0.004113792852537657
2024-02-21 00:00:00-05:00,181.94000244140625,182.88999938964844,180.66000366210938,182.32000732421875,180.3538360595703,41371400,0.0,0.0,0.004185924368409255
2024-02-22 00:00:00-05:00,183.47999572753906,184.9600067138672,182.4600067138672,184.3699951171875,182.38172912597656,52292200,0.0,0.0,0.011243969691536959
2024-02-23 00:00:00-05:00,185.00999450683594,185.0399932861328,182.22999572753906,182.52000427246094,180.5516815185547,45119700,0.0,0.0,-0.010034160856967289
2024-02-26 00:00:00-05:00,182.24000549316406,182.75999450683594,180.64999389648438,181.16000366210938,179.2063446044922,40867400,0.0,0.0,-0.00745125663049695
2024-02-27 00:00:00-05:00,181.10000610351562,183.9199981689453,179.55999755859375,182.6300048828125,180.6604766845703,54318900,0.0,0.0,0.008114289052027601
2024-02-28 00:00:00-05:00,182.50999450683594,183.1199951171875,180.1300048828125,181.4199981689453,179.4635467529297,48953900,0.0,0.0,-0.006625300417702595
2024-02-29 00:00:00-05:00,181.27000427246094,182.57000732421875,179.52999877929688,180.75,178.80076599121094,136682600,0.0,0.0,-0.003693121938747823
2024-03-01 00:00:00-05:00,179.5500030517578,180.52999877929688,177.3800048828125,179.66000366210938,177.7225341796875,73563100,0.0,0.0,-0.006030353424640422
2024-03-04 00:00:00-05:00,176.14999389648438,176.89999389648438,173.7899932861328,175.10000610351562,173.2117156982422,81510100,0.0,0.0,-0.02538124105795514
2024-03-05 00:00:00-05:00,170.75999450683594,172.0399932861328,169.6199951171875,170.1199951171875,168.285400390625,95132400,0.0,0.0,-0.02844100520428705
2024-03-06 00:00:00-05:00,171.05999755859375,171.24000549316406,168.67999267578125,169.1199951171875,167.2961883544922,68587700,0.0,0.0,-0.005878180958280632
2024-03-07 00:00:00-05:00,169.14999389648438,170.72999572753906,168.49000549316406,169.0,167.177490234375,71765100,0.0,0.0,-0.0007095088135880001
2024-03-08 00:00:00-05:00,169.0,173.6999969482422,168.94000244140625,170.72999572753906,168.88880920410156,76267000,0.0,0.0,0.010236539424819613
2024-03-11 00:00:00-04:00,172.94000244140625,174.3800048828125,172.0500030517578,172.75,170.8870391845703,60139500,0.0,0.0,0.011831630466728527
2024-03-12 00:00:00-04:00,173.14999389648438,174.02999877929688,171.00999450683594,173.22999572753906,171.3618621826172,59825400,0.0,0.0,0.0027785781783837837
2024-03-13 00:00:00-04:00,172.77000427246094,173.19000244140625,170.75999450683594,171.1300048828125,169.28451538085938,52488700,0.0,0.0,-0.012122573688794436
2024-03-14 00:00:00-04:00,172.91000366210938,174.30999755859375,172.0500030517578,173.0,171.13433837890625,72913500,0.0,0.0,0.010927301849700255
2024-03-15 00:00:00-04:00,171.1699981689453,172.6199951171875,170.2899932861328,172.6199951171875,170.75845336914062,121752700,0.0,0.0,-0.002196432424528272
2024-03-18 00:00:00-04:00,175.57000732421875,177.7100067138672,173.52000427246094,173.72000122070312,171.8466033935547,75604200,0.0,0.0,0.006372451863696282
2024-03-19 00:00:00-04:00,174.33999633789062,176.61000061035156,173.02999877929688,176.0800018310547,174.18112182617188,55215200,0.0,0.0,0.013584897149644393
2024-03-20 00:00:00-04:00,175.72000122070312,178.6699981689453,175.08999633789062,178.6699981689453,176.74322509765625,53423100,0.0,0.0,0.014709419968263138
2024-03-21 00:00:00-04:00,177.0500030517578,177.49000549316406,170.83999633789062,171.3699951171875,169.52191162109375,106181300,0.0,0.0,-0.04085765365304661
2024-03-22 00:00:00-04:00,171.75999450683594,173.0500030517578,170.05999755859375,172.27999877929688,170.422119140625,71160100,0.0,0.0,0.0053102723472311375
2024-03-25 00:00:00-04:00,170.57000732421875,171.94000244140625,169.4499969482422,170.85000610351562,169.00755310058594,54288300,0.0,0.0,-0.008300366449919716
2024-03-26 00:00:00-04:00,170.0,171.4199981689453,169.5800018310547,169.7100067138672,167.87982177734375,57388400,0.0,0.0,-0.0066726681888058526
2024-03-27 00:00:00-04:00,170.41000366210938,173.60000610351562,170.11000061035156,173.30999755859375,171.44100952148438,60273300,0.0,0.0,0.021212720542816532
2024-03-28 00:00:00-04:00,171.75,172.22999572753906,170.50999450683594,171.47999572753906,169.63075256347656,65672700,0.0,0.0,-0.010559066136279105
2024-04-01 00:00:00-04:00,171.19000244140625,171.25,169.47999572753906,170.02999877929688,168.19639587402344,46240500,0.0,0.0,-0.008455758568402194
2024-04-02 00:00:00-04:00,169.0800018310547,169.33999633789062,168.22999572753906,168.83999633789062,167.0192108154297,49329500,0.0,0.0,-0.006998872077350837
2024-04-03 00:00:00-04:00,168.7899932861328,170.67999267578125,168.5800018310547,169.64999389648438,167.8204803466797,47691700,0.0,0.0,0.004797469269181676
2024-04-04 00:00:00-04:00,170.2899932861328,171.9199981689453,168.82000732421875,168.82000732421875,166.99940490722656,53704400,0.0,0.0,-0.004892581869370027
2024-04-05 00:00:00-04:00,169.58999633789062,170.38999938964844,168.9499969482422,169.5800018310547,167.75123596191406,42104800,0.0,0.0,0.0045019984059533336
2024-04-08 00:00:00-04:00,169.02999877929688,169.1999969482422,168.24000549316406,168.4499969482422,166.63340759277344,37425500,0.0,0.0,-0.006663607351271139
2024-04-09 00:00:00-04:00,168.6999969482422,170.0800018310547,168.35000610351562,169.6699981689453,167.8402557373047,42373800,0.0,0.0,0.0072425341470576665
2024-04-10 00:00:00-04:00,168.8000030517578,169.08999633789062,167.11000061035156,167.77999877929688,165.97064208984375,49709300,0.0,0.0,-0.011139244511085389
2024-04-11 00:00:00-04:00,168.33999633789062,175.4600067138672,168.16000366210938,175.0399932861328,173.15234375,91070300,0.0,0.0,0.04327091568561037
2024-04-12 00:00:00-04:00,174.25999450683594,178.36000061035156,174.2100067138672,176.5500030517578,174.64608764648438,101670900,0.0,0.0,0.008626761059850718
2024-04-15 00:00:00-04:00,175.36000061035156,176.6300048828125,172.5,172.69000244140625,170.8277130126953,73531800,0.0,0.0,-0.021863499407545617
2024-04-16 00:00:00-04:00,171.75,173.75999450683594,168.27000427246094,169.3800048828125,167.55340576171875,73711200,0.0,0.0,-0.019167307184714377
2024-04-17 00:00:00-04:00,169.61000061035156,170.64999389648438,168.0,168.0,166.18829345703125,50901200,0.0,0.0,-0.008147326510502872
2024-04-18 00:00:00-04:00,168.02999877929688,168.63999938964844,166.5500030517578,167.0399932861328,165.23863220214844,43122900,0.0,0.0,-0.005714369135924491
2024-04-19 00:00:00-04:00,166.2100067138672,166.39999389648438,164.0800018310547,165.0,163.22059631347656,68149400,0.0,0.0,-0.01221285762159463
2024-04-22 00:00:00-04:00,165.52000427246094,167.25999450683594,164.77000427246094,165.83999633789062,164.0515594482422,48116400,0.0,0.0,0.005091043370345938
2024-04-23 00:00:00-04:00,165.35000610351562,167.0500030517578,164.9199981689453,166.89999389648438,165.10011291503906,49537800,0.0,0.0,0.0063916092618898634
2024-04-24 00:00:00-04:00,166.5399932861328,169.3000030517578,166.2100067138672,169.02000427246094,167.197265625,48251800,0.0,0.0,0.012702309362078612
2024-04-25 00:00:00-04:00,169.52999877929688,170.61000061035156,168.14999389648438,169.88999938964844,168.05787658691406,50558300,0.0,0.0,0.005147278926464605
2024-04-26 00:00:00-04:00,169.8800048828125,171.33999633789062,169.17999267578125,169.3000030517578,167.47425842285156,44838400,0.0,0.0,-0.0034727212786166417
2024-04-29 00:00:00-04:00,173.3699951171875,176.02999877929688,173.10000610351562,173.5,171.62896728515625,68169400,0.0,0.0,0.024808044540281404
2024-04-30 00:00:00-04:00,173.3300018310547,174.99000549316406,170.0,170.3300018310547,168.49314880371094,65934800,0.0,0.0,-0.018270916215648136
2024-05-01 00:00:00-04:00,169.5800018310547,172.7100067138672,169.11000061035156,169.3000030517578,167.47425842285156,50383100,0.0,0.0,-0.0060470730596076105
2024-05-02 00:00:00-04:00,172.50999450683594,173.4199981689453,170.88999938964844,173.02999877929688,171.1640167236328,94214900,0.0,0.0,0.02203179363520502
2024-05-03 00:00:00-04:00,186.64999389648438,187.0,182.66000366210938,183.3800048828125,181.4024200439453,163224100,0.0,0.0,0.05981633006920939
2024-05-06 00:00:00-04:00,182.35000610351562,184.1999969482422,180.4199981689453,181.7100067138672,179.75039672851562,78569700,0.0,0.0,-0.009106953011042918
2024-05-07 00:00:00-04:00,183.4499969482422,184.89999389648438,181.32000732421875,182.39999389648438,180.4329833984375,77305800,0.0,0.0,0.0037974139826395525
2024-05-08 00:00:00-04:00,182.85000610351562,183.07000732421875,181.4499969482422,182.74000549316406,180.76930236816406,45057100,0.0,0.0,0.0018639550452030917
2024-05-09 00:00:00-04:00,182.55999755859375,184.66000366210938,182.11000061035156,184.57000732421875,182.57962036132812,48983000,0.0,0.0,0.0100145211020235
2024-05-10 00:00:00-04:00,184.89999389648438,185.08999633789062,182.1300048828125,183.0500030517578,181.32159423828125,50759500,0.25,0.0,-0.006890287758059888
2024-05-13 00:00:00-04:00,185.44000244140625,187.10000610351562,184.6199951171875,186.27999877929688,184.52108764648438,72044800,0.0,0.0,0.017645407441093663
2024-05-14 00:00:00-04:00,187.50999450683594,188.3000030517578,186.2899932861328,187.42999267578125,185.66021728515625,52393600,0.0,0.0,0.006173438782532514
2024-05-15 00:00:00-04:00,187.91000366210938,190.64999389648438,187.3699951171875,189.72000122070312,187.92857360839844,70400000,0.0,0.0,0.012217783413224215
2024-05-16 00:00:00-04:00,190.47000122070312,191.10000610351562,189.66000366210938,189.83999633789062,188.04745483398438,52845200,0.0,0.0,0.0006325872819832323
2024-05-17 00:00:00-04:00,189.50999450683594,190.80999755859375,189.17999267578125,189.8699951171875,188.0771942138672,41282900,0.0,0.0,0.00015814827118543207
2024-05-20 00:00:00-04:00,189.3300018310547,191.9199981689453,189.00999450683594,191.0399932861328,189.23611450195312,44361300,0.0,0.0,0.006161939478787071
2024-05-21 00:00:00-04:00,191.08999633789062,192.72999572753906,190.9199981689453,192.35000610351562,190.53375244140625,42309400,0.0,0.0,0.006857242566348232
2024-05-22 00:00:00-04:00,192.27000427246094,192.82000732421875,190.27000427246094,190.89999389648438,189.09747314453125,34648500,0.0,0.0,-0.007538188265707402
2024-05-23 00:00:00-04:00,190.97999572753906,191.0,186.6300048828125,186.8800048828125,185.11541748046875,51005900,0.0,0.0,-0.021058217213822505
2024-05-24 00:00:00-04:00,188.82000732421875,190.5800018310547,188.0399932861328,189.97999572753906,188.18614196777344,36327000,0.0,0.0,0.016588161748486874
2024-05-28 00:00:00-04:00,191.50999450683594,193.0,189.10000610351562,189.99000549316406,188.196044921875,52280100,0.0,0.0,5.26231846724734e-05
2024-05-29 00:00:00-04:00,189.61000061035156,192.25,189.50999450683594,190.2899932861328,188.4932098388672,53068000,0.0,0.0,0.001579017864671739
2024-05-30 00:00:00-04:00,190.75999450683594,192.17999267578125,190.6300048828125,191.2899932861328,189.48374938964844,49889100,0.0,0.0,0.005255041025764351
2024-05-31 00:00:00-04:00,191.44000244140625,192.57000732421875,189.91000366210938,192.25,190.43470764160156,75158300,0.0,0.0,0.005018679728558739
2024-06-03 00:00:00-04:00,192.89999389648438,194.99000549316406,192.52000427246094,194.02999877929688,192.19790649414062,50080500,0.0,0.0,0.009258810404757734
2024-06-04 00:00:00-04:00,194.63999938964844,195.32000732421875,193.02999877929688,194.35000610351562,192.51486206054688,47471400,0.0,0.0,0.0016491103997322565
2024-06-05 00:00:00-04:00,195.39999389648438,196.89999389648438,194.8699951171875,195.8699951171875,194.0205078125,54156800,0.0,0.0,0.007820932554701177
2024-06-06 00:00:00-04:00,195.69000244140625,196.5,194.1699981689453,194.47999572753906,192.6436309814453,41181800,0.0,0.0,-0.007096553073581702
2024-06-07 00:00:00-04:00,194.64999389648438,196.94000244140625,194.13999938964844,196.88999938964844,195.03089904785156,53103900,0.0,0.0,0.012392146339040844
2024-06-10 00:00:00-04:00,196.89999389648438,197.3000030517578,192.14999389648438,193.1199951171875,191.29647827148438,97010200,0.0,0.0,-0.019147841673287536
2024-06-11 00:00:00-04:00,193.64999389648438,207.16000366210938,193.6300048828125,207.14999389648438,205.1940155029297,172373300,0.0,0.0,0.07264920586631085
2024-06-12 00:00:00-04:00,207.3699951171875,220.1999969482422,206.89999389648438,213.07000732421875,211.05810546875,198134300,0.0,0.0,0.02857826994343604
2024-06-13 00:00:00-04:00,214.74000549316406,216.75,211.60000610351562,214.24000549316406,212.21705627441406,97862700,0.0,0.0,0.0054911456875350595
2024-06-14 00:00:00-04:00,213.85000610351562,215.1699981689453,211.3000030517578,212.49000549316406,210.48361206054688,70122700,0.0,0.0,-0.008168260573861219
2024-06-17 00:00:00-04:00,213.3699951171875,218.9499969482422,212.72000122070312,216.6699981689453,214.62413024902344,93728300,0.0,0.0,0.019671451605864254
2024-06-18 00:00:00-04:00,217.58999633789062,218.6300048828125,213.0,214.2899932861328,212.2665557861328,79943300,0.0,0.0,-0.010984666356738115
2024-06-20 00:00:00-04:00,213.92999267578125,214.24000549316406,208.85000610351562,209.67999267578125,207.7001190185547,86172500,0.0,0.0,-0.021512747265654997
2024-06-21 00:00:00-04:00,210.38999938964844,211.88999938964844,207.11000061035156,207.49000549316406,205.53079223632812,241805100,0.0,0.0,-0.010444513910137787
2024-06-24 00:00:00-04:00,207.72000122070312,212.6999969482422,206.58999633789062,208.13999938964844,206.1746826171875,80727000,0.0,0.0,0.003132817101775265
2024-06-25 00:00:00-04:00,209.14999389648438,211.3800048828125,208.61000061035156,209.07000732421875,207.09588623046875,55549700,0.0,0.0,0.0044680733909103765
2024-06-26 00:00:00-04:00,211.5,214.86000061035156,210.63999938964844,213.25,211.23638916015625,66213200,0.0,0.0,0.01999316840644383
2024-06-27 00:00:00-04:00,214.69000244140625,215.74000549316406,212.35000610351562,214.10000610351562,212.07838439941406,49772700,0.0,0.0,0.003986033100667363
2024-06-28 00:00:00-04:00,215.77000427246094,216.07000732421875,210.3000030517578,210.6199951171875,208.63124084472656,82542700,0.0,0.0,-0.016254101352429107
2024-07-01 00:00:00-04:00,212.08999633789062,217.50999450683594,211.9199981689453,216.75,214.70339965820312,60402900,0.0,0.0,0.029104743800070443
2024-07-02 00:00:00-04:00,216.14999389648438,220.3800048828125,215.10000610351562,220.27000427246094,218.1901092529297,58046200,0.0,0.0,0.0162396571282859
2024-07-03 00:00:00-04:00,220.0,221.5500030517578,219.02999877929688,221.5500030517578,219.45803833007812,37369800,0.0,0.0,0.0058111207766922135
2024-07-05 00:00:00-04:00,221.64999389648438,226.4499969482422,221.64999389648438,226.33999633789062,224.20281982421875,60412400,0.0,0.0,0.021620449769099714
2024-07-08 00:00:00-04:00,227.08999633789062,227.85000610351562,223.25,227.82000732421875,225.6688232421875,59085900,0.0,0.0,0.006538737644415704
2024-07-09 00:00:00-04:00,227.92999267578125,229.39999389648438,226.3699951171875,228.67999267578125,226.52072143554688,48076100,0.0,0.0,0.0037749928462431637
2024-07-10 00:00:00-04:00,229.3000030517578,233.0800018310547,229.25,232.97999572753906,230.78012084960938,62627700,0.0,0.0,0.01880357517435538
2024-07-11 00:00:00-04:00,231.38999938964844,232.38999938964844,225.77000427246094,227.57000732421875,225.4212188720703,64710600,0.0,0.0,-0.023220812771093335
2024-07-12 00:00:00-04:00,228.9199981689453,232.63999938964844,228.67999267578125,230.5399932861328,228.3631591796875,53046500,0.0,0.0,0.013050857955331896
2024-07-15 00:00:00-04:00,236.47999572753906,237.22999572753906,233.08999633789062,234.39999389648438,232.18670654296875,62631300,0.0,0.0,0.0167432758287982
2024-07-16 00:00:00-04:00,235.0,236.27000427246094,232.3300018310547,234.82000732421875,232.60275268554688,43234300,0.0,0.0,0.0017918603040314451
2024-07-17 00:00:00-04:00,229.4499969482422,231.4600067138672,226.63999938964844,228.8800048828125,226.71884155273438,57345900,0.0,0.0,-0.025295965180458957
2024-07-18 00:00:00-04:00,230.27999877929688,230.44000244140625,222.27000427246094,224.17999267578125,222.06317138671875,66034600,0.0,0.0,-0.020534994507427018
2024-07-19 00:00:00-04:00,224.82000732421875,226.8000030517578,223.27999877929688,224.30999755859375,222.19200134277344,49151500,0.0,0.0,0.0005801500323092679
2024-07-22 00:00:00-04:00,227.00999450683594,227.77999877929688,223.08999633789062,223.9600067138672,221.84527587890625,48201800,0.0,0.0,-0.0015604768028183447
2024-07-23 00:00:00-04:00,224.3699951171875,226.94000244140625,222.67999267578125,225.00999450683594,222.8853759765625,39960300,0.0,0.0,0.004688403183415124
2024-07-24 00:00:00-04:00,224.0,224.8000030517578,217.1300048828125,218.5399932861328,216.47647094726562,61777600,0.0,0.0,-0.02875426438911277
2024-07-25 00:00:00-04:00,218.92999267578125,220.85000610351562,214.6199951171875,217.49000549316406,215.43638610839844,51391200,0.0,0.0,-0.0048046091767661725
2024-07-26 00:00:00-04:00,218.6999969482422,219.49000549316406,216.00999450683594,217.9600067138672,215.90196228027344,41601300,0.0,0.0,0.0021610842081278836
2024-07-29 00:00:00-04:00,216.9600067138672,219.3000030517578,215.75,218.24000549316406,216.17929077148438,36311800,0.0,0.0,0.001284511211856909
2024-07-30 00:00:00-04:00,219.19000244140625,220.3300018310547,216.1199951171875,218.8000030517578,216.73399353027344,41643800,0.0,0.0,0.0025659384708380806
2024-07-31 00:00:00-04:00,221.44000244140625,223.82000732421875,220.6300048828125,222.0800018310547,219.9830322265625,50036300,0.0,0.0,0.014990904949274686
2024-08-01 00:00:00-04:00,224.3699951171875,224.47999572753906,217.02000427246094,218.36000061035156,216.29818725585938,62501000,0.0,0.0,-0.016750587231237346
2024-08-02 00:00:00-04:00,219.14999389648438,225.60000610351562,217.7100067138672,219.86000061035156,217.7840118408203,105568600,0.0,0.0,0.006869334430451568
2024-08-05 00:00:00-04:00,199.08999633789062,213.5,196.0,209.27000427246094,207.29397583007812,119548600,0.0,0.0,-0.04816715387908921
2024-08-06 00:00:00-04:00,205.3000030517578,209.99000549316406,201.07000732421875,207.22999572753906,205.2732391357422,69660500,0.0,0.0,-0.009748168928904954
2024-08-07 00:00:00-04:00,206.89999389648438,213.63999938964844,206.38999938964844,209.82000732421875,207.8388214111328,63516400,0.0,0.0,0.012498376730412764
2024-08-08 00:00:00-04:00,213.11000061035156,214.1999969482422,208.8300018310547,213.30999755859375,211.2958526611328,47161100,0.0,0.0,0.01663323159036545
2024-08-09 00:00:00-04:00,212.10000610351562,216.77999877929688,211.97000122070312,216.24000549316406,214.19818115234375,42201600,0.0,0.0,0.013735851672704413
2024-08-12 00:00:00-04:00,216.07000732421875,219.50999450683594,215.60000610351562,217.52999877929688,215.7253875732422,38028100,0.25,0.0,0.007129875765902183
2024-08-13 00:00:00-04:00,219.00999450683594,221.88999938964844,219.00999450683594,221.27000427246094,219.43438720703125,44155300,0.0,0.0,0.017193153181981335
2024-08-14 00:00:00-04:00,220.57000732421875,223.02999877929688,219.6999969482422,221.72000122070312,219.88064575195312,41960600,0.0,0.0,0.0020336764469865987
2024-08-15 00:00:00-04:00,224.60000610351562,225.35000610351562,222.75999450683594,224.72000122070312,222.8557586669922,46414000,0.0,0.0,0.01353058112443084
2024-08-16 00:00:00-04:00,223.9199981689453,226.8300018310547,223.64999389648438,226.0500030517578,224.1747283935547,44340200,0.0,0.0,0.005918490661636522
2024-08-19 00:00:00-04:00,225.72000122070312,225.99000549316406,223.0399932861328,225.88999938964844,224.0160369873047,40687800,0.0,0.0,-0.0007078915959314314
2024-08-20 00:00:00-04:00,225.77000427246094,227.1699981689453,225.4499969482422,226.50999450683594,224.6309051513672,30299000,0.0,0.0,0.0027447506541566913
2024-08-21 00:00:00-04:00,226.52000427246094,227.97999572753906,225.0500030517578,226.39999389648438,224.5218505859375,34765500,0.0,0.0,-0.00048548335482245797
2024-08-22 00:00:00-04:00,227.7899932861328,228.33999633789062,223.89999389648438,224.52999877929688,222.66732788085938,43695300,0.0,0.0,-0.008259876267001864
2024-08-23 00:00:00-04:00,225.66000366210938,228.22000122070312,224.3300018310547,226.83999633789062,224.9581756591797,38677300,0.0,0.0,0.010288207974301633
2024-08-26 00:00:00-04:00,226.75999450683594,227.27999877929688,223.88999938964844,227.17999267578125,225.2953643798828,30602200,0.0,0.0,0.001498895160022995
2024-08-27 00:00:00-04:00,226.0,228.85000610351562,224.88999938964844,228.02999877929688,226.13832092285156,35934600,0.0,0.0,0.0037415618616429835
2024-08-28 00:00:00-04:00,227.9199981689453,229.86000061035156,225.67999267578125,226.49000549316406,224.611083984375,38052200,0.0,0.0,-0.006753552127936713
2024-08-29 00:00:00-04:00,230.10000610351562,232.9199981689453,228.8800048828125,229.7899932861328,227.88369750976562,51906300,0.0,0.0,0.014570133705504418
2024-08-30 00:00:00-04:00,230.19000244140625,230.39999389648438,227.47999572753906,229.0,227.10028076171875,52990800,0.0,0.0,-0.0034377919816458435
2024-09-03 00:00:00-04:00,228.5500030517578,229.0,221.1699981689453,222.77000427246094,220.9219512939453,50190600,0.0,0.0,-0.02720529207207778
2024-09-04 00:00:00-04:00,221.66000366210938,221.77999877929688,217.47999572753906,220.85000610351562,219.01788330078125,43840200,0.0,0.0,-0.008618736083091272
2024-09-05 00:00:00-04:00,221.6300048828125,225.47999572753906,221.52000427246094,222.3800048828125,220.5352020263672,36615400,0.0,0.0,0.006927830288187886
2024-09-06 00:00:00-04:00,223.9499969482422,225.24000549316406,219.77000427246094,220.82000732421875,218.98812866210938,48423000,0.0,0.0,-0.007015085800555543
2024-09-09 00:00:00-04:00,220.82000732421875,221.27000427246094,216.7100067138672,220.91000366210938,219.07737731933594,67180000,0.0,0.0,0.0004075502072728998
2024-09-10 00:00:00-04:00,218.9199981689453,221.47999572753906,216.72999572753906,220.11000061035156,218.2840118408203,51591000,0.0,0.0,-0.0036213939030280695
2024-09-11 00:00:00-04:00,221.4600067138672,223.08999633789062,217.88999938964844,222.66000366210938,220.8128662109375,44587100,0.0,0.0,0.01158515618615863
2024-09-12 00:00:00-04:00,222.5,223.5500030517578,219.82000732421875,222.77000427246094,220.9219512939453,37455600,0.0,0.0,0.0004940159732522709
2024-09-13 00:00:00-04:00,223.5800018310547,224.0399932861328,221.91000366210938,222.5,220.6541748046875,36766600,0.0,0.0,-0.0012120863847591146
2024-09-16 00:00:00-04:00,216.5399932861328,217.22000122070312,213.9199981689453,216.32000732421875,214.52545166015625,59357400,0.0,0.0,-0.027775242185905213
2024-09-17 00:00:00-04:00,215.75,216.89999389648438,214.5,216.7899932861328,214.99154663085938,45519300,0.0,0.0,0.002172679125465704
2024-09-18 00:00:00-04:00,217.5500030517578,222.7100067138672,217.5399932861328,220.69000244140625,218.85919189453125,59894900,0.0,0.0,0.017989755059126145
2024-09-19 00:00:00-04:00,224.99000549316406,229.82000732421875,224.6300048828125,228.8699951171875,226.97134399414062,66781300,0.0,0.0,0.03706562209879061
2024-09-20 00:00:00-04:00,229.97000122070312,233.08999633789062,227.6199951171875,228.1999969482422,226.306884765625,318679900,0.0,0.0,-0.0029275027270966314
2024-09-23 00:00:00-04:00,227.33999633789062,229.4499969482422,225.80999755859375,226.47000122070312,224.5912628173828,54146000,0.0,0.0,-0.007580953403246937
2024-09-24 00:00:00-04:00,228.64999389648438,229.35000610351562,225.72999572753906,227.3699951171875,225.4838104248047,43556100,0.0,0.0,0.003974097639531049
2024-09-25 00:00:00-04:00,224.92999267578125,227.2899932861328,224.02000427246094,226.3699951171875,224.49208068847656,42308700,0.0,0.0,-0.004398230340616149
2024-09-26 00:00:00-04:00,227.3000030517578,228.5,225.41000366210938,227.52000427246094,225.63255310058594,36636700,0.0,0.0,0.005080234494739155
2024-09-27 00:00:00-04:00,228.4600067138672,229.52000427246094,227.3000030517578,227.7899932861328,225.90029907226562,34026000,0.0,0.0,0.0011866460224838615
2024-09-30 00:00:00-04:00,230.0399932861328,233.0,229.64999389648438,233.0,231.06707763671875,54541900,0.0,0.0,0.022871942116376998
2024-10-01 00:00:00-04:00,229.52000427246094,229.64999389648438,223.74000549316406,226.2100067138672,224.33340454101562,63285000,0.0,0.0,-0.02914163785067525
2024-10-02 00:00:00-04:00,225.88999938964844,227.3699951171875,223.02000427246094,226.77999877929688,224.898681640625,32880600,0.0,0.0,0.002519807965139842
2024-10-03 00:00:00-04:00,225.13999938964844,226.80999755859375,223.32000732421875,225.6699981689453,223.79788208007812,34044200,0.0,0.0,-0.004894646569364447
2024-10-04 00:00:00-04:00,227.89999389648438,228.0,224.1300048828125,226.8000030517578,224.91851806640625,37245100,0.0,0.0,0.005007357424084757
2024-10-07 00:00:00-04:00,224.5,225.69000244140625,221.3300018310547,221.69000244140625,219.8509063720703,39505400,0.0,0.0,-0.022530878017077094
2024-10-08 00:00:00-04:00,224.3000030517578,225.97999572753906,223.25,225.77000427246094,223.8970489501953,31855700,0.0,0.0,0.018404029552998136
2024-10-09 00:00:00-04:00,225.22999572753906,229.75,224.8300018310547,229.5399932861328,227.63577270507812,33591100,0.0,0.0,0.016698405684277162
2024-10-10 00:00:00-04:00,227.77999877929688,229.5,227.1699981689453,229.0399932861328,227.1399383544922,28183500,0.0,0.0,-0.00217819169937028
2024-10-11 00:00:00-04:00,229.3000030517578,229.41000366210938,227.33999633789062,227.5500030517578,225.66229248046875,31759200,0.0,0.0,-0.006505442788829585
2024-10-14 00:00:00-04:00,228.6999969482422,231.72999572753906,228.60000610351562,231.3000030517578,229.38119506835938,39882100,0.0,0.0,0.016479946857814065
2024-10-15 00:00:00-04:00,233.61000061035156,237.49000549316406,232.3699951171875,233.85000610351562,231.9100341796875,64751400,0.0,0.0,0.011024613899035973
2024-10-16 00:00:00-04:00,231.60000610351562,232.1199951171875,229.83999633789062,231.77999877929688,229.85719299316406,34082200,0.0,0.0,-0.008851886007368082
2024-10-17 00:00:00-04:00,233.42999267578125,233.85000610351562,230.52000427246094,232.14999389648438,230.22413635253906,32993800,0.0,0.0,0.0015963971133412524
2024-10-18 00:00:00-04:00,236.17999267578125,236.17999267578125,234.00999450683594,235.0,233.0504913330078,46431500,0.0,0.0,0.012276536358206913
2024-10-21 00:00:00-04:00,234.4499969482422,236.85000610351562,234.4499969482422,236.47999572753906,234.51821899414062,36254500,0.0,0.0,0.006297895587937585
2024-10-22 00:00:00-04:00,233.88999938964844,236.22000122070312,232.60000610351562,235.86000061035156,233.90335083007812,38846600,0.0,0.0,-0.0026218353810620876
2024-10-23 00:00:00-04:00,234.0800018310547,235.13999938964844,227.75999450683594,230.75999450683594,228.84564208984375,52287000,0.0,0.0,-0.02162307090636173
2024-10-24 00:00:00-04:00,229.97999572753906,230.82000732421875,228.41000366210938,230.57000732421875,228.65725708007812,31109500,0.0,0.0,-0.0008231968415272073
2024-10-25 00:00:00-04:00,229.74000549316406,233.22000122070312,229.57000732421875,231.41000366210938,229.49026489257812,38802300,0.0,0.0,0.0036430412187105077
2024-10-28 00:00:00-04:00,233.32000732421875,234.72999572753906,232.5500030517578,233.39999389648438,231.4637451171875,36087100,0.0,0.0,0.00859940714928853
2024-10-29 00:00:00-04:00,233.10000610351562,234.3300018310547,232.32000732421875,233.6699981689453,231.7315216064453,35417200,0.0,0.0,0.0011568830752404224
2024-10-30 00:00:00-04:00,232.61000061035156,233.47000122070312,229.5500030517578,230.10000610351562,228.19114685058594,47070900,0.0,0.0,-0.015277916147601545
2024-10-31 00:00:00-04:00,229.33999633789062,229.8300018310547,225.3699951171875,225.91000366210938,224.035888671875,64370100,0.0,0.0,-0.018209550353115556
2024-11-01 00:00:00-04:00,220.97000122070312,225.35000610351562,220.27000427246094,222.91000366210938,221.06080627441406,65276700,0.0,0.0,-0.013279490241932979
2024-11-04 00:00:00-05:00,220.99000549316406,222.7899932861328,219.7100067138672,222.00999450683594,220.16824340820312,44944500,0.0,0.0,-0.004037635079928936
2024-11-05 00:00:00-05:00,221.8000030517578,223.9499969482422,221.13999938964844,223.4499969482422,221.59629821777344,28111300,0.0,0.0,0.006486197952366046
2024-11-06 00:00:00-05:00,222.61000061035156,226.07000732421875,221.19000244140625,222.72000122070312,220.87232971191406,54561100,0.0,0.0,-0.0032670604684374993
2024-11-07 00:00:00-05:00,224.6300048828125,227.8800048828125,224.57000732421875,227.47999572753906,225.59286499023438,42137700,0.0,0.0,0.021372234740663743
2024-11-08 00:00:00-05:00,227.1699981689453,228.66000366210938,226.41000366210938,226.9600067138672,225.32479858398438,38328800,0.25,0.0,-0.001188275197717803
2024-11-11 00:00:00-05:00,225.0,225.6999969482422,221.5,224.22999572753906,222.61448669433594,42005600,0.0,0.0,-0.012028466936089277
2024-11-12 00:00:00-05:00,224.5500030517578,225.58999633789062,223.36000061035156,224.22999572753906,222.61448669433594,40398300,0.0,0.0,0.0
2024-11-13 00:00:00-05:00,224.00999450683594,226.64999389648438,222.75999450683594,225.1199951171875,223.49807739257812,48566200,0.0,0.0,0.003969151834468887
2024-11-14 00:00:00-05:00,225.02000427246094,228.8699951171875,225.0,228.22000122070312,226.5757598876953,44923900,0.0,0.0,0.01377050993468365
2024-11-15 00:00:00-05:00,226.39999389648438,226.9199981689453,224.27000427246094,225.0,223.3789520263672,47923700,0.0,0.0,-0.014109222729353998
2024-11-18 00:00:00-05:00,225.25,229.74000549316406,225.1699981689453,228.02000427246094,226.377197265625,44633700,0.0,0.0,0.013422237019465877
2024-11-19 00:00:00-05:00,226.97999572753906,230.16000366210938,226.66000366210938,228.27999877929688,226.6352996826172,36211800,0.0,0.0,0.0011401431774480386
2024-11-20 00:00:00-05:00,228.05999755859375,229.92999267578125,225.88999938964844,229.0,227.35012817382812,35169600,0.0,0.0,0.003154091583314589
2024-11-21 00:00:00-05:00,228.8800048828125,230.16000366210938,225.7100067138672,228.52000427246094,226.8735809326172,42108300,0.0,0.0,-0.0020960940072423107
2024-11-22 00:00:00-05:00,228.05999755859375,230.72000122070312,228.05999755859375,229.8699951171875,228.2138671875,38168300,0.0,0.0,0.005907634768990144
2024-11-25 00:00:00-05:00,231.4600067138672,233.25,229.74000549316406,232.8699951171875,231.19223022460938,90152800,0.0,0.0,0.013050753987102537
2024-11-26 00:00:00-05:00,233.3300018310547,235.57000732421875,233.3300018310547,235.05999755859375,233.366455078125,45986200,0.0,0.0,0.009404402783792953
2024-11-27 00:00:00-05:00,234.47000122070312,235.69000244140625,233.80999755859375,234.92999267578125,233.2373809814453,33498400,0.0,0.0,-0.0005530961878666973
2024-11-29 00:00:00-05:00,234.80999755859375,237.80999755859375,233.97000122070312,237.3300018310547,235.6201171875,28481400,0.0,0.0,0.010215927635734534
2024-12-02 00:00:00-05:00,237.27000427246094,240.7899932861328,237.16000366210938,239.58999633789062,237.8638153076172,48137100,0.0,0.0,0.009522523572686792
2024-12-03 00:00:00-05:00,239.80999755859375,242.75999450683594,238.89999389648438,242.64999389648438,240.90176391601562,38861000,0.0,0.0,0.012771798032708892
2024-12-04 00:00:00-05:00,242.8699951171875,244.11000061035156,241.25,243.00999450683594,241.25917053222656,44383900,0.0,0.0,0.0014836197560410547
2024-12-05 00:00:00-05:00,243.99000549316406,244.5399932861328,242.1300048828125,243.0399932861328,241.2889404296875,40033900,0.0,0.0,0.0001233938481810526
2024-12-06 00:00:00-05:00,242.91000366210938,244.6300048828125,242.0800018310547,242.83999633789062,241.09039306640625,36870600,0.0,0.0,-0.0008228614329677253
2024-12-09 00:00:00-05:00,241.8300018310547,247.24000549316406,241.75,246.75,244.97222900390625,44649200,0.0,0.0,0.016101163916684147
2024-12-10 00:00:00-05:00,246.88999938964844,248.2100067138672,245.33999633789062,247.77000427246094,245.98489379882812,36914800,0.0,0.0,0.0041337942632906355
2024-12-11 00:00:00-05:00,247.9600067138672,250.8000030517578,246.25999450683594,246.49000549316406,244.71409606933594,45205800,0.0,0.0,-0.0051661616689823164
2024-12-12 00:00:00-05:00,246.88999938964844,248.74000549316406,245.67999267578125,247.9600067138672,246.1735076904297,32777500,0.0,0.0,0.005963741543847378
2024-12-13 00:00:00-05:00,247.82000732421875,249.2899932861328,246.24000549316406,248.1300048828125,246.34230041503906,33155300,0.0,0.0,0.0006856656761848878
2024-12-16 00:00:00-05:00,247.99000549316406,251.3800048828125,247.64999389648438,251.0399932861328,249.23130798339844,51694800,0.0,0.0,0.011727614638216588
2024-12-17 00:00:00-05:00,250.0800018310547,253.8300018310547,249.77999877929688,253.47999572753906,251.65374755859375,51356400,0.0,0.0,0.009719643951620505
2024-12-18 00:00:00-05:00,252.16000366210938,254.27999877929688,247.74000549316406,248.0500030517578,246.26287841796875,56774100,0.0,0.0,-0.02142177175156046
2024-12-19 00:00:00-05:00,247.5,252.0,247.08999633789062,249.7899932861328,247.99032592773438,60882300,0.0,0.0,0.007014648414990665
2024-12-20 00:00:00-05:00,248.0399932861328,255.0,245.69000244140625,254.49000549316406,252.6564483642578,147495300,0.0,0.0,0.01881574379592199
2024-12-23 00:00:00-05:00,254.77000427246094,255.64999389648438,253.4499969482422,255.27000427246094,253.43084716796875,40858800,0.0,0.0,0.003065026872357768
2024-12-24 00:00:00-05:00,255.49000549316406,258.2099914550781,255.2899932861328,258.20001220703125,256.33978271484375,23234700,0.0,0.0,0.011478222084571277
2024-12-26 00:00:00-05:00,258.19000244140625,260.1000061035156,257.6300048828125,259.0199890136719,257.1537780761719,27237100,0.0,0.0,0.00317545467467939
2024-12-27 00:00:00-05:00,257.8299865722656,258.70001220703125,253.05999755859375,255.58999633789062,253.74851989746094,42355300,0.0,0.0,-0.013242108298724853
2024-12-30 00:00:00-05:00,252.22999572753906,253.5,250.75,252.1999969482422,250.3829803466797,35557500,0.0,0.0,-0.013263287415986702
2024-12-31 00:00:00-05:00,252.44000244140625,253.27999877929688,249.42999267578125,250.4199981689453,248.61578369140625,39480700,0.0,0.0,-0.007057974359225949
2025-01-02 00:00:00-05:00,248.92999267578125,249.10000610351562,241.82000732421875,243.85000610351562,242.0931396484375,55740700,0.0,0.0,-0.026235840484950756
2025-01-03 00:00:00-05:00,243.36000061035156,244.17999267578125,241.88999938964844,243.36000061035156,241.60665893554688,40244100,0.0,0.0,-0.002009477482910471
2025-01-06 00:00:00-05:00,244.30999755859375,247.3300018310547,243.1999969482422,245.0,243.23483276367188,45045600,0.0,0.0,0.006738944345732412
2025-01-07 00:00:00-05:00,242.97999572753906,245.5500030517578,241.35000610351562,242.2100067138672,240.4649658203125,40856000,0.0,0.0,-0.011387624510386551
2025-01-08 00:00:00-05:00,241.9199981689453,243.7100067138672,240.0500030517578,242.6999969482422,240.95140075683594,37628900,0.0,0.0,0.0020228931680921214
2025-01-10 00:00:00-05:00,240.00999450683594,240.16000366210938,233.0,236.85000610351562,235.1435546875,61710900,0.0,0.0,-0.024103807037823
2025-01-13 00:00:00-05:00,233.52999877929688,234.6699981689453,229.72000122070312,234.39999389648438,232.71119689941406,49630700,0.0,0.0,-0.010344139737610392
2025-01-14 00:00:00-05:00,234.75,236.1199951171875,232.47000122070312,233.27999877929688,231.5992889404297,39435300,0.0,0.0,-0.0047780595596566
2025-01-15 00:00:00-05:00,234.63999938964844,238.9600067138672,234.42999267578125,237.8699951171875,236.15621948242188,39832000,0.0,0.0,0.01967592630720172
2025-01-16 00:00:00-05:00,237.35000610351562,238.00999450683594,228.02999877929688,228.25999450683594,226.6154327392578,71759100,0.0,0.0,-0.04040031960231405
2025-01-17 00:00:00-05:00,232.1199951171875,232.2899932861328,228.47999572753906,229.97999572753906,228.32305908203125,68488300,0.0,0.0,0.007535348860102653
2025-01-21 00:00:00-05:00,224.0,224.4199981689453,219.3800048828125,222.63999938964844,221.0359344482422,98070400,0.0,0.0,-0.03191585056317492
2025-01-22 00:00:00-05:00,219.7899932861328,224.1199951171875,219.7899932861328,223.8300018310547,222.21737670898438,64126500,0.0,0.0,0.005345023485395561
2025-01-23 00:00:00-05:00,224.74000549316406,227.02999877929688,222.3000030517578,223.66000366210938,222.048583984375,60234800,0.0,0.0,-0.0007595838233228625
2025-01-24 00:00:00-05:00,224.77999877929688,225.6300048828125,221.41000366210938,222.77999877929688,221.1749267578125,54697900,0.0,0.0,-0.003934531852830769
2025-01-27 00:00:00-05:00,224.02000427246094,232.14999389648438,223.97999572753906,229.86000061035156,228.20391845703125,94863400,0.0,0.0,0.03178023749009995
2025-01-28 00:00:00-05:00,230.85000610351562,240.19000244140625,230.80999755859375,238.25999450683594,236.5434112548828,75707600,0.0,0.0,0.036544038569704895
2025-01-29 00:00:00-05:00,234.1199951171875,239.86000061035156,234.00999450683594,239.36000061035156,237.63548278808594,45486100,0.0,0.0,0.004616791173381651
2025-01-30 00:00:00-05:00,238.6699981689453,240.7899932861328,237.2100067138672,237.58999633789062,235.8782196044922,55658300,0.0,0.0,-0.007394784495044493
2025-01-31 00:00:00-05:00,247.19000244140625,247.19000244140625,233.44000244140625,236.0,234.2996826171875,100959800,0.0,0.0,-0.006692169331918407
2025-02-03 00:00:00-05:00,229.99000549316406,231.8300018310547,225.6999969482422,228.00999450683594,226.36724853515625,73063300,0.0,0.0,-0.033855931828092656
2025-02-04 00:00:00-05:00,227.25,233.1300048828125,226.64999389648438,232.8000030517578,231.1227264404297,45067300,0.0,0.0,0.02100780009496339
2025-02-05 00:00:00-05:00,228.52999877929688,232.6699981689453,228.27000427246094,232.47000122070312,230.7951202392578,39620300,0.0,0.0,-0.0014174555926083077
2025-02-06 00:00:00-05:00,231.2899932861328,233.8000030517578,230.42999267578125,233.22000122070312,231.53970336914062,29925300,0.0,0.0,0.0032261649601210696
2025-02-07 00:00:00-05:00,232.60000610351562,234.0,227.25999450683594,227.6300048828125,225.989990234375,39707200,0.0,0.0,-0.023968732161316564
2025-02-10 00:00:00-05:00,229.57000732421875,230.58999633789062,227.1999969482422,227.64999389648438,226.25833129882812,33115600,0.25,0.0,0.0011874024339522116
2025-02-11 00:00:00-05:00,228.1999969482422,235.22999572753906,228.1300048828125,232.6199951171875,231.19793701171875,53718400,0.0,0.0,0.02183170752005026
2025-02-12 00:00:00-05:00,231.1999969482422,236.9600067138672,230.67999267578125,236.8699951171875,235.4219512939453,45243300,0.0,0.0,0.018270120991661143
2025-02-13 00:00:00-05:00,236.91000366210938,242.33999633789062,235.57000732421875,241.52999877929688,240.053466796875,53614100,0.0,0.0,0.01967325254706953
2025-02-14 00:00:00-05:00,241.25,245.5500030517578,240.99000549316406,244.60000610351562,243.10475158691406,40896200,0.0,0.0,0.012710854922253434
2025-02-18 00:00:00-05:00,244.14999389648438,245.17999267578125,241.83999633789062,244.47000122070312,242.9755096435547,48822500,0.0,0.0,-0.0005316306757302547
2025-02-19 00:00:00-05:00,244.66000366210938,246.00999450683594,243.16000366210938,244.8699951171875,243.37306213378906,32204200,0.0,0.0,0.001636183378388889
2025-02-20 00:00:00-05:00,244.94000244140625,246.77999877929688,244.2899932861328,245.8300018310547,244.3271942138672,32316900,0.0,0.0,0.003920450651821117
2025-02-21 00:00:00-05:00,245.9499969482422,248.69000244140625,245.22000122070312,245.5500030517578,244.0489044189453,53197400,0.0,0.0,-0.0011390045869321686
2025-02-24 00:00:00-05:00,244.92999267578125,248.86000061035156,244.4199981689453,247.10000610351562,245.58944702148438,51326400,0.0,0.0,0.0063124340025493275
2025-02-25 00:00:00-05:00,248.0,250.0,244.91000366210938,247.0399932861328,245.52978515625,48013300,0.0,0.0,-0.0002429333424459612
2025-02-26 00:00:00-05:00,244.3300018310547,244.97999572753906,239.1300048828125,240.36000061035156,238.890625,44433600,0.0,0.0,-0.027040141594328326
2025-02-27 00:00:00-05:00,239.41000366210938,242.4600067138672,237.05999755859375,237.3000030517578,235.84933471679688,41153600,0.0,0.0,-0.012730890059846955
2025-02-28 00:00:00-05:00,236.9499969482422,242.08999633789062,230.1999969482422,241.83999633789062,240.361572265625,56833400,0.0,0.0,0.019131864646751318
2025-03-03 00:00:00-05:00,241.7899932861328,244.02999877929688,236.11000061035156,238.02999877929688,236.57489013671875,47184000,0.0,0.0,-0.01575410783518072
2025-03-04 00:00:00-05:00,237.7100067138672,240.07000732421875,234.67999267578125,235.92999267578125,234.4877166748047,53798100,0.0,0.0,-0.008822464043871547
2025-03-05 00:00:00-05:00,235.4199981689453,236.5500030517578,229.22999572753906,235.74000549316406,234.29888916015625,47227600,0.0,0.0,-0.0008052767851814968
2025-03-06 00:00:00-05:00,234.44000244140625,237.86000061035156,233.16000366210938,235.3300018310547,233.89138793945312,45170400,0.0,0.0,-0.0017392366739927834
2025-03-07 00:00:00-05:00,235.11000061035156,241.3699951171875,234.75999450683594,239.07000732421875,237.60853576660156,46273600,0.0,0.0,0.015892623751117663
2025-03-10 00:00:00-04:00,235.5399932861328,236.16000366210938,224.22000122070312,227.47999572753906,226.08938598632812,72071200,0.0,0.0,-0.04847952849466852
2025-03-11 00:00:00-04:00,223.80999755859375,225.83999633789062,217.4499969482422,220.83999633789062,219.48997497558594,76137400,0.0,0.0,-0.02918938888684164
2025-03-12 00:00:00-04:00,220.13999938964844,221.75,214.91000366210938,216.97999572753906,215.653564453125,62547500,0.0,0.0,-0.017478750557457845
2025-03-13 00:00:00-04:00,215.9499969482422,216.83999633789062,208.4199981689453,209.67999267578125,208.39817810058594,61368300,0.0,0.0,-0.03364371171391467
2025-03-14 00:00:00-04:00,211.25,213.9499969482422,209.5800018310547,213.49000549316406,212.18490600585938,60107600,0.0,0.0,0.018170638245434745
2025-03-17 00:00:00-04:00,213.30999755859375,215.22000122070312,209.97000122070312,214.0,212.69178771972656,48073400,0.0,0.0,0.0023888679143519997
2025-03-18 00:00:00-04:00,214.16000366210938,215.14999389648438,211.49000549316406,212.69000244140625,211.38978576660156,42432400,0.0,0.0,-0.006121543135650831
2025-03-19 00:00:00-04:00,214.22000122070312,218.75999450683594,213.75,215.24000549316406,213.92420959472656,54385400,0.0,0.0,0.011989339120307863
2025-03-20 00:00:00-04:00,213.99000549316406,217.49000549316406,212.22000122070312,214.10000610351562,212.7911834716797,48862900,0.0,0.0,-0.005296390367379944
2025-03-21 00:00:00-04:00,211.55999755859375,218.83999633789062,211.27999877929688,218.27000427246094,216.93568420410156,94127800,0.0,0.0,0.019476844222606093
2025-03-24 00:00:00-04:00,221.0,221.47999572753906,218.5800018310547,220.72999572753906,219.380615234375,44299500,0.0,0.0,0.011270303635123158
2025-03-25 00:00:00-04:00,220.77000427246094,224.10000610351562,220.0800018310547,223.75,222.38217163085938,34493600,0.0,0.0,0.013681958149664553
2025-03-26 00:00:00-04:00,223.50999450683594,225.02000427246094,220.47000122070312,221.52999877929688,220.17575073242188,34466100,0.0,0.0,-0.0099217526398655
2025-03-27 00:00:00-04:00,221.38999938964844,224.99000549316406,220.55999755859375,223.85000610351562,222.48158264160156,37094800,0.0,0.0,0.010472687848272377
2025-03-28 00:00:00-04:00,221.6699981689453,223.80999755859375,217.67999267578125,217.89999389648438,216.56793212890625,39818600,0.0,0.0,-0.026580404734991903
2025-03-31 00:00:00-04:00,217.00999450683594,225.6199951171875,216.22999572753906,222.1300048828125,220.7720947265625,65299300,0.0,0.0,0.019412673687782434
2025-04-01 00:00:00-04:00,219.80999755859375,223.67999267578125,218.89999389648438,223.19000244140625,221.82562255859375,36412700,0.0,0.0,0.004772015382361161
2025-04-02 00:00:00-04:00,221.32000732421875,225.19000244140625,221.02000427246094,223.88999938964844,222.5213165283203,35905900,0.0,0.0,0.00313622007098302
2025-04-03 00:00:00-04:00,205.5399932861328,207.49000549316406,201.25,203.19000244140625,201.94786071777344,103419000,0.0,0.0,-0.09245611221219108
2025-04-04 00:00:00-04:00,193.88999938964844,199.8800048828125,187.33999633789062,188.3800048828125,187.2284393310547,125910900,0.0,0.0,-0.07288723601429714
2025-04-07 00:00:00-04:00,177.1999969482422,194.14999389648438,174.6199951171875,181.4600067138672,180.35069274902344,160466300,0.0,0.0,-0.036734518573164565
2025-04-08 00:00:00-04:00,186.6999969482422,190.33999633789062,169.2100067138672,172.4199981689453,171.36595153808594,120859500,0.0,0.0,-0.049818168558080855
2025-04-09 00:00:00-04:00,171.9499969482422,200.61000061035156,171.88999938964844,198.85000610351562,197.6343994140625,184395900,0.0,0.0,0.15328860628500296
2025-04-10 00:00:00-04:00,189.07000732421875,194.77999877929688,183.0,190.4199981689453,189.2559051513672,121880000,0.0,0.0,-0.04239390656452269
2025-04-11 00:00:00-04:00,186.10000610351562,199.5399932861328,186.05999755859375,198.14999389648438,196.93869018554688,87435900,0.0,0.0,0.040594691235842806
2025-04-14 00:00:00-04:00,211.44000244140625,212.94000244140625,201.16000366210938,202.52000427246094,201.28196716308594,101352900,0.0,0.0,0.022053954829531097
2025-04-15 00:00:00-04:00,201.86000061035156,203.50999450683594,199.8000030517578,202.13999938964844,200.90428161621094,51343900,0.0,0.0,-0.0018764003164226661
2025-04-16 00:00:00-04:00,198.36000061035156,200.6999969482422,192.3699951171875,194.27000427246094,193.08242797851562,59732400,0.0,0.0,-0.03893323514447278
2025-04-17 00:00:00-04:00,197.1999969482422,198.8300018310547,194.4199981689453,196.97999572753906,195.77581787109375,52164700,0.0,0.0,0.013949430410507446
2025-04-21 00:00:00-04:00,193.27000427246094,193.8000030517578,189.80999755859375,193.16000366210938,191.97918701171875,46742500,0.0,0.0,-0.019392746768525093
2025-04-22 00:00:00-04:00,196.1199951171875,201.58999633789062,195.97000122070312,199.74000549316406,198.51895141601562,52976400,0.0,0.0,0.03406496561472405
2025-04-23 00:00:00-04:00,206.0,208.0,202.8000030517578,204.60000610351562,203.34925842285156,52929200,0.0,0.0,0.0243317173115305
2025-04-24 00:00:00-04:00,204.88999938964844,208.8300018310547,202.94000244140625,208.3699951171875,207.09619140625,47311000,0.0,0.0,0.018426096128695724
2025-04-25 00:00:00-04:00,206.3699951171875,209.75,206.1999969482422,209.27999877929688,208.00062561035156,38222300,0.0,0.0,0.0043672179481435425
2025-04-28 00:00:00-04:00,210.0,211.5,207.4600067138672,210.13999938964844,208.85537719726562,38743100,0.0,0.0,0.004109370269468782
2025-04-29 00:00:00-04:00,208.69000244140625,212.24000549316406,208.3699951171875,211.2100067138672,209.91883850097656,36827600,0.0,0.0,0.0050918550337657464
2025-04-30 00:00:00-04:00,209.3000030517578,213.5800018310547,206.6699981689453,212.5,211.2009735107422,52286500,0.0,0.0,0.006107765357894035
2025-05-01 00:00:00-04:00,209.0800018310547,214.55999755859375,208.89999389648438,213.32000732421875,212.0159454345703,57365700,0.0,0.0,0.0038587507921059583
2025-05-02 00:00:00-04:00,206.08999633789062,206.99000549316406,202.16000366210938,205.35000610351562,204.0946502685547,101010600,0.0,0.0,-0.03736178969831394
2025-05-05 00:00:00-04:00,203.10000610351562,204.10000610351562,198.2100067138672,198.88999938964844,197.6741485595703,69018500,0.0,0.0,-0.0314584517552815
2025-05-06 00:00:00-04:00,198.2100067138672,200.64999389648438,197.02000427246094,198.50999450683594,197.29647827148438,51216500,0.0,0.0,-0.0019105699497783402
2025-05-07 00:00:00-04:00,199.1699981689453,199.44000244140625,193.25,196.25,195.05029296875,68536700,0.0,0.0,-0.011384822083056023
2025-05-08 00:00:00-04:00,197.72000122070312,200.0500030517578,194.67999267578125,197.49000549316406,196.28271484375,50478900,0.0,0.0,0.006318482562840622
2025-05-09 00:00:00-04:00,199.0,200.5399932861328,197.5399932861328,198.52999877929688,197.31634521484375,36453900,0.0,0.0,0.005266028503409403
2025-05-12 00:00:00-04:00,210.97000122070312,211.27000427246094,206.75,210.7899932861328,209.776123046875,63775800,0.26,0.0,0.06314620219863021
2025-05-13 00:00:00-04:00,210.42999267578125,213.39999389648438,209.0,212.92999267578125,211.90582275390625,51909300,0.0,0.0,0.01015225029473621
2025-05-14 00:00:00-04:00,212.42999267578125,213.94000244140625,210.5800018310547,212.3300018310547,211.30873107910156,49325800,0.0,0.0,-0.002817721887227731
2025-05-15 00:00:00-04:00,210.9499969482422,212.9600067138672,209.5399932861328,211.4499969482422,210.43295288085938,45029500,0.0,0.0,-0.004144543359707931
2025-05-16 00:00:00-04:00,212.36000061035156,212.57000732421875,209.77000427246094,211.25999450683594,210.24386596679688,54737900,0.0,0.0,-0.0008985613302188167
2025-05-19 00:00:00-04:00,207.91000366210938,209.47999572753906,204.25999450683594,208.77999877929688,207.7758026123047,46140500,0.0,0.0,-0.011739050474280921
2025-05-20 00:00:00-04:00,207.6699981689453,208.47000122070312,205.02999877929688,206.86000061035156,205.8650360107422,42496600,0.0,0.0,-0.009196290316480504
2025-05-21 00:00:00-04:00,205.1699981689453,207.0399932861328,200.7100067138672,202.08999633789062,201.1179656982422,59211800,0.0,0.0,-0.023059138183388672
2025-05-22 00:00:00-04:00,200.7100067138672,202.75,199.6999969482422,201.36000061035156,200.3914794921875,46742400,0.0,0.0,-0.0036122392324945407
2025-05-23 00:00:00-04:00,193.6699981689453,197.6999969482422,193.4600067138672,195.27000427246094,194.33078002929688,78432900,0.0,0.0,-0.03024429720389843
2025-05-27 00:00:00-04:00,198.3000030517578,200.74000549316406,197.42999267578125,200.2100067138672,199.24703979492188,56288500,0.0,0.0,0.025298410086574297
2025-05-28 00:00:00-04:00,200.58999633789062,202.72999572753906,199.89999389648438,200.4199981689453,199.45602416992188,45339700,0.0,0.0,0.0010488706643525525
2025-05-29 00:00:00-04:00,203.5800018310547,203.80999755859375,198.50999450683594,199.9499969482422,198.98826599121094,51396800,0.0,0.0,-0.0023451694711033033
2025-05-30 00:00:00-04:00,199.3699951171875,201.9600067138672,196.77999877929688,200.85000610351562,199.8839569091797,70819900,0.0,0.0,0.00450122480090509
2025-06-02 00:00:00-04:00,200.27999877929688,202.1300048828125,200.1199951171875,201.6999969482422,200.7298583984375,35423300,0.0,0.0,0.004231962896562802
2025-06-03 00:00:00-04:00,201.35000610351562,203.77000427246094,200.9600067138672,203.27000427246094,202.29229736328125,46381600,0.0,0.0,0.00778378950351466
2025-06-04 00:00:00-04:00,202.91000366210938,206.24000549316406,202.10000610351562,202.82000732421875,201.84446716308594,43604000,0.0,0.0,-0.0022137778157271804
2025-06-05 00:00:00-04:00,203.5,204.75,200.14999389648438,200.6300048828125,199.66500854492188,55126100,0.0,0.0,-0.010797712955902372
2025-06-06 00:00:00-04:00,203.0,205.6999969482422,202.0500030517578,203.9199981689453,202.9391632080078,46607700,0.0,0.0,0.016398239666262304
2025-06-09 00:00:00-04:00,204.38999938964844,206.0,200.02000427246094,201.4499969482422,200.4810791015625,72862600,0.0,0.0,-0.012112418655860102
2025-06-10 00:00:00-04:00,200.60000610351562,204.35000610351562,200.57000732421875,202.6699981689453,201.69517517089844,54672600,0.0,0.0,0.006055913479600106
2025-06-11 00:00:00-04:00,203.5,204.5,198.41000366210938,198.77999877929688,197.8238983154297,60989900,0.0,0.0,-0.019193700851736217
2025-06-12 00:00:00-04:00,199.0800018310547,199.67999267578125,197.36000061035156,199.1999969482422,198.24188232421875,43904600,0.0,0.0,0.00211290957436594
2025-06-13 00:00:00-04:00,199.72999572753906,200.3699951171875,195.6999969482422,196.4499969482422,195.50509643554688,51447300,0.0,0.0,-0.013805286030304842
2025-06-16 00:00:00-04:00,197.3000030517578,198.69000244140625,196.55999755859375,198.4199981689453,197.46563720703125,43020700,0.0,0.0,0.010028080122866267
2025-06-17 00:00:00-04:00,197.1999969482422,198.38999938964844,195.2100067138672,195.63999938964844,194.69900512695312,38856200,0.0,0.0,-0.014010701402074721
2025-06-18 00:00:00-04:00,195.94000244140625,197.57000732421875,195.07000732421875,196.5800018310547,195.63449096679688,45394700,0.0,0.0,0.0048047797636858736
2025-06-20 00:00:00-04:00,198.24000549316406,201.6999969482422,196.86000061035156,201.0,200.03321838378906,96813500,0.0,0.0,0.02248441670614576
2025-06-23 00:00:00-04:00,201.6300048828125,202.3000030517578,198.9600067138672,201.5,200.5308380126953,55814300,0.0,0.0,0.002487684960162495
2025-06-24 00:00:00-04:00,202.58999633789062,203.44000244140625,200.1999969482422,200.3000030517578,199.33660888671875,54064000,0.0,0.0,-0.00595533902820955
2025-06-25 00:00:00-04:00,201.4499969482422,203.6699981689453,200.6199951171875,201.55999755859375,200.59051513671875,39525700,0.0,0.0,0.006290396214739369
2025-06-26 00:00:00-04:00,201.42999267578125,202.63999938964844,199.4600067138672,201.0,200.03321838378906,50799100,0.0,0.0,-0.0027782806806685434
2025-06-27 00:00:00-04:00,201.88999938964844,203.22000122070312,200.0,201.0800018310547,200.11282348632812,73188600,0.0,0.0,0.00039795941485243347
2025-06-30 00:00:00-04:00,202.00999450683594,207.38999938964844,199.25999450683594,205.1699981689453,204.18316650390625,91912800,0.0,0.0,0.020340240803489618
2025-07-01 00:00:00-04:00,206.6699981689453,210.19000244140625,206.13999938964844,207.82000732421875,206.8204345703125,78788900,0.0,0.0,0.012916187517131972
2025-07-02 00:00:00-04:00,208.91000366210938,213.33999633789062,208.13999938964844,212.44000244140625,211.418212890625,67941800,0.0,0.0,0.022230773907156554
2025-07-03 00:00:00-04:00,212.14999389648438,214.64999389648438,211.80999755859375,213.5500030517578,212.52284240722656,34955800,0.0,0.0,0.005224855046774168
2025-07-07 00:00:00-04:00,212.67999267578125,216.22999572753906,208.8000030517578,209.9499969482422,208.94017028808594,50229000,0.0,0.0,-0.016857821392561978
2025-07-08 00:00:00-04:00,210.10000610351562,211.42999267578125,208.4499969482422,210.00999450683594,208.99989318847656,42848900,0.0,0.0,0.0002858373299317041
2025-07-09 00:00:00-04:00,209.52999877929688,211.3300018310547,207.22000122070312,211.13999938964844,210.12445068359375,48749400,0.0,0.0,0.005380660621214117
2025-07-10 00:00:00-04:00,210.50999450683594,213.47999572753906,210.02999877929688,212.41000366210938,211.38833618164062,44443600,0.0,0.0,0.006014937785369989
2025-07-11 00:00:00-04:00,210.57000732421875,212.1300048828125,209.86000061035156,211.16000366210938,210.1443634033203,39765800,0.0,0.0,-0.0058847749161117235
2025-07-14 00:00:00-04:00,209.92999267578125,210.91000366210938,207.5399932861328,208.6199951171875,207.61656188964844,38840100,0.0,0.0,-0.012028880873765746
2025-07-15 00:00:00-04:00,209.22000122070312,211.88999938964844,208.9199981689453,209.11000061035156,208.10421752929688,42296300,0.0,0.0,0.0023488282206871602
2025-07-16 00:00:00-04:00,210.3000030517578,212.39999389648438,208.63999938964844,210.16000366210938,209.149169921875,47490500,0.0,0.0,0.00502129368152282
2025-07-17 00:00:00-04:00,210.57000732421875,211.8000030517578,209.58999633789062,210.02000427246094,209.0098419189453,48068100,0.0,0.0,-0.0006661656987771991
2025-07-18 00:00:00-04:00,210.8699951171875,211.7899932861328,209.6999969482422,211.17999267578125,210.1642303466797,48974600,0.0,0.0,0.005523129519336534
2025-07-21 00:00:00-04:00,212.10000610351562,215.77999877929688,211.6300048828125,212.47999572753906,211.4580078125,51377400,0.0,0.0,0.006156030755976705
2025-07-22 00:00:00-04:00,213.13999938964844,214.9499969482422,212.22999572753906,214.39999389648438,213.36875915527344,46404100,0.0,0.0,0.009036079373582862
2025-07-23 00:00:00-04:00,215.0,215.14999389648438,212.41000366210938,214.14999389648438,213.11996459960938,46989300,0.0,0.0,-0.0011660308502943195
2025-07-24 00:00:00-04:00,213.89999389648438,215.69000244140625,213.52999877929688,213.75999450683594,212.73184204101562,46022600,0.0,0.0,-0.0018211459415494735
2025-07-25 00:00:00-04:00,214.6999969482422,215.24000549316406,213.39999389648438,213.8800048828125,212.8512725830078,40268800,0.0,0.0,0.0005614135657658892
2025-07-28 00:00:00-04:00,214.02999877929688,214.85000610351562,213.05999755859375,214.0500030517578,213.0204620361328,37858000,0.0,0.0,0.000794871701126576
2025-07-29 00:00:00-04:00,214.17999267578125,214.80999755859375,210.82000732421875,211.27000427246094,210.25384521484375,51411700,0.0,0.0,-0.01298756370559273
2025-07-30 00:00:00-04:00,211.89999389648438,212.38999938964844,207.72000122070312,209.0500030517578,208.04449462890625,45512500,0.0,0.0,-0.010508015126571957
2025-07-31 00:00:00-04:00,208.49000549316406,209.83999633789062,207.16000366210938,207.57000732421875,206.57162475585938,80698400,0.0,0.0,-0.007079590717716688
2025-08-01 00:00:00-04:00,210.8699951171875,213.5800018310547,201.5,202.3800048828125,201.40660095214844,104434500,0.0,0.0,-0.02500354930071025
2025-08-04 00:00:00-04:00,204.50999450683594,207.8800048828125,201.67999267578125,203.35000610351562,202.37191772460938,75109300,0.0,0.0,0.004792875545773567
2025-08-05 00:00:00-04:00,203.39999389648438,205.33999633789062,202.16000366210938,202.9199981689453,201.94398498535156,44155100,0.0,0.0,-0.0021145855811879333
2025-08-06 00:00:00-04:00,205.6300048828125,215.3800048828125,205.58999633789062,213.25,212.22430419921875,108483100,0.0,0.0,0.05090678593181619
2025-08-07 00:00:00-04:00,218.8800048828125,220.85000610351562,216.5800018310547,220.02999877929688,218.9716796875,90224800,0.0,0.0,0.031793604006576714
2025-08-08 00:00:00-04:00,220.8300018310547,231.0,219.25,229.35000610351562,228.2468719482422,113854000,0.0,0.0,0.0423579536585692
2025-08-11 00:00:00-04:00,227.9199981689453,229.55999755859375,224.75999450683594,227.17999267578125,226.34390258789062,61806100,0.26,0.0,-0.008337329419275008
2025-08-12 00:00:00-04:00,228.00999450683594,230.8000030517578,227.07000732421875,229.64999389648438,228.80479431152344,55626200,0.0,0.0,0.010872357043844927
2025-08-13 00:00:00-04:00,231.07000732421875,235.0,230.42999267578125,233.3300018310547,232.47125244140625,69878500,0.0,0.0,0.016024393810956772
2025-08-14 00:00:00-04:00,234.05999755859375,235.1199951171875,230.85000610351562,232.77999877929688,231.9232635498047,51916300,0.0,0.0,-0.0023572329302939954
2025-08-15 00:00:00-04:00,234.0,234.27999877929688,229.33999633789062,231.58999633789062,230.73764038085938,56038700,0.0,0.0,-0.005112135586565314
2025-08-18 00:00:00-04:00,231.6999969482422,233.1199951171875,230.11000061035156,230.88999938964844,230.04022216796875,37476200,0.0,0.0,-0.0030225593524292327
2025-08-19 00:00:00-04:00,231.27999877929688,232.8699951171875,229.35000610351562,230.55999755859375,229.71144104003906,39402600,0.0,0.0,-0.0014292332220476878
2025-08-20 00:00:00-04:00,229.97999572753906,230.47000122070312,225.77000427246094,226.00999450683594,225.17819213867188,42263900,0.0,0.0,-0.019734536864348118
2025-08-21 00:00:00-04:00,226.27000427246094,226.52000427246094,223.77999877929688,224.89999389648438,224.072265625,30621200,0.0,0.0,-0.004911339340493592
2025-08-22 00:00:00-04:00,226.1699981689453,229.08999633789062,225.41000366210938,227.75999450683594,226.9217529296875,42477800,0.0,0.0,0.012716822837219421
2025-08-25 00:00:00-04:00,226.47999572753906,229.3000030517578,226.22999572753906,227.16000366210938,226.323974609375,30983100,0.0,0.0,-0.0026342927136550065
2025-08-26 00:00:00-04:00,226.8699951171875,229.49000549316406,224.69000244140625,229.30999755859375,228.46604919433594,54575100,0.0,0.0,0.009464638417816973
2025-08-27 00:00:00-04:00,228.61000061035156,230.89999389648438,228.25999450683594,230.49000549316406,229.6417236328125,31259500,0.0,0.0,0.005145948129371858
2025-08-28 00:00:00-04:00,230.82000732421875,233.41000366210938,229.33999633789062,232.55999755859375,231.70408630371094,38074700,0.0,0.0,0.008980783797791325
2025-08-29 00:00:00-04:00,232.50999450683594,233.3800048828125,231.3699951171875,232.13999938964844,231.28562927246094,39418400,0.0,0.0,-0.0018059976322623017
2025-09-02 00:00:00-04:00,229.25,230.85000610351562,226.97000122070312,229.72000122070312,228.8745574951172,44075600,0.0,0.0,-0.01042465018223615
2025-09-03 00:00:00-04:00,237.2100067138672,238.85000610351562,234.36000061035156,238.47000122070312,237.59234619140625,66427800,0.0,0.0,0.038089811255997974
2025-09-04 00:00:00-04:00,238.4499969482422,239.89999389648438,236.74000549316406,239.77999877929688,238.89752197265625,47549400,0.0,0.0,0.005493341019489506
2025-09-05 00:00:00-04:00,240.0,241.32000732421875,238.49000549316406,239.69000244140625,238.80784606933594,54870400,0.0,0.0,-0.00037537393682374187
2025-09-08 00:00:00-04:00,239.3000030517578,240.14999389648438,236.33999633789062,237.8800048828125,237.00450134277344,48999500,0.0,0.0,-0.007551446722730004
2025-09-09 00:00:00-04:00,237.0,238.77999877929688,233.36000061035156,234.35000610351562,233.48751831054688,66313900,0.0,0.0,-0.01483930901016961
2025-09-10 00:00:00-04:00,232.19000244140625,232.4199981689453,225.9499969482422,226.7899932861328,225.955322265625,83440800,0.0,0.0,-0.032259523333079354
2025-09-11 00:00:00-04:00,226.8800048828125,230.4499969482422,226.64999389648438,230.02999877929688,229.18341064453125,50208600,0.0,0.0,0.014286401163462914
2025-09-12 00:00:00-04:00,229.22000122070312,234.50999450683594,229.02000427246094,234.07000732421875,233.2085418701172,55824200,0.0,0.0,0.017562925755691072
2025-09-15 00:00:00-04:00,237.0,238.19000244140625,235.02999877929688,236.6999969482422,235.82884216308594,42699500,0.0,0.0,0.011235867571386393
2025-09-16 00:00:00-04:00,237.17999267578125,241.22000122070312,236.32000732421875,238.14999389648438,237.2735137939453,63421100,0.0,0.0,0.00612593276381479
2025-09-17 00:00:00-04:00,238.97000122070312,240.10000610351562,237.72999572753906,238.99000549316406,238.1104278564453,46508000,0.0,0.0,0.003527212326053464
2025-09-18 00:00:00-04:00,239.97000122070312,241.1999969482422,236.64999389648438,237.8800048828125,237.00450134277344,44249600,0.0,0.0,-0.004644595046205291
2025-09-19 00:00:00-04:00,241.22999572753906,246.3000030517578,240.2100067138672,245.5,244.59646606445312,163741300,0.0,0.0,0.032032998017618386
2025-09-22 00:00:00-04:00,248.3000030517578,256.6400146484375,248.1199951171875,256.0799865722656,255.1374969482422,105517400,0.0,0.0,0.04309559763227089
2025-09-23 00:00:00-04:00,255.8800048828125,257.3399963378906,253.5800018310547,254.42999267578125,253.4936065673828,60275200,0.0,0.0,-0.006443154771534232
2025-09-24 00:00:00-04:00,255.22000122070312,255.74000549316406,251.0399932861328,252.30999755859375,251.3813934326172,42303700,0.0,0.0,-0.008332411863824163
2025-09-25 00:00:00-04:00,253.2100067138672,257.1700134277344,251.7100067138672,256.8699951171875,255.92459106445312,55202100,0.0,0.0,0.018072927235379233
2025-09-26 00:00:00-04:00,254.10000610351562,257.6000061035156,253.77999877929688,255.4600067138672,254.51980590820312,46076300,0.0,0.0,-0.005489058907575672
2025-09-29 00:00:00-04:00,254.55999755859375,255.0,253.00999450683594,254.42999267578125,253.4936065673828,40127700,0.0,0.0,-0.004031903675073667
2025-09-30 00:00:00-04:00,254.86000061035156,255.9199981689453,253.11000061035156,254.6300048828125,253.69287109375,37704300,0.0,0.0,0.0007860731837203705
2025-10-01 00:00:00-04:00,255.0399932861328,258.7900085449219,254.92999267578125,255.4499969482422,254.5098419189453,48713900,0.0,0.0,0.0032203144758191637
2025-10-02 00:00:00-04:00,256.5799865722656,258.17999267578125,254.14999389648438,257.1300048828125,256.1836853027344,42630200,0.0,0.0,0.006576733422836156
2025-10-03 00:00:00-04:00,254.6699981689453,259.239990234375,253.9499969482422,258.0199890136719,257.07037353515625,49155600,0.0,0.0,0.003461142466484768
2025-10-06 00:00:00-04:00,257.989990234375,259.07000732421875,255.0500030517578,256.69000244140625,255.7452850341797,44664100,0.0,0.0,-0.005154574923412314
2025-10-07 00:00:00-04:00,256.80999755859375,257.3999938964844,255.42999267578125,256.4800109863281,255.53607177734375,31955800,0.0,0.0,-0.0008180532313938338
2025-10-08 00:00:00-04:00,256.5199890136719,258.5199890136719,256.1099853515625,258.05999755859375,257.1102600097656,36496900,0.0,0.0,0.006160336665868016
2025-10-09 00:00:00-04:00,257.80999755859375,258.0,253.13999938964844,254.0399932861328,253.1050262451172,38322000,0.0,0.0,-0.01557788384056047
2025-10-10 00:00:00-04:00,254.94000244140625,256.3800048828125,244.0,245.27000427246094,244.3673095703125,61999100,0.0,0.0,-0.034522098610332286
2025-10-13 00:00:00-04:00,249.3800048828125,249.69000244140625,245.55999755859375,247.66000366210938,246.74851989746094,38142900,0.0,0.0,0.009744389834039024
2025-10-14 00:00:00-04:00,246.60000610351562,248.85000610351562,244.6999969482422,247.77000427246094,246.85812377929688,35478000,0.0,0.0,0.0004441926617493319
2025-10-15 00:00:00-04:00,249.49000549316406,251.82000732421875,247.47000122070312,249.33999633789062,248.4223175048828,33893600,0.0,0.0,0.00633640773752453
2025-10-16 00:00:00-04:00,248.25,249.0399932861328,245.1300048828125,247.4499969482422,246.53927612304688,39777000,0.0,0.0,-0.007580000866061143
2025-10-17 00:00:00-04:00,248.02000427246094,253.3800048828125,247.27000427246094,252.2899932861328,251.36148071289062,49147000,0.0,0.0,0.019559579575616937
2025-10-20 00:00:00-04:00,255.88999938964844,264.3800048828125,255.6300048828125,262.239990234375,261.27484130859375,90483000,0.0,0.0,0.03943866246963412
2025-10-21 00:00:00-04:00,261.8800048828125,265.2900085449219,261.8299865722656,262.7699890136719,261.8028869628906,46695900,0.0,0.0,0.002021035212009581
2025-10-22 00:00:00-04:00,262.6499938964844,262.8500061035156,255.42999267578125,258.45001220703125,257.4988098144531,45015300,0.0,0.0,-0.016440143950924413
2025-10-23 00:00:00-04:00,259.94000244140625,260.6199951171875,258.010009765625,259.5799865722656,258.6246032714844,32754900,0.0,0.0,0.004372033633252448
2025-10-24 00:00:00-04:00,261.19000244140625,264.1300048828125,259.17999267578125,262.82000732421875,261.85272216796875,38253700,0.0,0.0,0.012481870849293308
2025-10-27 00:00:00-04:00,264.8800048828125,269.1199951171875,264.6499938964844,268.80999755859375,267.8206787109375,44888200,0.0,0.0,0.022791271725411066
2025-10-28 00:00:00-04:00,268.989990234375,269.8900146484375,268.1499938964844,269.0,268.00994873046875,41534800,0.0,0.0,0.0007067042785577904
2025-10-29 00:00:00-04:00,269.2799987792969,271.4100036621094,267.1099853515625,269.70001220703125,268.7074279785156,51086700,0.0,0.0,0.0026024378996032382
2025-10-30 00:00:00-04:00,271.989990234375,274.1400146484375,268.4800109863281,271.3999938964844,270.4011535644531,69886500,0.0,0.0,0.006303233217925586
2025-10-31 00:00:00-04:00,276.989990234375,277.32000732421875,269.1600036621094,270.3699951171875,269.37493896484375,86167100,0.0,0.0,-0.0037951561451632365
2025-11-03 00:00:00-05:00,270.4200134277344,270.8500061035156,266.25,269.04998779296875,268.0597839355469,50194600,0.0,0.0,-0.0048822471546564605
2025-11-04 00:00:00-05:00,268.3299865722656,271.489990234375,267.6199951171875,270.0400085449219,269.0461730957031,49274800,0.0,0.0,0.0036797357129609853
2025-11-05 00:00:00-05:00,268.6099853515625,271.70001220703125,266.92999267578125,270.1400146484375,269.14581298828125,43683100,0.0,0.0,0.00037034495392229694
2025-11-06 00:00:00-05:00,267.8900146484375,273.3999938964844,267.8900146484375,269.7699890136719,268.7771301269531,51204000,0.0,0.0,-0.0013698257358518706
2025-11-07 00:00:00-05:00,269.79998779296875,272.2900085449219,266.7699890136719,268.4700012207031,267.48193359375,48227400,0.0,0.0,-0.004818849477972176
2025-11-10 00:00:00-05:00,268.9599914550781,273.7300109863281,267.4599914550781,269.42999267578125,268.6985778808594,41312400,0.26,0.0,0.004548510139593898
2025-11-11 00:00:00-05:00,269.80999755859375,275.9100036621094,269.79998779296875,275.25,274.5028076171875,46208300,0.0,0.0,0.021601267048394046
2025-11-12 00:00:00-05:00,275.0,275.7300109863281,271.70001220703125,273.4700012207031,272.7276611328125,48398000,0.0,0.0,-0.006466769865795197
2025-11-13 00:00:00-05:00,274.1099853515625,276.70001220703125,272.0899963378906,272.95001220703125,272.2090759277344,49602800,0.0,0.0,-0.0019014763772919885
2025-11-14 00:00:00-05:00,271.04998779296875,275.9599914550781,269.6000061035156,272.4100036621094,271.6705322265625,47431300,0.0,0.0,-0.0019784193430598673
2025-11-17 00:00:00-05:00,268.82000732421875,270.489990234375,265.7300109863281,267.4599914550781,266.7339782714844,45018300,0.0,0.0,-0.018171105694162026
2025-11-18 00:00:00-05:00,269.989990234375,270.7099914550781,265.32000732421875,267.44000244140625,266.7139892578125,45677300,0.0,0.0,-7.493988505480331e-05
2025-11-19 00:00:00-05:00,265.5299987792969,272.2099914550781,265.5,268.55999755859375,267.83099365234375,40424500,0.0,0.0,0.004188023274068087
2025-11-20 00:00:00-05:00,270.8299865722656,275.42999267578125,265.9200134277344,266.25,265.5272521972656,45823600,0.0,0.0,-0.008601474473370674
2025-11-21 00:00:00-05:00,265.95001220703125,273.3299865722656,265.6700134277344,271.489990234375,270.75299072265625,59030800,0.0,0.0,0.01968061086817685
2025-11-24 00:00:00-05:00,270.8999938964844,277.0,270.8999938964844,275.9200134277344,275.1710205078125,65585800,0.0,0.0,0.016317565960635383
2025-11-25 00:00:00-05:00,275.2699890136719,280.3800048828125,275.25,276.9700012207031,276.2181396484375,46914200,0.0,0.0,0.0038053394528705375
2025-11-26 00:00:00-05:00,276.9599914550781,279.5299987792969,276.6300048828125,277.54998779296875,276.79656982421875,33431400,0.0,0.0,0.002094106406326013
2025-11-28 00:00:00-05:00,277.260009765625,279.0,275.989990234375,278.8500061035156,278.0930480957031,20135600,0.0,0.0,0.00468386682792965
2025-12-01 00:00:00-05:00,278.010009765625,283.4200134277344,276.1400146484375,283.1000061035156,282.33148193359375,46587700,0.0,0.0,0.01524106361850519
2025-12-02 00:00:00-05:00,283.0,287.3999938964844,282.6300048828125,286.19000244140625,285.4131164550781,53669500,0.0,0.0,0.010914951816139329
2025-12-03 00:00:00-05:00,286.20001220703125,288.6199951171875,283.29998779296875,284.1499938964844,283.378662109375,43538700,0.0,0.0,-0.007128103890149506
2025-12-04 00:00:00-05:00,284.1000061035156,284.7300109863281,278.5899963378906,280.70001220703125,279.93804931640625,43989100,0.0,0.0,-0.012141396841095942
2025-12-05 00:00:00-05:00,280.5400085449219,281.1400146484375,278.04998779296875,278.7799987792969,278.0232238769531,47265800,0.0,0.0,-0.00684017568933204
2025-12-08 00:00:00-05:00,278.1300048828125,279.6700134277344,276.1499938964844,277.8900146484375,277.1356506347656,38211800,0.0,0.0,-0.003192442810390217
2025-12-09 00:00:00-05:00,278.1600036621094,280.0299987792969,276.9200134277344,277.17999267578125,276.42755126953125,32193300,0.0,0.0,-0.0025550641485947434
2025-12-10 00:00:00-05:00,277.75,279.75,276.44000244140625,278.7799987792969,278.0232238769531,33038300,0.0,0.0,0.005772480348263054
2025-12-11 00:00:00-05:00,279.1000061035156,279.5899963378906,273.80999755859375,278.0299987792969,277.2752380371094,33248000,0.0,0.0,-0.002690371794892954
2025-12-12 00:00:00-05:00,277.8999938964844,279.2200012207031,276.82000732421875,278.2799987792969,277.52459716796875,39532900,0.0,0.0,0.0008993198694000615
2025-12-15 00:00:00-05:00,280.1499938964844,280.1499938964844,272.8399963378906,274.1099853515625,273.3658752441406,50409100,0.0,0.0,-0.014985057058964357
2025-12-16 00:00:00-05:00,272.82000732421875,275.5,271.7900085449219,274.6099853515625,273.8645324707031,37648600,0.0,0.0,0.0018241385327160131
2025-12-17 00:00:00-05:00,275.010009765625,276.1600036621094,271.6400146484375,271.8399963378906,271.1020812988281,50138700,0.0,0.0,-0.010086925630541477
2025-12-18 00:00:00-05:00,273.6099853515625,273.6300048828125,266.95001220703125,272.19000244140625,271.45111083984375,51630700,0.0,0.0,0.0012874469253185694
2025-12-19 00:00:00-05:00,272.1499938964844,274.6000061035156,269.8999938964844,273.6700134277344,272.9271545410156,144632000,0.0,0.0,0.005437604202852997
2025-12-22 00:00:00-05:00,272.8599853515625,273.8800048828125,270.510009765625,270.9700012207031,270.23443603515625,36571800,0.0,0.0,-0.009866070345355471
2025-12-23 00:00:00-05:00,270.8399963378906,272.5,269.55999755859375,272.3599853515625,271.62066650390625,29642000,0.0,0.0,0.005129732868573544
2025-12-24 00:00:00-05:00,272.3399963378906,275.42999267578125,272.20001220703125,273.80999755859375,273.06671142578125,17910600,0.0,0.0,0.005323766193815027
2025-12-26 00:00:00-05:00,274.1600036621094,275.3699951171875,272.8599853515625,273.3999938964844,272.6578369140625,21521800,0.0,0.0,-0.0014973429371301084
2025-12-29 00:00:00-05:00,272.69000244140625,274.3599853515625,272.3500061035156,273.760009765625,273.0168762207031,23715200,0.0,0.0,0.0013168127155420706
2025-12-30 00:00:00-05:00,272.80999755859375,274.0799865722656,272.2799987792969,273.0799865722656,272.33868408203125,22139600,0.0,0.0,-0.0024840667289872664
2025-12-31 00:00:00-05:00,273.05999755859375,273.67999267578125,271.75,271.8599853515625,271.12200927734375,27293600,0.0,0.0,-0.004467506365423368
